跨太平洋伙伴协议	上层
税则	上层
经营权	上层
不平等条约	上层
法案	上层
管理权	上层
禁忌	上层
狭隘民族主义	上层
发明权	上层
一家之言	上层
法例	上层
股份制	上层
纪纲	上层
审美观	上层
中华人民共和国国旗法	上层
唯心论	上层
攻守同盟	上层
盲动主义	上层
拜金主义	上层
迷信	上层
伪证罪	上层
心迹	上层
修正案	上层
初步协议	上层
思维	上层
观念形态	上层
内阁制	上层
租赁制	上层
基本思路	上层
公用权	上层
革命英雄主义	上层
地方主义	上层
自我主义	上层
决定论	上层
传统观念	上层
十六进制	上层
授权协议	上层
宏旨	上层
民商法	上层
禁律	上层
密约	上层
分离主义	上层
越狱罪	上层
心裁	上层
学分制	上层
门户之见	上层
死缓	上层
三自一包	上层
贸易议定书	上层
著作权法	上层
负责制	上层
包身契	上层
二进制	上层
义务	上层
经销权	上层
法令	上层
减色法	上层
中华人民共和国领事特权与豁免条例	上层
工会法	上层
家长制	上层
目光	上层
楷则	上层
算法	上层
宗派主义	上层
公约	上层
体育法	上层
财产法	上层
中华人民共和国戒严法	上层
广场协议	上层
思想意识	上层
浪漫主义	上层
教条	上层
比较成本论	上层
比较利益论	上层
改良主义	上层
通条	上层
禁例	上层
领事协定	上层
法理	上层
教条主义	上层
条贯	上层
气候协议	上层
纪律	上层
灵机	上层
专利法	上层
三光政策	上层
唯名论	上层
自我陶醉	上层
条款	上层
思路	上层
权益	上层
出版法	上层
杜鲁门主义	上层
兵役制	上层
清规	上层
分裂主义	上层
谬误	上层
保护法	上层
审计权	上层
通奸罪	上层
市制	上层
佛法	上层
重商主义	上层
反射定律	上层
构想	上层
民主主义	上层
婚姻法	上层
调节税	上层
金衡	上层
唯物主义	上层
原教旨主义	上层
个体主义	上层
绝对成本论	上层
派性	上层
逮捕权	上层
教义	上层
协议书	上层
新针疗法	上层
军民联防	上层
厂规	上层
谬论	上层
渎职罪	上层
左倾机会主义	上层
诉讼法	上层
弘旨	上层
减法	上层
未来主义	上层
无神论	上层
简则	上层
大略	上层
奴隶制度	上层
主义	上层
法纪	上层
脑后	上层
句法	上层
超保护贸易政策	上层
无政府主义	上层
晨钟暮鼓	上层
逮捕令	上层
生物学主义	上层
私法	上层
定例	上层
唯我主义	上层
执政理念	上层
商标法	上层
拜火教	上层
条例	上层
唯物辩证法	上层
发展观	上层
邪教	上层
思	上层
包干制	上层
思想	上层
公司法	上层
强健主义	上层
构思	上层
社会主义现实主义	上层
原理	上层
为期一年的租约	上层
成约	上层
命题	上层
发言权	上层
陪审制	上层
九归	上层
商约	上层
代议制	上层
一大二公	上层
民族分裂主义	上层
修正主义	上层
商务条约	上层
仁政	上层
三一律	上层
合同法	上层
和平主义	上层
民法	上层
思绪	上层
不成文法	上层
赫克歇尔俄林定理	上层
承包制	上层
条令	上层
全面禁止核武器试验条约	上层
进步主义	上层
实用主义	上层
城下之盟	上层
右倾机会主义	上层
经济法	上层
抽象概念	上层
党纲	上层
绞刑	上层
版权法	上层
三纲五常	上层
形制	上层
劳动法	上层
协议	上层
成例	上层
刑罚	上层
禀赋资源说	上层
草案	上层
自然法	上层
校规	上层
军制	上层
队章	上层
中华人民共和国国徽法	上层
军衔制	上层
国标	上层
十进制	上层
军法	上层
人类中心主义	上层
实证主义	上层
保甲	上层
溺婴罪	上层
税法	上层
按劳取酬	上层
诈骗罪	上层
军纪	上层
民族主义	上层
校纪	上层
邪说	上层
奴隶制	上层
门罗主义	上层
完美主义	上层
聘任制	上层
御旨	上层
新政	上层
戒规	上层
审判权	上层
商业法	上层
民法通则	上层
集体主义精神	上层
戒严法	上层
骗术	上层
未来派	上层
风纪	上层
代理制	上层
加减法	上层
责任书	上层
编制	上层
冒险主义	上层
经验主义	上层
国家标准	上层
劳工法	上层
死契	上层
三从四德	上层
郡县制	上层
个人主义	上层
投降主义	上层
商品综合方案	上层
通商航海条约	上层
雇用合同	上层
法典	上层
务实精神	上层
复仇主义	上层
中立主义	上层
航空公约	上层
道	上层
转包合同	上层
歪理	上层
客观主义	上层
港口税	上层
科学发展观	上层
独身主义	上层
融合论	上层
卖身契	上层
护照法	上层
心曲	上层
任免权	上层
全日制	上层
律令	上层
历法	上层
党委制	上层
母权制	上层
谬议	上层
金本位制	上层
理性主义	上层
特别法	上层
权宜之计	上层
界外球	上层
礼法	上层
社会沙文主义	上层
单式编制	上层
陋规	上层
价值规律	上层
观	上层
别洛韦日协定	上层
拜物教	上层
军事管制	上层
军规	上层
选举法	上层
观念	上层
土政策	上层
主旋律	上层
定规	上层
继承法	上层
通商条约	上层
忧思	上层
旧例	上层
清规戒律	上层
初夜权	上层
革命浪漫主义	上层
刑法	上层
绅士协定	上层
行政法	上层
明令	上层
戒条	上层
工联主义	上层
国家至上	上层
折衷主义	上层
猥亵罪	上层
拜物主义	上层
重婚罪	上层
条规	上层
思惟	上层
印象主义	上层
大政方针	上层
圭臬	上层
草约	上层
君子协定	上层
检字法	上层
誓约	上层
保护价	上层
判别式	上层
怀疑论	上层
成法	上层
极端主义	上层
国家主义	上层
玄理	上层
不易之论	上层
无为而治	上层
九二共识	上层
唯心主义	上层
同盟条约	上层
沙文主义	上层
一平二调	上层
废奴主义	上层
革新论	上层
单边主义	上层
概念	上层
戒严令	上层
草签	上层
绥靖主义	上层
现实主义	上层
征兵法	上层
担保法	上层
金兰之契	上层
中华人民共和国国籍法	上层
同一律	上层
心机	上层
决定权	上层
总协定	上层
异端邪说	上层
主观主义	上层
集体观念	上层
婚约	上层
古典主义	上层
结构主义	上层
海洋法	上层
爱国主义	上层
租约	上层
原判	上层
唯物论	上层
棋路	上层
家法	上层
募兵制	上层
玄机	上层
拟人论	上层
绝对利益论	上层
土地法	上层
群体主义	上层
激进主义	上层
国际版权公约	上层
逻辑思维	上层
极权主义	上层
自然发生说	上层
法则	上层
绳墨	上层
机会主义	上层
儒术	上层
艺术思维	上层
任命权	上层
水污染防治法	上层
票据法	上层
条文	上层
立意	上层
组织法	上层
超自然主义	上层
伪造罪	上层
一中各表	上层
成议	上层
自由贸易主义	上层
国际主义	上层
关门主义	上层
谬说	上层
军国主义	上层
和平协议	上层
反犹太主义	上层
己见	上层
抽象思维	上层
邮政法	上层
不抵抗主义	上层
革命现实主义	上层
反律法主义	上层
森林法	上层
土法	上层
通则	上层
市用制	上层
乡规民约	上层
分配律	上层
井田制	上层
谬见	上层
利己主义	上层
币制	上层
戒律	上层
客观唯心主义	上层
叛国罪	上层
司法	上层
法度	上层
地域分工论	上层
枯肠	上层
禁令	上层
本位主义	上层
产销合同	上层
家规	上层
谬种	上层
中华人民共和国外交特权与豁免条例	上层
蘑菇战术	上层
盟约	上层
唯美主义	上层
孤立主义	上层
商业理论	上层
协约	上层
意识形态	上层
保险法	上层
议会制	上层
内务条例	上层
守则	上层
工商税	上层
地方观念	上层
平均主义	上层
党纪国法	上层
大法	上层
左道旁门	上层
比较生产费用论	上层
工会主义	上层
加法	上层
和约	上层
活契	上层
移民法	上层
旧制	上层
兵役法	上层
生物恐怖主义	上层
金本位	上层
享乐主义	上层
双边贸易协定	上层
思想体系	上层
党纪	上层
旁门左道	上层
王法	上层
帝制	上层
自然主义	上层
革命人道主义	上层
君主制	上层
聘用制	上层
大典	上层
协定	上层
天条	上层
一国两制	上层
欧姆定律	上层
功能主义	上层
贸易保护主义	上层
中外合资	上层
教规	上层
治安管理条例	上层
建制	上层
一年的租约	上层
非披露协议	上层
关税壁垒	上层
机杼	上层
形象思维	上层
理念	上层
二部制	上层
个人所得税法	上层
恐怖主义	上层
集体主义	上层
货币主义	上层
马关条约	上层
仲裁书	上层
党章	上层
包乘制	上层
体统	上层
集中制	上层
形式主义	上层
国籍法	上层
天赋论	上层
路规	上层
民族自我中心主义	上层
保守主义	上层
班规	上层
犹太复国运动	上层
劳动保险	上层
程序法	上层
大气污染防治法	上层
新法	上层
精英主义	上层
条约	上层
自我中心	上层
表现主义	上层
多快好省	上层
例规	上层
二进位	上层
陈规陋习	上层
心事	上层
