钟鼎文	作品
借约	作品
漫画	作品
收条	作品
战争论	作品
通讯网	作品
单行本	作品
寓言	作品
异文	作品
花花公子	作品
大样	作品
配料表	作品
废票	作品
圣诞卡	作品
广告画	作品
稗官野史	作品
简报	作品
年刊	作品
绰号	作品
插画	作品
揭帖	作品
双周刊	作品
读物	作品
图解词典	作品
纪录	作品
配方	作品
路条	作品
名册	作品
门联	作品
药方	作品
刊误表	作品
委托书	作品
鸿篇巨制	作品
词话	作品
区别词	作品
见票即付票据	作品
书信体	作品
手谕	作品
契约	作品
纪念邮票	作品
辞海	作品
滇剧	作品
机场小说	作品
摘要	作品
奏章	作品
回帖	作品
诗书	作品
句典	作品
祖本	作品
三字经	作品
中国字	作品
纪录片	作品
诊断书	作品
军字号	作品
旧约全书	作品
语料	作品
汇单	作品
卷宗	作品
欧体	作品
笔记	作品
剪纸	作品
山歌	作品
书后	作品
剧本	作品
底版	作品
准生证	作品
注脚	作品
购买证	作品
底片	作品
瓷板画	作品
翻译	作品
晚报	作品
照片	作品
寿联	作品
琼剧	作品
题名	作品
交通图	作品
源程序	作品
引语	作品
绝唱	作品
喜剧片	作品
登记卡	作品
地契	作品
武打片	作品
绝响	作品
西画	作品
鼓词	作品
校样	作品
离婚证	作品
补白	作品
画页	作品
八行书	作品
退休金发放证明	作品
导游图	作品
扬剧	作品
等温线	作品
票根	作品
意向书	作品
悲歌	作品
地质图	作品
药单	作品
人民日报	作品
碑文	作品
年报	作品
旧历	作品
后视图	作品
三国演义	作品
札记	作品
写真	作品
税单	作品
莲花落	作品
进行曲	作品
万年历	作品
卡通画	作品
设计图	作品
水彩画	作品
文戏	作品
维基词典	作品
油画	作品
阴阳历	作品
运费单	作品
当票	作品
二十五史	作品
周期表	作品
绕口令	作品
交货单	作品
主题歌	作品
水浒	作品
别称	作品
遗诏	作品
上款	作品
续编	作品
马赛曲	作品
图书	作品
注疏	作品
提要	作品
直角坐标	作品
翻版	作品
保健操	作品
选材	作品
估价单	作品
板报	作品
古语词	作品
订货单	作品
声谱	作品
自白书	作品
挂历	作品
付款凭证	作品
作品	作品
月刊	作品
维文	作品
车条	作品
插图本	作品
神位	作品
曲剧	作品
命令名	作品
单据	作品
新闻稿	作品
丑剧	作品
遗墨	作品
木字旁	作品
周刊	作品
金元	作品
底稿	作品
书函	作品
聊斋志异	作品
立体电影	作品
家信	作品
知识库	作品
血泪史	作品
聘请书	作品
日程表	作品
老黄历	作品
五言诗	作品
样片	作品
原本	作品
街头诗	作品
竹帘画	作品
宣言	作品
简谱	作品
书简	作品
秘籍	作品
民乐	作品
青年报	作品
侦探小说	作品
图谱	作品
行列式	作品
新诗	作品
包票	作品
史记	作品
悼词	作品
本戏	作品
诗文	作品
瓷雕	作品
剪报	作品
讣告	作品
红皮书	作品
六艺	作品
西游记	作品
梨园戏	作品
祝酒歌	作品
散文	作品
南华早报	作品
原作	作品
题跋	作品
神品	作品
检验证	作品
细目	作品
戏目	作品
题字	作品
乐歌	作品
邀请函	作品
节本	作品
小样	作品
七律	作品
史料	作品
古体诗	作品
即兴之作	作品
院本	作品
凶杀小说	作品
幽默画	作品
回旋曲	作品
图表	作品
批注	作品
剪影	作品
琴书	作品
讲题	作品
议案	作品
报刊	作品
医典	作品
一步舞	作品
收文	作品
印花	作品
样稿	作品
引文	作品
广播	作品
赞美诗	作品
系列剧	作品
当期	作品
拙笔	作品
原文	作品
时刻表	作品
炭画	作品
存单	作品
贺联	作品
百科	作品
鸿篇	作品
旧诗	作品
藏戏	作品
摇滚	作品
鼓书	作品
例题	作品
在家待业证明	作品
日报	作品
试样	作品
呈子	作品
现代汉语词典	作品
妙品	作品
简史	作品
家庭困难情况证明	作品
公函	作品
谜语	作品
暂住证	作品
丛谈	作品
付方	作品
国际私法	作品
校刊	作品
玉雕	作品
百科全书	作品
二簧	作品
冰灯	作品
汇票	作品
排名表	作品
古方	作品
备忘录	作品
经典	作品
字贴	作品
今古奇闻	作品
肖像画	作品
平面图	作品
话本	作品
信	作品
等高线	作品
写本	作品
提案	作品
铭刻	作品
字帖	作品
合家欢	作品
八卦阵	作品
即景	作品
节目表	作品
是非题	作品
薪水支票	作品
专辑	作品
生字表	作品
拳法	作品
字母	作品
词牌	作品
保险单	作品
元语言	作品
绿卡	作品
县志	作品
代表作	作品
黑陶	作品
娱乐片	作品
团员证	作品
地图	作品
文本文件	作品
截面图	作品
景泰蓝	作品
逮捕证	作品
摹刻	作品
帛画	作品
南方都市报	作品
集子	作品
吕剧	作品
计划生育服务证	作品
提词用剧本	作品
注文	作品
要目	作品
名著	作品
漆雕	作品
中国画	作品
最后通牒	作品
诗歌	作品
领事签证发票	作品
请电	作品
讲稿	作品
撰述	作品
数据链	作品
赞美歌	作品
摘记	作品
定场诗	作品
新闻片	作品
名物	作品
曲调	作品
念白	作品
英译本	作品
木偶戏	作品
单子	作品
相片	作品
黑板报	作品
乐舞	作品
鼓子词	作品
密码信	作品
登记表	作品
商品房预售许可证	作品
大片	作品
宣传画	作品
乐章	作品
汇编程序	作品
花	作品
凭单	作品
悲喜剧	作品
港澳通行证	作品
壁挂	作品
出世作	作品
复本	作品
即兴诗	作品
电子字典	作品
音读	作品
特约稿	作品
歌舞剧	作品
电子出版物	作品
金瓶梅	作品
泥胎	作品
钢印	作品
底子	作品
程式	作品
童谣	作品
电讯稿	作品
书物	作品
判决书	作品
参观券	作品
案由	作品
童话	作品
书法	作品
议论文	作品
索引	作品
韵文	作品
十八罗汉	作品
朱批	作品
雕花	作品
状子	作品
挽诗	作品
散记	作品
协议	作品
美术字	作品
契据	作品
简记	作品
阴文	作品
妙句	作品
船夫曲	作品
伯杰氏系统细菌学手册	作品
旧约	作品
词表	作品
手记	作品
至理名言	作品
讽喻	作品
通讯	作品
经传	作品
例言	作品
歌曲集	作品
绝笔	作品
闹剧	作品
请愿书	作品
吹腔	作品
丛刻	作品
小人儿书	作品
抄本	作品
文明戏	作品
字符集	作品
奏折	作品
调解书	作品
曲线图	作品
正面图	作品
偏方	作品
巨制	作品
电子图书	作品
形旁	作品
辞源	作品
主视图	作品
团体票	作品
影集	作品
航空信	作品
图录	作品
叙文	作品
查理周刊	作品
行状	作品
毛样	作品
影印件	作品
材积表	作品
电教片	作品
小注	作品
成语辞典	作品
例文	作品
人像	作品
孙子兵法	作品
期刊	作品
小曲	作品
广东音乐	作品
子书	作品
表报	作品
广告	作品
要件	作品
蓝本	作品
专著	作品
官样文章	作品
咏物诗	作品
胸章	作品
书名	作品
词调	作品
登记簿	作品
慰问信	作品
贵报	作品
地形图	作品
土偶	作品
取款单	作品
摇篮曲	作品
边防证	作品
评论	作品
锡剧	作品
通史	作品
讼词	作品
旅行证	作品
参考书	作品
租约	作品
本报	作品
段子	作品
起诉书	作品
长短句	作品
图册	作品
日历表	作品
教师资格证	作品
靡靡之音	作品
作业题	作品
全文	作品
伯杰氏鉴定细菌学手册	作品
重印本	作品
夏时制	作品
印刷物	作品
琴谱	作品
提货单	作品
哑谜	作品
前言	作品
古籍	作品
编年史	作品
芭蕾舞	作品
宗教画	作品
叙事曲	作品
书稿	作品
遗作	作品
四体书	作品
词藻	作品
小报	作品
新闻公报	作品
手本	作品
银行汇票	作品
俗语	作品
雄文	作品
直方图	作品
字	作品
诗句	作品
协约	作品
喜报	作品
验货单	作品
楚歌	作品
应战书	作品
拓片	作品
建设用地规划许可证	作品
简体字	作品
支票	作品
迪斯科	作品
视力表	作品
引得	作品
病假条	作品
迎宾曲	作品
社论	作品
大字报	作品
侦探片	作品
土地使用证	作品
大百科	作品
画	作品
启示录	作品
通讯录	作品
刻本	作品
离骚	作品
略图	作品
陈述句	作品
催眠曲	作品
附图	作品
笔迹	作品
大字	作品
野史	作品
日志	作品
等深线	作品
冰雕	作品
契文	作品
评注	作品
笑话	作品
根本法	作品
曲	作品
提单	作品
圆舞曲	作品
协议书	作品
寸楷	作品
字符串	作品
操典	作品
坐像	作品
命令字	作品
挽辞	作品
借据	作品
单弦	作品
快照	作品
学报	作品
课表	作品
磨漆画	作品
搜查证	作品
支票簿	作品
源语言	作品
口袋书	作品
清册	作品
薪金支票	作品
叙事诗	作品
应用题	作品
收文簿	作品
要图	作品
水印	作品
正本	作品
标准集	作品
存款簿	作品
执业资格证	作品
糖人	作品
丛刊	作品
梆子	作品
把戏	作品
续集	作品
简编	作品
党刊	作品
朱文	作品
石像	作品
副刊	作品
全书	作品
祷文	作品
广播剧	作品
邮政汇票	作品
结婚照	作品
戏曲	作品
半身像	作品
简帖	作品
画选	作品
增刊	作品
词条	作品
欠据	作品
丹方	作品
标题音乐	作品
戏剧影视作品	作品
时文	作品
译丛	作品
昆腔	作品
版面	作品
算草	作品
农谚	作品
创刊词	作品
作业	作品
欠条	作品
竹黄	作品
工资支票	作品
诗选	作品
西厢记	作品
小九九	作品
游记	作品
旧体诗	作品
匿名信	作品
小说	作品
通知书	作品
阳历	作品
墨宝	作品
平面版本报纸	作品
建筑工 程施工许可证	作品
饭票	作品
彩色片	作品
木刻画	作品
邀请书	作品
地方报纸	作品
电路图	作品
药典	作品
彩釉陶	作品
数据表	作品
戏文	作品
回函	作品
赠阅图书	作品
记录	作品
泥俑	作品
评戏	作品
方块图	作品
系列片	作品
儿童剧	作品
画报	作品
信件	作品
选本	作品
柳叶刀	作品
偏锋	作品
西洋画	作品
土地证	作品
汉语拼音	作品
辞典	作品
字谜	作品
明细表	作品
式子	作品
原稿	作品
平装本	作品
倡议书	作品
定单	作品
土风舞	作品
集锦	作品
画帖	作品
微雕	作品
结构图	作品
二黄	作品
书本	作品
曲目	作品
座位表	作品
开篇	作品
季刊	作品
龙虎榜	作品
檄书	作品
资治通鉴	作品
抒情诗	作品
房屋所有权证	作品
档案	作品
儿童片	作品
引子	作品
协奏曲	作品
传略	作品
集刊	作品
木雕泥塑	作品
专题片	作品
歌谱	作品
周报	作品
伴音	作品
希腊神话	作品
就业证	作品
絮语	作品
广播稿	作品
在线大百科全书	作品
招贴画	作品
类书	作品
顶视图	作品
连续剧	作品
北京青年报	作品
条幅	作品
平装书	作品
小照	作品
桂剧	作品
话剧	作品
崖壁画	作品
命题	作品
胸像	作品
选	作品
改写本	作品
近代史	作品
经书	作品
后记	作品
字据	作品
节目	作品
论语	作品
海外版	作品
绣像	作品
剖视图	作品
谕旨	作品
专论	作品
公开信	作品
日记账	作品
快书	作品
丛集	作品
俯视图	作品
谢帖	作品
节录	作品
奏疏	作品
检验单	作品
论文	作品
雕刻	作品
书	作品
教科书	作品
选民证	作品
私信	作品
囚歌	作品
图纸	作品
陈词滥调	作品
征文	作品
道白	作品
著作	作品
字画	作品
户口册	作品
上集	作品
中路梆子	作品
墨笔画	作品
电话本	作品
电影	作品
上联	作品
潮剧	作品
木雕	作品
词韵	作品
古诗	作品
小夜曲	作品
课文	作品
彝剧	作品
拟作	作品
小小说	作品
基础百科	作品
急就章	作品
纪事	作品
碑刻	作品
字幅	作品
教材	作品
周末版	作品
江淮戏	作品
白话诗	作品
律诗	作品
序时账	作品
说明书	作品
白条	作品
狂草	作品
片头	作品
报表	作品
插图	作品
石鼓文	作品
秦腔	作品
白话文	作品
墓表	作品
圣经	作品
南方周末	作品
彩票	作品
星历表	作品
统计表	作品
金刚经	作品
牧歌	作品
电子游戏	作品
警句	作品
来件	作品
祝酒辞	作品
文章	作品
七星拳	作品
借书单	作品
大篆	作品
遗照	作品
电子词典	作品
笈	作品
名片	作品
补遗	作品
收据簿	作品
借条	作品
思考题	作品
长拳	作品
房产证	作品
七言诗	作品
草稿	作品
惊险片	作品
过期杂志	作品
国内报刊	作品
商报	作品
湘绣	作品
帐单	作品
心电图	作品
行程表	作品
本刊	作品
刊物	作品
总则	作品
戏本子	作品
杂说	作品
工具书	作品
调调	作品
文饰	作品
电影剧本	作品
欠单	作品
地方戏	作品
逮捕令	作品
借书证	作品
国际公法	作品
体检表	作品
清唱剧	作品
行情表	作品
唱腔	作品
明线光谱	作品
跋文	作品
初版	作品
同学录	作品
电影票	作品
藏书	作品
纸鸢	作品
报导	作品
壁报	作品
诗词	作品
经籍	作品
应景诗	作品
三藏	作品
水墨画	作品
绝句	作品
袖珍本	作品
户口簿	作品
字符	作品
地图册	作品
慢件	作品
正书	作品
早期白话	作品
课本	作品
板书	作品
史诗	作品
决议案	作品
谱儿	作品
金卡	作品
信据	作品
画面	作品
名句	作品
画轴	作品
首日封	作品
四六体	作品
银行结单	作品
谱表	作品
八股文	作品
刊头	作品
收支簿	作品
快板	作品
百家姓	作品
墙报	作品
定本	作品
交谊舞	作品
房帖	作品
青史	作品
壁画	作品
新作	作品
战报	作品
画稿	作品
授权证	作品
底册	作品
馆际互借图书	作品
纪念册	作品
税票	作品
脱衣舞	作品
唱段	作品
安魂曲	作品
法帖	作品
修订版	作品
棋谱	作品
铜像	作品
译著	作品
声明书	作品
绢本	作品
情书	作品
申报单	作品
凭照	作品
定律	作品
文学语言	作品
拳谱	作品
慰问电	作品
喜联	作品
译注	作品
习题集	作品
彩绘	作品
党报	作品
考勤簿	作品
上下文	作品
卧铺票	作品
稗记	作品
颂词	作品
组曲	作品
附件	作品
五线谱	作品
购货券	作品
雕刻品	作品
简图	作品
失业证	作品
风俗画	作品
逆序词典	作品
标题	作品
挽联	作品
平假名	作品
通票	作品
抄件	作品
字母表	作品
衍文	作品
序言	作品
神像	作品
稿约	作品
春联	作品
前后文	作品
精装本	作品
记载	作品
回信	作品
白骨精	作品
公告	作品
卷子	作品
隔音符号	作品
宝典	作品
底本	作品
拓本	作品
清单	作品
新约全书	作品
恋歌	作品
文集	作品
六经	作品
特刊	作品
免票	作品
花插	作品
册页	作品
快信	作品
选段	作品
天气图	作品
典章	作品
情歌	作品
电子论	作品
机关报	作品
脚注	作品
剪贴	作品
煞尾	作品
当地报纸	作品
散曲	作品
新约	作品
影戏	作品
黑帖	作品
公证书	作品
歌剧	作品
草图	作品
名画	作品
谱子	作品
保票	作品
陇剧	作品
历书	作品
力作	作品
增订本	作品
武侠小说	作品
头版	作品
竹板书	作品
教程	作品
木炭画	作品
白卷	作品
歌单	作品
普及本	作品
出版物	作品
专利	作品
判断句	作品
国画	作品
图片	作品
挂图	作品
验方	作品
符咒	作品
集体舞	作品
银行票据	作品
润笔	作品
缩印本	作品
立轴	作品
树皮画	作品
交际舞	作品
票据	作品
行述	作品
雕塑	作品
银行对账单	作品
笑剧	作品
艺术片	作品
风景画	作品
抬头	作品
表格	作品
报章	作品
逆命题	作品
丙烯画	作品
伏辩	作品
字书	作品
白皮书	作品
金榜	作品
急件	作品
批语	作品
论文集	作品
拙著	作品
存执	作品
俚歌	作品
桃符	作品
八仙	作品
艳诗	作品
读后感	作品
往返票	作品
选曲	作品
报	作品
日刊	作品
祝词	作品
戏单	作品
丹剧	作品
陶俑	作品
处方	作品
地方报	作品
独幕剧	作品
杂感	作品
剧	作品
土方	作品
保证书	作品
单语词典	作品
史册	作品
实录	作品
标语	作品
表解	作品
维基百科	作品
儿歌	作品
序文	作品
铜管乐	作品
故事会	作品
通论	作品
词典	作品
遗像	作品
社评	作品
附则	作品
目力表	作品
推理片	作品
选题	作品
蓝皮书	作品
优待券	作品
导报	作品
古乐	作品
导言	作品
函	作品
母语	作品
画册	作品
存根	作品
篆文	作品
维基百科全书	作品
村史	作品
副题	作品
开场戏	作品
等压线	作品
机关刊物	作品
探戈舞	作品
副本	作品
书报	作品
成名作	作品
卡通片	作品
书画	作品
太阴历	作品
八字步	作品
华盛顿邮报	作品
考卷	作品
公报	作品
节略	作品
西部片	作品
文选	作品
画屏	作品
相书	作品
名言	作品
铁画	作品
出生证	作品
快件	作品
遗文	作品
对账单	作品
门对	作品
领事签证	作品
田园诗	作品
瓷画	作品
文摘	作品
报纸	作品
易经	作品
稗史	作品
算术级数	作品
遗稿	作品
昆剧	作品
九九歌	作品
碑志	作品
歌子	作品
六合拳	作品
创刊号	作品
访谈录	作品
定场白	作品
布景	作品
酒令	作品
丹青	作品
登记证	作品
经营许可证	作品
杂志	作品
第一版	作品
驴皮影	作品
处女作	作品
古装戏	作品
黄皮书	作品
命令句	作品
手工	作品
贺词	作品
国际歌	作品
双语词典	作品
插曲	作品
文传	作品
渔歌	作品
简写本	作品
卷帙	作品
黑白片	作品
笔墨	作品
杂记	作品
卡通	作品
面塑	作品
密电	作品
教案	作品
发刊词	作品
正传	作品
三部曲	作品
四联单	作品
印刷品	作品
章回小说	作品
吉剧	作品
压轴子	作品
附识	作品
游仙诗	作品
选辑	作品
小字	作品
奏鸣曲	作品
古文字	作品
族谱	作品
无声片	作品
课程表	作品
凡响	作品
小百科全书	作品
印本	作品
古文	作品
室内乐	作品
章草	作品
未定稿	作品
二人转	作品
荣誉章	作品
牍	作品
投保单	作品
拉丁舞	作品
美术品	作品
精装书	作品
像片	作品
座票	作品
可兰经	作品
佛书	作品
提纲	作品
拼音	作品
准考证	作品
借契	作品
包裹单	作品
申请表	作品
剖面图	作品
眉批	作品
定货单	作品
会计从业资格证	作品
拷贝	作品
慰缭子	作品
论坛报	作品
来函	作品
兰谱	作品
诏书	作品
雪雕	作品
引言	作品
附录	作品
戏	作品
三联单	作品
套印本	作品
账单	作品
便览	作品
谢电	作品
语体文	作品
大全	作品
闲书	作品
上文	作品
梆子腔	作品
鉴定书	作品
断编残简	作品
通书	作品
申请书	作品
尾花	作品
序目	作品
译制片	作品
书山	作品
禁书	作品
歌曲	作品
学刊	作品
复制品	作品
文献	作品
信札	作品
发单	作品
卷	作品
旬报	作品
手册	作品
书录	作品
检字表	作品
国史	作品
自由诗	作品
虚文	作品
空目录	作品
摹印	作品
福音书	作品
自首书	作品
主题词	作品
地志	作品
肖像	作品
菜单	作品
大英百科全书	作品
细账	作品
一览	作品
俯角	作品
祁剧	作品
宝卷	作品
登机牌	作品
骈体	作品
相声	作品
佛经	作品
道藏	作品
节目单	作品
书刊	作品
言情片	作品
舞曲	作品
兵马俑	作品
唁函	作品
恐怖片	作品
问答题	作品
旧书	作品
北青报	作品
屏条	作品
赠本	作品
歌舞片	作品
通栏	作品
配画诗	作品
法律职业资格证	作品
贺信	作品
工资单	作品
名目	作品
发票	作品
记要	作品
题诗	作品
四部丛刊	作品
经文	作品
每日电讯报	作品
秧歌剧	作品
名录	作品
珍本	作品
保单	作品
释文	作品
模本	作品
年表	作品
榜文	作品
说明文	作品
目录	作品
翻译片	作品
华章	作品
双钩	作品
列传	作品
小说书	作品
淫书	作品
录像带	作品
范文	作品
宪法	作品
独舞	作品
失单	作品
导论	作品
书目	作品
血书	作品
条陈	作品
赠阅本	作品
文卷	作品
护照	作品
文本	作品
序曲	作品
版刻	作品
伦巴	作品
进化论	作品
摇摆舞	作品
承包单	作品
稿本	作品
精品	作品
红楼梦	作品
方位图	作品
传奇	作品
期票	作品
水粉画	作品
凭据	作品
贺辞	作品
五律	作品
回忆录	作品
辞书	作品
餐券	作品
佳作	作品
早报	作品
样书	作品
报告单	作品
参观票	作品
讣闻	作品
歇后语	作品
戏码	作品
正剧	作品
乐谱	作品
地下刊物	作品
语录	作品
剧评	作品
国有土地使用证	作品
里程表	作品
答卷	作品
大戏	作品
广东戏	作品
按语	作品
游览图	作品
片儿	作品
剧照	作品
悲剧	作品
之乎者也	作品
幻想曲	作品
下款	作品
明信片	作品
书评	作品
频谱	作品
影评	作品
检讨书	作品
发文	作品
剧作	作品
电视片	作品
徽调	作品
交响乐	作品
巨作	作品
收据	作品
资本论	作品
宣叙调	作品
状纸	作品
景片	作品
纬书	作品
发运单	作品
书影	作品
飞天	作品
评剧	作品
试用本	作品
书札	作品
笔画	作品
山水	作品
保付支票	作品
海报	作品
牙雕	作品
题花	作品
国书	作品
草底	作品
真迹	作品
答案	作品
出口申报单	作品
哀乐	作品
白文	作品
金字招牌	作品
典故	作品
略语辞典	作品
卷帙浩繁	作品
释藏	作品
评弹	作品
信用证	作品
窗花	作品
解放军报	作品
南周	作品
今日美国	作品
颂歌	作品
动画片	作品
宏图	作品
字典	作品
介绍信	作品
夹注	作品
决算书	作品
壮戏	作品
时间表	作品
练习曲	作品
花鸟画	作品
分析树	作品
空间图形	作品
纪传体	作品
门票	作品
史评	作品
别集	作品
玉照	作品
湿度表	作品
太极图	作品
礼帖	作品
保留剧目	作品
袖珍词典	作品
目录名	作品
片子	作品
华尔街日报	作品
法书	作品
印谱	作品
粤方言	作品
正误表	作品
条目	作品
注释	作品
漫笔	作品
乐曲	作品
请帖	作品
蜡果	作品
假面舞	作品
歌集	作品
信函	作品
调子	作品
著	作品
水浒传	作品
交响曲	作品
唁电	作品
篆刻	作品
留影	作品
拗口令	作品
文书	作品
诗篇	作品
导读	作品
京白	作品
随感	作品
辞章	作品
左传	作品
夏历	作品
表演唱	作品
刺绣品	作品
入台证	作品
伊索寓言	作品
基督教科学箴言报	作品
凯歌	作品
古字	作品
工艺品	作品
攻守同盟	作品
歌	作品
泥人	作品
通篇	作品
崖刻	作品
赠书	作品
场记	作品
石雕	作品
宋词	作品
近影	作品
神道碑	作品
无犯罪记录证明	作品
居留证	作品
连环画	作品
脚本	作品
应用文	作品
医书	作品
浮雕	作品
十三经	作品
记录片	作品
军令状	作品
歌本	作品
舞谱	作品
来信	作品
闹戏	作品
空头支票	作品
长篇小说	作品
片假名	作品
百科辞典	作品
秦篆	作品
图	作品
纪念刊	作品
辞藻	作品
演义	作品
校歌	作品
英文版	作品
低保证明	作品
夯歌	作品
照会	作品
舞俑	作品
人物画	作品
艺文	作品
报检员证	作品
布线图	作品
方志	作品
版画	作品
新实在论	作品
文库	作品
来回票	作品
商业票据	作品
资料	作品
时评	作品
线装本	作品
自画像	作品
手书	作品
总集	作品
老人健在证明	作品
算式	作品
功课表	作品
有声片	作品
天书	作品
影片	作品
全集	作品
晨报	作品
横批	作品
密件	作品
警语	作品
四书五经	作品
木偶剧	作品
孤本	作品
豫剧	作品
约据	作品
祝酒词	作品
铜牌	作品
主程序	作品
平信	作品
镶嵌画	作品
间奏曲	作品
方案	作品
聘书	作品
诸宫调	作品
请柬	作品
本草	作品
纪行	作品
哀辞	作品
布票	作品
系谱	作品
大轴子	作品
夜明珠	作品
回条	作品
残稿	作品
拙稿	作品
纸人	作品
战书	作品
左证	作品
扉画	作品
简答题	作品
民歌	作品
彩塑	作品
来书	作品
侧记	作品
题	作品
杂史	作品
戏本	作品
专业书	作品
山海经	作品
像	作品
讲义	作品
词曲	作品
对子	作品
普通话证书	作品
地名词典	作品
太阳历	作品
本本	作品
缀文	作品
行书	作品
检举信	作品
营业执照	作品
地图集	作品
典籍	作品
诗韵	作品
静物画	作品
进度表	作品
二人台	作品
采茶戏	作品
无名帖	作品
函电	作品
证明信	作品
艺术照	作品
音像	作品
道情	作品
篆字	作品
约法	作品
图画	作品
国际音标	作品
译文	作品
流行歌曲	作品
意见书	作品
盆景	作品
正视图	作品
地貌图	作品
长篇大论	作品
专刊	作品
今文	作品
畅销书	作品
备份	作品
团体照	作品
京剧	作品
定稿	作品
说明	作品
特集	作品
贺电	作品
实用文	作品
倒排词典	作品
油票	作品
原著	作品
绢画	作品
川剧	作品
岩画	作品
簿记	作品
序跋	作品
墓志铭	作品
蜡人	作品
偏旁	作品
小令	作品
无理式	作品
驾驶证	作品
诗集	作品
歌词	作品
另册	作品
时调	作品
半月刊	作品
史抄	作品
情诗	作品
开本	作品
款识	作品
面票	作品
画谱	作品
弘图	作品
石膏像	作品
风向图	作品
地层图	作品
华商报	作品
邓选	作品
墓志	作品
记叙文	作品
姊妹篇	作品
书册	作品
存款单	作品
帙	作品
兵操	作品
光明日报	作品
书籍	作品
残篇断简	作品
绪论	作品
正色片	作品
楚剧	作品
居住证	作品
影调剧	作品
报单	作品
图样	作品
音程	作品
笺注	作品
昆曲	作品
续篇	作品
外汇汇票	作品
常住居民居住证明	作品
成方	作品
史书	作品
卷轴	作品
担保书	作品
坐位表	作品
异端邪说	作品
赝品	作品
金圆券	作品
建设工程规划许可证	作品
近体诗	作品
花边新闻	作品
中线	作品
重头戏	作品
全家福	作品
简章	作品
安民告示	作品
唐三彩	作品
剪纸片	作品
吸收光谱	作品
根雕	作品
流程图	作品
四书	作品
版本	作品
大藏经	作品
小传	作品
西乐	作品
彩粉画	作品
简本	作品
租船契约	作品
草书	作品
栏	作品
音乐片	作品
透视图	作品
大公报	作品
竹枝词	作品
正片	作品
修订本	作品
通行证	作品
志愿书	作品
论说文	作品
身份证	作品
玉音	作品
字幕	作品
侧面图	作品
残本	作品
善本	作品
中央文件	作品
铅笔画	作品
兵符	作品
应急救护证	作品
二十四史	作品
诗剧	作品
同化政策	作品
立体片	作品
散文诗	作品
略表	作品
落款	作品
韵语	作品
壮歌	作品
手抄本	作品
素描	作品
画卷	作品
彩画	作品
压场戏	作品
断简残编	作品
非法出版物	作品
例句	作品
题词	作品
简况	作品
小册子	作品
掠影	作品
书单	作品
随笔	作品
戏票	作品
头像	作品
报价单	作品
图像	作品
恐吓信	作品
下联	作品
尺牍	作品
泥塑	作品
增补本	作品
交响诗	作品
清稿	作品
等值线	作品
腹稿	作品
木刻	作品
绒花	作品
决心书	作品
台历	作品
名单	作品
鸡毛信	作品
表达式	作品
断代史	作品
信史	作品
文汇报	作品
澡票	作品
协定	作品
存照	作品
子弟书	作品
词章	作品
招贴	作品
免验证	作品
评语	作品
委任状	作品
会刊	作品
总论	作品
人名册	作品
论著	作品
屈折语	作品
土戏	作品
小调	作品
附笔	作品
竹簧	作品
名作	作品
楹联	作品
计划	作品
科技辞典	作品
书海	作品
对白	作品
檄文	作品
秧歌	作品
兵法	作品
战歌	作品
复习题	作品
圣旨	作品
负片	作品
拙作	作品
简介	作品
纪念封	作品
断面图	作品
提款单	作品
反对票	作品
京戏	作品
定论	作品
诗作	作品
社区民间调解证明	作品
飞机票	作品
发言稿	作品
邮票	作品
声部	作品
颜体	作品
启事	作品
电码本	作品
借款单	作品
来稿	作品
煞笔	作品
立体图	作品
文契	作品
黑话	作品
图形	作品
独脚戏	作品
傀儡戏	作品
选集	作品
神话	作品
脸谱	作品
宝书	作品
总结	作品
官报	作品
单方	作品
仿单	作品
月报	作品
哑剧	作品
名曲	作品
亲笔信	作品
哀歌	作品
选票	作品
五年计划	作品
图籍	作品
黔剧	作品
拟音	作品
榜	作品
免税单	作品
碑铭	作品
多幕剧	作品
校训	作品
伪书	作品
单程票	作品
全音	作品
波尔卡	作品
套曲	作品
史话	作品
遗著	作品
乐段	作品
朦胧诗	作品
对联	作品
义类词典	作品
粮票	作品
民谣	作品
艳史	作品
面人	作品
木版画	作品
条子	作品
稿件	作品
侨报	作品
压轴戏	作品
戏法	作品
山水画	作品
总评	作品
隐语	作品
佐证	作品
竹刻	作品
挽歌	作品
辞赋	作品
党票	作品
蜡笔画	作品
绝命书	作品
著述	作品
注音字母	作品
一览表	作品
源文件	作品
日记	作品
字码	作品
影像	作品
短篇小说	作品
批条	作品
阴历	作品
戏照	作品
字卷	作品
合刊	作品
化验单	作品
规章制度	作品
谱	作品
子程序	作品
住宅使用说明书	作品
地方志	作品
近照	作品
影印本	作品
文件	作品
习作	作品
总括保险单	作品
家训	作品
群雕	作品
古兰经	作品
影视片	作品
千古绝唱	作品
验收单	作品
祝贺信	作品
反义词辞典	作品
文句	作品
来文	作品
发明	作品
雕像	作品
述评	作品
家谱	作品
绒绣	作品
中级经济师证	作品
低保家庭收入证明	作品
框图	作品
蛋青画	作品
图案画	作品
评传	作品
登记单	作品
手迹	作品
专集	作品
骈文	作品
稿子	作品
谚语	作品
多口相声	作品
学生证	作品
节写本	作品
魏碑	作品
书信	作品
简讯	作品
教本	作品
湘剧	作品
八卦掌	作品
国歌	作品
代序	作品
案例集	作品
公文	作品
船歌	作品
实用汉语语法	作品
秘本	作品
复函	作品
回执	作品
图说	作品
黑信	作品
摹本	作品
房屋租赁地址证明	作品
传票	作品
批文	作品
新书	作品
畅想曲	作品
小品文	作品
格言	作品
叙事文	作品
皇历	作品
道经	作品
三方协议	作品
七绝	作品
文言	作品
岔曲儿	作品
合影	作品
五经	作品
年鉴	作品
时报	作品
试卷	作品
悼辞	作品
议定书	作品
留言簿	作品
大手笔	作品
征订单	作品
打击乐	作品
时式	作品
礼单	作品
书卷	作品
大事记	作品
房契	作品
画幅	作品
优惠券	作品
亲属关系证明	作品
文艺语言	作品
方子	作品
知识词典	作品
工笔画	作品
演员表	作品
字句	作品
专版	作品
函件	作品
石版画	作品
原件	作品
八旗	作品
对口相声	作品
凡例	作品
联运票	作品
家书	作品
译作	作品
腰鼓舞	作品
续稿	作品
主题曲	作品
纽约时报	作品
赝币	作品
经	作品
拙工	作品
狮子舞	作品
母音	作品
书翰	作品
门柱圣卷	作品
文档	作品
双月刊	作品
诗刊	作品
佳句	作品
小引	作品
批示	作品
句法树	作品
研究著作	作品
佛像	作品
空运单	作品
邮花	作品
杰作	作品
题解	作品
词谱	作品
调	作品
主文	作品
代码	作品
中州韵	作品
铭文	作品
古书	作品
特辑	作品
室内剧	作品
缩写	作品
组画	作品
彩陶	作品
词汇表	作品
结幕	作品
托运单	作品
工楷	作品
传记	作品
灯彩	作品
旬刊	作品
线装书	作品
终刊号	作品
碑帖	作品
典	作品
前奏曲	作品
序	作品
图画书	作品
评话	作品
下集	作品
花名册	作品
木偶片	作品
彩照	作品
大百科全书	作品
宣传册	作品
剧目	作品
缩写本	作品
晚场	作品
电视剧	作品
党证	作品
唐诗	作品
样本	作品
选择题	作品
决算表	作品
但书	作品
楚辞	作品
表	作品
试题	作品
文稿	作品
出入证	作品
行车执照	作品
诗话	作品
主谓句	作品
正楷	作品
短评	作品
百衲本	作品
偏题	作品
小结	作品
草体	作品
正史	作品
今译	作品
画片	作品
道法	作品
接线图	作品
杂剧	作品
年谱	作品
肉票	作品
全票	作品
九宫	作品
履历表	作品
订单	作品
通俗杂志	作品
序论	作品
柳子戏	作品
录像片	作品
样板戏	作品
官书	作品
籍	作品
读本	作品
笔供	作品
水经注	作品
手稿	作品
龙门阵	作品
集	作品
估价表	作品
铜版画	作品
联合公报	作品
一纸空文	作品
歌谣	作品
收执	作品
文牍	作品
简历	作品
号子	作品
绪言	作品
快报	作品
京韵大鼓	作品
外刊	作品
丛书	作品
元曲	作品
凭证	作品
黄帝内经	作品
看家戏	作品
对台戏	作品
通式	作品
客票	作品
打油诗	作品
连台本戏	作品
石刻	作品
工资表	作品
虚字	作品
粤绣	作品
中篇小说	作品
初稿	作品
塑像	作品
告白	作品
蜡像	作品
天赋人权	作品
报章杂志	作品
皮影戏	作品
狂想曲	作品
篆书	作品
摇滚乐	作品
考题	作品
编者按	作品
销货单	作品
诗章	作品
兵书	作品
树结构	作品
四库全书	作品
字条	作品
阳文	作品
中译本	作品
黄历	作品
伏笔	作品
诉状	作品
年画	作品
印纹	作品
芭蕾	作品
样册	作品
标注	作品
纪要	作品
标准像	作品
计生办理证明	作品
佛典	作品
晋剧	作品
回历	作品
传记片	作品
工作单	作品
碑记	作品
真影	作品
墨迹	作品
同义词辞典	作品
灯谜	作品
对数表	作品
史籍	作品
签呈	作品
结婚证	作品
委任书	作品
黑名单	作品
勘误表	作品
案卷	作品
正文	作品
贝雕	作品
通知单	作品
诗经	作品
儿童文学	作品
喜帖	作品
旅行支票	作品
故事片	作品
呈文	作品
唱本	作品
禀帖	作品
杂文	作品
真经	作品
西皮	作品
赝本	作品
画刊	作品
权威著作	作品
签证	作品
坏书	作品
观后感	作品
抽印本	作品
总谱	作品
对口词	作品
诗抄	作品
组歌	作品
单	作品
金华戏	作品
拘留证	作品
本票	作品
汇编	作品
字迹	作品
装货单	作品
作文	作品
无头告示	作品
传说	作品
八卦拳	作品
残卷	作品
定义	作品
入场券	作品
货票	作品
住宅质量保证书	作品
谜面	作品
体育片	作品
空白支票	作品
本草纲目	作品
街头剧	作品
功夫片	作品
拘票	作品
咨文	作品
道	作品
文告	作品
太岁	作品
教学片	作品
坎特伯雷故事集	作品
军乐	作品
贺函	作品
帛书	作品
竹雕	作品
文言文	作品
手笔	作品
选编	作品
别史	作品
侧视图	作品
无理方程	作品
复印件	作品
巨著	作品
房地契	作品
金文	作品
问题	作品
版权页	作品
挽词	作品
原版	作品
多义词辞典	作品
定期汇票	作品
对照表	作品
提法	作品
画像	作品
注册表	作品
释典	作品
大纲	作品
年历	作品
古画	作品
批准书	作品
本纪	作品
题目	作品
菜谱	作品
专栏	作品
祭文	作品
经卷	作品
发货票	作品
大作	作品
报名表	作品
证明书	作品
表册	作品
唱词	作品
格林童话	作品
评书	作品
曲谱	作品
新剧	作品
簿籍	作品
挑战书	作品
篇章	作品
练习题	作品
刊	作品
印记	作品
聊斋	作品
帖	作品
解说词	作品
讲演稿	作品
长编	作品
自传	作品
闽剧	作品
购货单	作品
录音带	作品
军歌	作品
文件名	作品
京腔	作品
蛋彩画	作品
无题诗	作品
赝鼎	作品
贴画	作品
理货单	作品
挂号信	作品
创作	作品
演词	作品
科教片	作品
墙头诗	作品
上诉书	作品
拉丁语	作品
附表	作品
军报	作品
图鉴	作品
单口相声	作品
信天游	作品
经典著作	作品
习题	作品
叙言	作品
历史剧	作品
译稿	作品
聘约	作品
定价表	作品
考试题	作品
领事发票	作品
录像	作品
喜剧	作品
裁定书	作品
守恒定律	作品
六言诗	作品
译本	作品
吉尼斯世界纪录大全	作品
美术片	作品
汇款单	作品
短文	作品
定理	作品
