大围子猪	动物
白腰雨燕	动物
极小假近糠虾	动物
细茎裸果螅	动物
壳腺溞	动物
蓝耳翠鸟	动物
阿帕路斯马	动物
铃萤拟海萤	动物
螺形龟甲轮虫	动物
棕壶水母	动物
蓝无壳侧鳃	动物
羽长腹剑水蚤	动物
粗刺哲水蚤	动物
太平玻璃虾	动物
灰短脚鹎	动物
齿掌细身钩虾	动物
钝缘拟浮萤	动物
汤氏长足水蚤	动物
暴雪鹱	动物
草地鹨	动物
鹊鸲	动物
书虱	动物
眼纹噪鹛	动物
灰背鸥	动物
左指华哲水蚤	动物
吕宋小	动物
平衡囊尖锥虫	动物
两手拟触丝水母	动物
长角海天牛	动物
麦蛾	动物
多板纲	动物
鼻丽	动物
白腹鹞	动物
窄头刺哲水蚤	动物
田鹀	动物
滑溜水虱	动物
棕薮鸲	动物
异盘皮鳃螺	动物
卡氏锥头虫	动物
病原菌	动物
激酶	动物
伊犁白猪	动物
纯色山鹪莺	动物
翼羽海萤	动物
粉红山椒鸟	动物
柏状羽螅	动物
灰腹噪鹛	动物
巴洛未瑙马	动物
香槟银兔	动物
翘尾异链萤	动物
金色鸦雀	动物
箭虫幼体	动物
奥尔洛夫快步马	动物
羽环纽鳃樽	动物
巨头鲸	动物
闽北花猪	动物
驼磷虾	动物
轮钟螅	动物
巴波马	动物
黄海刺糠虾	动物
黑头白鹮	动物
短棒真浮萤	动物
圆矛叶剑水蚤	动物
掘足纲	动物
布纹螺	动物
简长腹剑水蚤	动物
虹叶剑水蚤	动物
乳多空病毒	动物
太平洋细身钩虾	动物
不列颠高手水母	动物
黑叶猴	动物
阿卡西短鲷	动物
白胸鸦雀	动物
皇冠豹	动物
爱尔夏牛	动物
双叉八束水母	动物
黑嘴松鸡	动物
肠道病毒	动物
北红尾鸲	动物
抗酸细菌	动物
日本真瘤水母	动物
西班牙山羊	动物
黄腹花蜜鸟	动物
河神沙钩虾	动物
非洲凤凰	动物
孢子虫	动物
珊瑚螺	动物
短圆荚萤	动物
臭虫	动物
四叶小舌水母	动物
夏威夷明钩虾	动物
腹斧角水蚤	动物
蓝耳拟啄木鸟	动物
洋斑燕	动物
西沙凹缘侧鳃	动物
灰树鹊	动物
冠鱼狗	动物
繁毛锡虫	动物
红贺海鞘	动物
拟蹄水母	动物
丽星噪鹛	动物
楔尾鸥	动物
南沙双眼钩虾	动物
柯摩哥尔牛	动物
色雷西蛤	动物
致癌病毒	动物
斑鹟	动物
槲鸫	动物
敏氏软萤	动物
嵊县花猪	动物
狭无棱水母	动物
日本圆柱水虱	动物
印度八拟杯水母	动物
蛛	动物
太平洋巧	动物
虱卵	动物
哥伦平头水蚤	动物
幽门螺旋杆菌	动物
道氏深水虱	动物
山瞪羚	动物
马来拟真刺水蚤	动物
双高手水母	动物
黑喉歌鸲	动物
鹩哥	动物
粤东黑猪	动物
美洲绿翅鸭	动物
稻苞虫	动物
沼泽大尾莺	动物
强脚树莺	动物
正十字水母	动物
施氏玻璃钩虾	动物
红头噪鹛	动物
曲菌	动物
羽毛纺锤水蚤	动物
松鸦	动物
白腹幽鹛	动物
紫色霞水母	动物
八眉猪	动物
长棱九角水母	动物
红颈绿啄木鸟	动物
天花病毒	动物
蝻子	动物
棕扇尾莺	动物
有刺燧磷虾有刺樱磷虾	动物
红背红尾鸲	动物
胃鳞虫	动物
蜗	动物
绿豆蝇	动物
完背鳞虫	动物
短嘴山椒鸟	动物
东弗里生马	动物
台湾山鹧鸪	动物
锥片盘首蚕	动物
寻箭虫	动物
雕玻虾	动物
刺尾歪水蚤	动物
生殖器疱疹病毒	动物
新多变箭虫	动物
多毛类幼体	动物
北方中杜鹃	动物
红领绿鹦鹉	动物
大拟啄木鸟	动物
冕柳莺	动物
细条浅室水母	动物
北长尾山雀	动物
火岛脆鳞虫	动物
黑头金翅雀	动物
塔形双手水母	动物
短尾鹱	动物
华西柳莺	动物
纪氏真鹰嘴水蚤	动物
瓢虫	动物
色条脓海鞘	动物
蓝翅希鹛	动物
大眼磷虾双突磷虾	动物
黄颊麦鸡	动物
小半麦杆虫	动物
黑喉山雀	动物
中华节糠虾	动物
假面伶猴	动物
天蚕蛾	动物
游蛇	动物
浅花苏赛克斯鸡	动物
暗灰鹃鵙	动物
乌棕鹅	动物
中华原须虫	动物
花巨兔	动物
角蝰	动物
短尾类溞状幼体	动物
纵纹角鸮	动物
扭法螺	动物
峨螺	动物
红头鸦雀	动物
葱萤	动物
中华蝼蛄虾鳃虱	动物
双齿卵毛水蚤	动物
土蝗	动物
八辨隔膜水母	动物
幼平头水蚤	动物
无针浮蚕	动物
武装简角水蚤	动物
眼纹黄山雀	动物
大麻鳽	动物
缺缘叶鳃螺	动物
绪氏羽螅	动物
肥胖吸海萤	动物
瘦尾光水蚤	动物
拟大朱雀	动物
致病菌	动物
褐冠鹃隼	动物
亮大眼剑水蚤	动物
绿眉鸭	动物
蚊虫	动物
荆江鸭	动物
凤头鹰	动物
鸽子	动物
镰翅鸡	动物
西非海牛	动物
宽额假磷虾	动物
锯齿钟螅	动物
凤头潜鸭	动物
木耳	动物
凤头麦鸡	动物
爪室水母	动物
狭额真哲水蚤	动物
叶片线脚磷虾	动物
多节真喜萤	动物
鼠海豚科动物	动物
褐马鸡	动物
紅冠水雞	动物
薄壳蛤	动物
螟蛉	动物
芝麻螺	动物
毛蚴	动物
尘螺	动物
华丽双浮萤	动物
克氏光水蚤	动物
肠寄生虫	动物
白鹳	动物
游蚕	动物
短角牛	动物
宽甲古涟虫	动物
高华丽水母	动物
印度锤稚虫	动物
僧帽水母	动物
栗颈凤鹛	动物
北蝗莺	动物
红喉姬鹟	动物
褐渔鸮	动物
钩足平直溞	动物
赣州白猪	动物
金雕	动物
棕草鹛	动物
乳突凹缘侧鳃	动物
异距小帽水母	动物
纺锤盘首蚕	动物
针刺拟哲水蚤	动物
四手卷丝水母	动物
沃氏小	动物
红头潜鸭	动物
黄腿渔鸮	动物
太平鸟	动物
帆背潜鸭	动物
扭歪爪室水母	动物
西氏晶囊轮虫	动物
哈瓦那兔	动物
华彩背叶虫	动物
棕背黑头鸫	动物
强真哲水蚤	动物
白顶玄鸥	动物
细纹噪鹛	动物
双手水母	动物
宽尾角水蚤	动物
中华咸水剑水蚤	动物
张氏神须虫	动物
对行拟菊海鞘	动物
银曼龙	动物
玻璃猫	动物
拟长管水母	动物
六刺丽涟虫	动物
多瘤病毒	动物
苍蝇	动物
高雅尖甲水虱	动物
金色乌叶猴	动物
蓝短翅鸫	动物
美國銀鷗	动物
大蚊	动物
中华真虫	动物
红纺锤水蚤	动物
黑斑羚	动物
海南孔雀雉	动物
蝮蛇	动物
鞭腕水母	动物
戈氏异节鳃虱	动物
喜马拉雅兔	动物
条	动物
强刺尖锥虫	动物
灰腹绣眼鸟	动物
岩滨鹬	动物
荚果螅	动物
纹背麂羚	动物
圆尾刺糠虾	动物
黑头黄鹂	动物
锯状翼萤	动物
普通夜鹰	动物
长腹水蚤	动物
红喉鹨	动物
长尾缝叶莺	动物
金铅笔鱼	动物
双带蛤	动物
漂泊浮蚕	动物
南非海狗	动物
澳南沙锥	动物
巴布可克	动物
萧山鸡	动物
韦氏拟真刺水蚤	动物
眼角铃萤	动物
焉耆马	动物
黄拟真刺水蚤	动物
黑胸歌鸲	动物
圆额海羽水蚤	动物
山东海叶虫	动物
卵形小厚壳水蚤	动物
鹊鹞	动物
长脆鳞虫	动物
混拟麦杆虫	动物
阴虱	动物
指状棍螺	动物
暗色鸦雀	动物
黑夜猴	动物
香螺	动物
泰国斗鱼	动物
同心假浮萤	动物
红叶剑水蚤	动物
菜蚜	动物
总状真枝螅	动物
钟摆拟阿玛猛水蚤	动物
有翅蚜虫	动物
长形脓海鞘	动物
猴麦杆虫	动物
双刺唇角水蚤	动物
需氧细菌	动物
囊虫	动物
伯氏圆荚萤	动物
曲腿龟甲轮虫	动物
植物病毒	动物
侏长尾猴	动物
粗角锥	动物
长日华哲水蚤	动物
红嘴山鸦	动物
方角丽	动物
深水海棘水母	动物
丛林鸦	动物
圃鹀	动物
彩鹳	动物
斯氏小	动物
边鸡	动物
尖光稚虫	动物
有齿背鳞虫	动物
东方多叶套果螅	动物
树蜂	动物
伪虎鲸	动物
线粒体	动物
锯毛鼻蚕	动物
大囊拟镰螅水母	动物
磷虾类节胸幼体	动物
粗管浅室水母	动物
尖额齿浮萤	动物
短额磷虾实武牙磷虾	动物
栗啄木鸟	动物
方拟多面水母	动物
鸲蝗莺	动物
亚质帚毛虫	动物
豁眼鹅	动物
变形和平水母	动物
泥地钩虾	动物
色斑异塔水母	动物
驼背隆哲水蚤	动物
针刺真浮萤	动物
哈萨克牛	动物
哲大眼剑水蚤	动物
罗曼肉鸡	动物
灰山鹑	动物
红头灰雀	动物
粉红胸鹨	动物
结核菌素	动物
圩猪	动物
花彩雀莺	动物
神须虫	动物
弯真瘤水母	动物
灰头柳莺	动物
栗色仙须虫	动物
驼背大眼剑水蚤	动物
贝氏拟线水母	动物
蚂蜂	动物
黑喉岩鹨	动物
棕尾褐鹟	动物
哈巴德肉鸡	动物
黑鲨	动物
白尾海雕	动物
斑点纽鳃樽	动物
球角腹沟虫	动物
海天牛	动物
枝管水母	动物
棘刺帚毛虫	动物
栗耳凤鹛	动物
红小毛猛水蚤	动物
双辫八色鸫	动物
巨蜥	动物
栗耳短脚鹎	动物
球型多管水母	动物
罗斯号	动物
东亚石	动物
欧亚鸲	动物
流萤	动物
巴西驼峰牛	动物
罗纹鸭	动物
中型角舟水母	动物
肠虫	动物
金龟子	动物
泛农花猪	动物
长毛吼猴	动物
双小水母	动物
刀足片	动物
黑马羚	动物
侧触角螅	动物
马氏柏螅	动物
端粗范氏水母	动物
矮小稚齿虫	动物
蜉蝣	动物
巨角塔尔羊	动物
喜山红眉朱雀	动物
大苇莺	动物
介壳虫	动物
墨累灰牛	动物
棕胸蓝姬鹟	动物
单爪眼框鱼蚤	动物
蓑羽鹤	动物
棕腹啄木鸟	动物
短尾类大眼幼体	动物
冠瘤海鞘	动物
蚂蚱	动物
银鲳盗鱼蚤	动物
前节晶囊轮虫	动物
端球六手水母	动物
窄盖鳃水虱	动物
棕腹林鸲	动物
大斑啄木鸟	动物
鼻锚真哲水蚤	动物
台湾短翅莺	动物
鼷鹿	动物
豹纹斑马	动物
灰纹鹟	动物
印尼白海豚	动物
汤氏瞪羚	动物
工蜂	动物
雪雁	动物
红尾金龙	动物
欧夜鹰	动物
欧金翅雀	动物
狼山鸡	动物
黑疣猴	动物
汉江黑猪	动物
托氏盖杯螅	动物
长指微钩虾	动物
尖甲水虱	动物
刺尾角水蚤	动物
莱昂蛤	动物
长须鲸	动物
弱小后浮萤	动物
浅室水母	动物
透明扁齿螺	动物
真细菌	动物
白玄鸥	动物
法氏小厚壳水蚤	动物
囊状全水母	动物
距翅麦鸡	动物
向阳加斯鳃	动物
叉小殊足猛水蚤	动物
白领白脸猴	动物
须歪水蚤	动物
扁胃高手水母	动物
三河马	动物
难定才女虫	动物
饭氏脆鳞虫	动物
灰黄霉素	动物
杂色噪鹛	动物
褐高手水母	动物
基孔肯雅病毒	动物
棕斑鸠	动物
小齿海樽	动物
侧柄杯螅	动物
赫氏住囊虫	动物
增倍短腹海鞘	动物
澳大利亚抗原	动物
漂浮囊糠虾	动物
蜚蠊	动物
西方松鸡	动物
玻杯螺	动物
加勒比桧叶螅	动物
织纹螺	动物
琴形箭虫	动物
华南马	动物
裂颏蛮	动物
寄生虫	动物
千足虫	动物
骆驼科动物	动物
金针虫	动物
桑象虫	动物
才女虫	动物
光背节鞭水虱	动物
大头箭虫	动物
七星刀	动物
粗壮真胖水蚤	动物
腺病毒	动物
蓝枕八色鸫	动物
猛隼	动物
叶状幼体	动物
伞菌	动物
曲膝薮枝螅	动物
金环蛇	动物
缀壳螺	动物
棱形纽鳃樽多刺亚钟	动物
椭圆鲸虱	动物
曼契加那牛	动物
黑喉噪鹛	动物
黑球真唇水母	动物
红翅绿鸠	动物
螨	动物
三宝鸟	动物
鬼狒	动物
指突水母	动物
霍氏旋木雀	动物
栗背短翅鸫	动物
黑龙	动物
叉叶足猛水蚤	动物
多刺粗毛溞	动物
模糊海樽	动物
隐秘病毒	动物
小深海浮萤	动物
尾棘无壳侧鳃	动物
介形幼虫	动物
田尼斯走马	动物
触媒	动物
亚洲短趾百灵	动物
变色龙	动物
小方拟多面水母	动物
沙白喉林莺	动物
粗棍螅	动物
粗角新哲水蚤	动物
九间鱼	动物
虼螂	动物
槐猪	动物
方瘤蚕	动物
巢湖鸭	动物
朱鹂	动物
黑伶猴	动物
叉形鼠狐猴	动物
网状拟浮萤	动物
乳短脚	动物
铃萤	动物
环颈山鹧鸪	动物
西门登拟菊海鞘	动物
淡喉鹩鹛	动物
灰长臂猿	动物
海洋凹缘侧鳃	动物
玉山噪鹛	动物
十足类幼体	动物
澳州片	动物
克莉丝强叶螅	动物
黄腰柳莺	动物
圆隔膜水母	动物
卵大眼剑水蚤	动物
内阿米巴属	动物
白尾梢虹雉	动物
波状感棒水母	动物
若虫	动物
黄喉噪鹛	动物
热带伪帽水母	动物
卷壳乌贼	动物
红布罗鸡	动物
相模裂片螺	动物
黄海辫螅	动物
褐头鸫	动物
笔螅水母	动物
羽刺似蛮	动物
背鳃螺	动物
野蜂	动物
盔形深海浮萤	动物
中华秋沙鸭	动物
藏雀	动物
角舟水母	动物
尖头蝗	动物
短磷虾	动物
土蜂	动物
淋菌	动物
玫红眉朱雀	动物
黑斑蝗莺	动物
瘦长腹剑水蚤	动物
白尾蓝地鸲	动物
仙居鸡	动物
宽外肋水母	动物
红嘴鸦雀	动物
倭蜂猴	动物
尖头毛浮萤	动物
桧叶螅	动物
黑翅长脚鹬	动物
双齿叶足水蚤	动物
大盘尾	动物
鹦鹉螺	动物
耐旱肉牛	动物
桃源鸡	动物
背针胸刺水蚤	动物
金黄阿奎丹牛	动物
蚕蛾	动物
异尾宽水蚤	动物
双刺直浮萤	动物
似细菌	动物
鸥嘴噪鸥	动物
木叶蝶	动物
小鸦鹃	动物
红血球	动物
黑额树鹊	动物
喙真胖水蚤	动物
蓝脸鲣鸟	动物
锦丽哲水蚤	动物
嘉庚水母	动物
玻璃钩虾	动物
黄嘴潜鸟	动物
蓝喉仙鹟	动物
沙虫	动物
短套果螅	动物
红脚鹬	动物
马丁海稚虫	动物
水鹿	动物
纹胸啄木鸟	动物
纵纹绿鹎	动物
白颈鹳	动物
细拟海帽水母	动物
科岛吼猴	动物
台湾鹎	动物
姬滨鹬	动物
纺织娘	动物
静暗哲水蚤	动物
双叶无棱水母	动物
等枝节糠虾	动物
猬刺拟浮萤	动物
双生水母	动物
瘦尾简角水蚤	动物
长角羚	动物
古巴圆柱水虱	动物
东方浅水糠虾	动物
灰嘴鹩鹛	动物
小苇鳽	动物
亚峰细小钩虾	动物
中杓鹬	动物
拟额大眼剑水蚤	动物
方桨剑水蚤	动物
澳洲巨海萤	动物
贫肌纽鳃樽	动物
东方刺尖锥虫	动物
松鼠猴	动物
多枝真枝螅	动物
福州黑猪	动物
香港双眼钩虾	动物
圆鼠多果海鞘	动物
蚂蝗	动物
壮微钩虾	动物
米象	动物
菌苗	动物
水痘病毒	动物
囊开形箭虫	动物
耳状幼虫海参纲	动物
丹氏纺锤水蚤	动物
规则箭虫	动物
邓川牛	动物
橙腹叶鹎	动物
带领夜猴	动物
和平鸟	动物
小滨鹬	动物
休氏旋木雀	动物
白冠噪鹛	动物
蓝绿鹊	动物
假锯齿箭虫	动物
哈巴德金慧星鸡	动物
叶腕水母	动物
埃博拉病毒	动物
平滑真刺水蚤	动物
幼虫	动物
百足	动物
牛蝇	动物
颈尖甲水虱	动物
呼肠孤病毒	动物
渤海格鳞虫	动物
露水僧面猴	动物
豆象	动物
钩状真虫	动物
舌状直杯螅	动物
透明海翼螅	动物
宽额锥	动物
小头弹钩虾	动物
接吻鱼	动物
三趾啄木鸟	动物
三穗鸭	动物
伊豆节糠虾	动物
栗斑腹鹀	动物
棕背伯劳	动物
褐冠山雀	动物
硬尾钩虾	动物
刺糠虾	动物
三趾翠鸟	动物
折腰厚甲猛水蚤	动物
海狮螺	动物
隐巧	动物
田鳖	动物
江湖独眼钩虾	动物
潮间水虱	动物
蚁	动物
白肩雕	动物
舟形双管萤	动物
朴泽辫螅	动物
弱小厚壳水蚤	动物
长足水蚤	动物
箭蚕	动物
鬣鹿	动物
阳新猪	动物
五刺冠水蚤	动物
玉江猪	动物
白颈鸫	动物
棕头雀鹛	动物
马氏嗜阳水母	动物
微海圆水母	动物
倭黑猩猩	动物
苏白猪	动物
库页岛蝗莺	动物
白耳奇鹛	动物
黏病毒	动物
黄鹀	动物
线脚磷虾	动物
二段海鞘	动物
羊驼	动物
悬线骨螺	动物
真拟杯水母	动物
小云雀	动物
角嘴海雀	动物
螽斯	动物
刺尾狼糠虾	动物
中华刺糠虾	动物
凯氏犰狳	动物
尖尾翼萤	动物
等叶足水蚤	动物
大嘴乌鸦	动物
二晶柱螯磷虾两锥手磷虾	动物
白腹蓝鹟	动物
日本拟钩虾	动物
灰喉山椒鸟	动物
印缅寿带	动物
胡蜂	动物
堪察加柳莺	动物
黑荚果螅	动物
真菌	动物
红颈瓣蹼鹬	动物
短刺直浮萤	动物
木质脓海鞘	动物
灰颊仙鹟	动物
纳氏联萤	动物
吴氏光水蚤	动物
鹊色鹂	动物
冻亮羽水蚤	动物
龙虱	动物
双棘拟平头水蚤	动物
船蛤	动物
瑞士褐牛	动物
弯尾叶剑水蚤	动物
拉拿锥	动物
台湾拟弯喉萤	动物
菜粉蝶	动物
山魈	动物
夏威夷片钩虾	动物
舌贝幼虫腕足类	动物
孟加拉蛮	动物
海豚科动物	动物
拟小抹香鲸	动物
凹缘侧鳃	动物
汉诺威马	动物
大足原	动物
刺尾纺锤水蚤	动物
小窄管水蚤	动物
山鹡鸰	动物
果蝇	动物
游须蚕	动物
塔形和平水母	动物
肠叶剑水蚤	动物
刀仿哲水蚤	动物
宽尾网纹溞	动物
角突网纹溞	动物
太平洋方甲涟虫	动物
土蚕	动物
热带小厚壳水蚤	动物
淡眉柳莺	动物
绿胸八色鸫	动物
锥形宽水蚤	动物
磷虾类带叉幼体	动物
胖马尔他钩虾	动物
长嘴剑鸻	动物
顿河马	动物
红胁绣眼鸟	动物
细长殖口螅	动物
强额拟哲水蚤	动物
鳄蜥	动物
镰形叶钩虾	动物
烟腹毛脚燕	动物
子茎美螅水母	动物
异足螺	动物
大骨鸡	动物
锯齿歪水蚤	动物
长鞭凹板钩虾	动物
波斯黇鹿	动物
瘤海鞘	动物
团形圆柱水虱	动物
虱子	动物
白蜡虫	动物
赣中南花猪	动物
考尼什鸡	动物
格氏星萤	动物
舟山牛	动物
厚伞玛拉水母	动物
蓝曼龙	动物
白喉冠鹎	动物
白额鹱	动物
黑兀鹫	动物
豚鹿	动物
灰岩鹪鹛	动物
短尾贼鸥	动物
蝎形涟虫	动物
疑刺尖锥虫	动物
类病毒	动物
玉头姬鹟	动物
红胸角雉	动物
柳木蠹蛾	动物
短缩丽哲水蚤	动物
蛆虫	动物
古氏长涟虫	动物
多腺翼萤	动物
白翅海番鸭	动物
粗糙锯糠虾	动物
棕伶猴	动物
大腺似杯水母	动物
蛩	动物
褐头雀鹛	动物
氯囊双手水母	动物
果状摇篮水母	动物
灰腹角雉	动物
白颊黑雁	动物
黑喙头海豚	动物
火奴鲁玻璃钩虾	动物
蚁丘	动物
克安尼那牛	动物
曲足巧	动物
四齿单枝螅	动物
球形锐额溞	动物
双尾纽鳃樽	动物
双眼准异糠虾	动物
无喙鼠海豚	动物
细长环纽鳃樽	动物
黄背麂羚	动物
螟	动物
赤旋螺	动物
灰鹤	动物
阿拉伯狒狒	动物
禽类成髓细胞瘤病毒	动物
云南高峰牛	动物
纯色啄花鸟	动物
盖氏小桧叶螅	动物
九角水母	动物
巨嘴短翅莺	动物
隐异形水母	动物
深角水蚤	动物
棕胸岩鹨	动物
靴篱莺	动物
美洲犎牛	动物
黑头海天牛	动物
岩燕	动物
大浮萤	动物
伪细真哲水蚤	动物
蓝牛	动物
长尾大眼剑水蚤	动物
河曲马	动物
蓝马鸡	动物
拟特须虫	动物
银耳相思鸟	动物
棕腹大仙鹟	动物
住筒虫	动物
长羽真帚萤	动物
裸果螅	动物
弯臂磷虾	动物
南象海豹	动物
黑白花牛	动物
隆线溞	动物
黄脚三趾鹑	动物
疟原虫	动物
毛状海榧螅	动物
台湾酒红朱雀	动物
长毛真亮羽水蚤	动物
凤头蜂鹰	动物
青海高原牦牛	动物
朝鲜马尔他钩虾	动物
葛氏瞪羚	动物
极北朱顶雀	动物
阿德鳃	动物
白尾鹿	动物
尼泊尔鹪鹛	动物
盘江牛	动物
托马斯叶猴	动物
瘦丽哲水蚤	动物
侏羚	动物
褐胸噪鹛	动物
水蛇	动物
厚嘴啄花鸟	动物
牛丽	动物
鞭毛虫	动物
白琵鹭	动物
斑原海豚	动物
厦门羽螅	动物
针尾沙锥	动物
角海棘水母	动物
漂鹬	动物
厄氏双唇螅	动物
太湖猪	动物
玛瑙叶剑水蚤	动物
蚤状溞	动物
斑尾塍鹬	动物
核螺	动物
剑嘴鹛	动物
皖西白鹅	动物
日本新糠虾	动物
按蚊	动物
蠊	动物
纵纹腹小鸮	动物
钩状拟老丰猛水蚤	动物
锯扁足	动物
安格斯牛	动物
隆哲水蚤	动物
双峰驼	动物
马来沙水母	动物
绿翅金鸠	动物
印度仿鳃虱	动物
水螅	动物
白醭	动物
细菌病毒	动物
三趾鸥	动物
益菌	动物
奇异坚鞘螅	动物
褐林鸮	动物
拟鞭基齿哲水蚤	动物
瘦小厚壳水蚤	动物
巴斯水母	动物
髯海豹	动物
跟头虫	动物
锐额海羽水蚤	动物
印度羚	动物
花罗汉	动物
尖额燧磷虾尖额樱磷虾	动物
山双眼钩虾	动物
埃及燕子	动物
角胃住囊虫	动物
比氏鹟莺	动物
邻片	动物
原麝	动物
暗色斑纹海豚	动物
刺长腹剑水蚤	动物
红住囊虫	动物
芦苇莺	动物
威尔士黑牛	动物
台湾白喉噪鹛	动物
光裸美栉钩虾	动物
丁齿蚕	动物
异条	动物
红腹锦鸡	动物
丝毛乌骨鸡	动物
新澳海狗	动物
圆头倭犰狳	动物
假榧螺	动物
大型峨螺	动物
鬣羊安氏林羚	动物
椭形长足水蚤	动物
凤尾蘑	动物
微驼隆哲水蚤	动物
蒙古野驴	动物
雉鸡	动物
羽丽哲水蚤	动物
加利福利亚兔	动物
灰山椒鸟	动物
海南山鹧鸪	动物
长吻龟螺	动物
大军舰鸟	动物
雕鸮	动物
刺岩螺	动物
马来亚长臂猿	动物
膨大无棱水母	动物
粗壮箭虫	动物
管围巧言虫	动物
和田节糠虾	动物
库蚊	动物
原牛	动物
眼硝水母	动物
赤胸啄木鸟	动物
钳	动物
芽笔帽螺	动物
圆暗哲水蚤	动物
无角短角牛	动物
白腹军舰鸟	动物
栗鸢	动物
褐燕鹱	动物
金菠萝	动物
蛮	动物
樱虾幼体	动物
多角铃萤	动物
隆剑水蚤	动物
夸特马	动物
黑尾地鸦	动物
渔民尖头	动物
暗背雨燕	动物
武装劳林猛水蚤	动物
短尾长腹水蚤	动物
南海狮	动物
柯萨奇病毒	动物
银鲳	动物
姜曲海猪	动物
细菌	动物
粉红粗毛溞	动物
乳酸菌	动物
平尾棒鞭水虱	动物
马来八色鸫	动物
拟端	动物
三趾鸦雀	动物
美丽伞螺	动物
北露脊海豚	动物
赤膀鸭	动物
树鹨	动物
锯齿舟哲水蚤	动物
棕腹树鹊	动物
弯曲斯氏萤	动物
英国花兔	动物
紫胸刺水蚤	动物
胡岛海狗	动物
梳肢片钩虾	动物
厚指平头水蚤	动物
白腹鹭	动物
蜂窝格鳞虫	动物
细角瞪羚	动物
栗头蜂虎	动物
星虫	动物
遗鸥	动物
考斯特罗玛牛	动物
北极露脊鲸	动物
斑鸫	动物
四手筐水母	动物
金眶鹟莺	动物
风螺	动物
短尾秀体溞	动物
云南白斑尾柳莺	动物
人体乳突淋瘤病毒	动物
长囊无棱水母	动物
尺蠖蛾	动物
娟姗泽西种乳牛	动物
北象海豹	动物
成华猪	动物
西非白海豚	动物
白围巧言虫	动物
细头小	动物
白喉斑秧鸡	动物
灰孔雀雉	动物
蜾蠃	动物
澳抗	动物
害虫	动物
蟹形和平水母	动物
小蝗莺	动物
二化螟	动物
西沙稚齿虫	动物
瘤状菊海鞘	动物
日本柳莺	动物
鹳嘴翡翠	动物
双斑箭虫	动物
桑岛新小羚	动物
血寄生虫	动物
怪真瘤水母	动物
粗柱螯磷虾	动物
亚弓浮萤	动物
珍珠鼠	动物
金冠原狐猴	动物
方形尖额溞	动物
唯细小钩虾	动物
强水虱	动物
巨海萤	动物
苍头燕雀	动物
细额小头	动物
水蚤	动物
黑脸鹟莺	动物
家蚊	动物
灰胸薮鹛	动物
火斑鸠	动物
普氏绿疣猴	动物
更赛格恩西奶牛	动物
高克哈驴	动物
桑蚕	动物
倭新小羚	动物
黑香螺	动物
黑胸麻雀	动物
斑鱼狗	动物
牛眼臂磷虾	动物
细螯虾	动物
白喉扇尾鹟	动物
栗头雀鹛	动物
膜囊尖锥虫	动物
毛腿沙鸡	动物
大凤头燕鸥	动物
杓状歪水蚤	动物
舌片似帚毛虫	动物
棕颈雪雀	动物
伶俐大眼剑水蚤	动物
尾钩虾	动物
格才女虫	动物
螅	动物
原生动物	动物
普通鸬鹚	动物
头足类幼体	动物
克氏长角哲水蚤	动物
二斑百灵	动物
悉尼海鞘	动物
腔齿海底水虱	动物
埃及夜鹰	动物
小短角鹿	动物
棉蚜虫	动物
多刺小浮萤	动物
拟薄海鞘	动物
斑尾榛鸡	动物
赤额瞪羚	动物
草原鹿	动物
灰头绿啄木鸟	动物
斑鹭	动物
虎甲虫	动物
诺门马	动物
固始鸡	动物
麋羚	动物
头状住囊虫	动物
栗背岩鹨	动物
高致病性禽流感病毒	动物
燧磷虾	动物
棉蚜	动物
小齿唇角水蚤	动物
突拟臂	动物
常见畜禽品种	动物
无角赫里福德牛	动物
穗鳞虫	动物
柱螯磷虾	动物
斑鼷鹿	动物
喜山白眉朱雀	动物
罗曼诺拉牛	动物
管鞘连荚螅	动物
蠹虫	动物
香猪	动物
拟棒鞭水虱	动物
亚洲漠地林莺	动物
肺线虫	动物
长尾滨鳃虱	动物
微小瓮水母	动物
环纽鳃樽	动物
平滑端	动物
带状疱疹病毒	动物
纯蓝仙鹟	动物
长尾叶猴	动物
东方大苇莺	动物
单隆哲水蚤	动物
大山雀	动物
单角拟喜萤	动物
玛拉水母	动物
尖额真哲水蚤	动物
阿纳克	动物
鸲岩鹨	动物
斑胸滨鹬	动物
短耳鸮	动物
红胸鸻	动物
黄角光水蚤	动物
虹桥猪	动物
竹蛏	动物
驴羚	动物
白兀鹫	动物
细颈和平水母	动物
西沙鼻蚕	动物
叉大眼剑水蚤	动物
近糠虾	动物
维加裸果螅	动物
大蜾嬴蜚	动物
华南斑胸钩嘴鹛	动物
长鼻猴	动物
无致病性禽流感病毒	动物
盾端	动物
普通燕鸥	动物
冕螺	动物
虫卵	动物
钝简角水蚤	动物
白胸苦恶鸟	动物
印尼叶猴	动物
醭	动物
小金熊猴	动物
肯尼亚水羚	动物
短尾鹦鹉	动物
红喉歌鸲	动物
斑胁姬鹛	动物
鬣羚	动物
渔鸥	动物
短柄灯塔水母	动物
根瘤菌	动物
河乌	动物
白颊噪鹛	动物
弯管玛拉水母	动物
秃鼻乌鸦	动物
粉红腹岭雀	动物
菌核	动物
东方真瘤水母	动物
斑真叶	动物
芽介穗水母	动物
绿宽嘴鸫	动物
红伶猴	动物
海蟑螂	动物
林柳莺	动物
红胸山鹧鸪	动物
树熊猴	动物
双手扁胃水母	动物
黄喉鹀	动物
黑冠椋鸟	动物
棕头歌鸲	动物
猪科动物	动物
比夫兰兔	动物
菲氏麂	动物
鹰鸮	动物
大灰啄木鸟	动物
网纹豆海鞘	动物
菲荚果螅	动物
对虾圆鳃虱	动物
糠虾幼体	动物
光背团水虱	动物
乌鹟	动物
克岛稚齿虫	动物
多手纽鳃樽	动物
圆突深海浮萤	动物
黑体管水母	动物
浮蚕	动物
黄腹山雀	动物
奇异小桧叶螅	动物
长须海羽水蚤	动物
墨塞真胖水蚤	动物
乌林鸮	动物
黄颈凤鹛	动物
鲮鲤	动物
伪装肉钩虾	动物
短腺和平水母	动物
特异双唇螅	动物
巨大怪水蚤	动物
齿棱拟蹄水母	动物
雉螺	动物
山鹨	动物
褐背鹟鵙	动物
浦东鸡	动物
山鹛	动物
短盘首蚕	动物
无叉矛毛虫	动物
绿尾虹雉	动物
水蚕	动物
拉河三绊犰狳	动物
臂尾轮虫	动物
曲玛拉水母	动物
鳞腹绿啄木鸟	动物
太平洋海鞘	动物
灰喉柳莺	动物
李氏喜萤	动物
阿尔泰雪鸡	动物
丽色奇鹛	动物
口足类幼体	动物
矶鹬	动物
斑头雁	动物
巨住筒虫巨褶海鞘	动物
白领八哥	动物
小鹃鸠	动物
红顶鹛	动物
岩螺	动物
毒蕈	动物
面真亮羽水蚤	动物
伊犁鹅	动物
日角小肢猛水蚤	动物
蓝眉林鸲	动物
红腿小隼	动物
黄色太阳水母	动物
越南十盘水母	动物
胖虎螺	动物
厚缘翼萤	动物
宝兴鹛雀	动物
背刺拟浮萤	动物
羽波刺水蚤	动物
拟长须海羽水蚤	动物
丘鹬	动物
火冠雀	动物
肉鸡	动物
细巧华哲水蚤	动物
东方宽吻海豚	动物
锡嘴雀	动物
三崎双眼钩虾	动物
黄颈拟蜡嘴雀	动物
灰伶猴	动物
蛘	动物
姜片虫	动物
Ｔ细胞白血病病毒	动物
肿胀尖锥虫	动物
细齿小厚壳水蚤	动物
倭狨	动物
细浅室水母	动物
白耳黄鸡	动物
船蛸	动物
刺近糠虾	动物
百慕大日角猛水蚤	动物
星毛虫	动物
绍鸭	动物
布氏鹨	动物
轴尾钩虾	动物
小型磷虾	动物
棕腹蓝仙鹟	动物
环礁水母	动物
蠓	动物
河豚科动物	动物
小碟螅	动物
棕星脚	动物
棕臀噪鹛	动物
挪威红牛	动物
红尾鸫	动物
冠爪哲水蚤	动物
灰喉鸦雀	动物
衣原体	动物
吞噬细胞	动物
小球六手水母	动物
赤猴	动物
肝吸虫	动物
蝗蝻	动物
宽八拟杯水母	动物
棕脸鹟莺	动物
莆田猪	动物
牛头巧	动物
大型拟浮萤	动物
煤山雀	动物
长角隆哲水蚤	动物
南苇羚	动物
五趾广绊犰狳	动物
苏塞克斯牛	动物
巨大螯蜚	动物
家蚕	动物
单囊美螅水母	动物
克氏纺锤水蚤	动物
灰斑鸠	动物
圆囊箭虫	动物
沙钩虾	动物
广口小桧叶螅	动物
白腰滨鹬	动物
西鹌鹑	动物
斑姬鹟	动物
库兰驴	动物
尖刺突尾水虱	动物
剃枝虫	动物
双球菌	动物
缢八束水母	动物
缩直杯螅水母	动物
几德兰马	动物
拟哲水蚤	动物
日本黑变喉萤	动物
大绿雀鹎	动物
三角头喜铃水虱	动物
大洋堪拿水母	动物
灰翅鸫	动物
冠毛燧磷虾	动物
白腿小隼	动物
栗红叶猴	动物
简美螅	动物
蛇异肢水蚤	动物
海南鳽	动物
佩尔代马	动物
转钟螅	动物
五角水母	动物
白斑翅雪雀	动物
绿色野生七彩	动物
多盘拟皮鳃螺	动物
阔节角水蚤	动物
黑鸣鹃鵙	动物
白眼鵟鹰	动物
巨额颚糠虾	动物
小刀曲萤	动物
黄斑海蜇	动物
蛎鹬	动物
疑锥	动物
戴氏盘羊	动物
亚马逊河白海豚	动物
粗糙刺糠虾	动物
前苏联黑白花牛	动物
涡螺	动物
美国银河马	动物
绒毛蛛猴	动物
三角多面水母	动物
有额盔头猛水蚤	动物
大羚羊	动物
黑皮管水蚤	动物
短钝溞	动物
小长腹剑水蚤	动物
西藏毛腿沙鸡	动物
米氏小叶鞘	动物
拟铃浅室水母	动物
青岛瘤海鞘	动物
纳米海萤	动物
白尾牛羚	动物
黑短脚鹎	动物
莫氏二段海鞘	动物
赛克斯白	动物
皮表寄生虫	动物
砖形瓦浮萤	动物
衣蛾	动物
软住筒虫软褶海鞘	动物
深小厚壳水蚤	动物
德氏广绊犰狳	动物
岩羊	动物
黑顶林莺	动物
藏鸡	动物
黑鸢	动物
夜鹭	动物
凤头树燕	动物
尖头巾	动物
软拟叶	动物
赤眼蜂	动物
蚜	动物
金头缝叶莺	动物
地中海僧海豹	动物
蓝须夜蜂虎	动物
黑须僧面猴	动物
裸拟哲水蚤	动物
支原体	动物
前山拟毛	动物
阿萨姆噪鹛	动物
乌金猪	动物
子囊	动物
伯氏平头水蚤	动物
大猩猩	动物
贝加尔海豹	动物
三窦舴艋螺	动物
多面水母	动物
十盘水母	动物
小嘴乌鸦	动物
锥毛似帚毛虫	动物
金头狮面狨	动物
尾蚴	动物
多毛刺哲水蚤	动物
对称瓦浮萤	动物
和平水母	动物
金黄鹂	动物
三叶虫	动物
双光水蚤	动物
小腺后浮萤	动物
灰头麦鸡	动物
蚕蛹	动物
星座三段海鞘	动物
阿氏六手水母	动物
外衣病毒	动物
刺盾水蚤	动物
栗斑杜鹃	动物
南露脊海豚	动物
叉毛矛毛虫	动物
智利马驼鹿	动物
栗鳽	动物
细纹苇莺	动物
瘤头鸭	动物
针尾绿鸠	动物
金色林鸲	动物
白鹈鹕	动物
褐灰雀	动物
白考尼什鸡	动物
布氏拟亮羽水蚤	动物
中华玻璃虾	动物
中约克夏猪	动物
淡黄腰柳莺	动物
小枪水蚤	动物
大长嘴地鸫	动物
黑鹳	动物
褐头岭雀	动物
毛腿渔鸮	动物
毛沙钩虾	动物
无毒病毒	动物
刺额海羽水蚤	动物
蓝额红尾鸲	动物
白颈噪鹛	动物
晃蜂鳃虱	动物
卵形等刺水蚤	动物
红背伯劳	动物
芋螺	动物
海笔螅水母	动物
小盖鳃虱	动物
黑斑棒神须虫	动物
董鸡	动物
欧歌鸫	动物
宽弯龟螺	动物
东亚大眼剑水蚤	动物
瘦半肢水蚤	动物
哈萨克马	动物
德温牛	动物
蚱蝉	动物
小异形水母	动物
突巧	动物
港海豹灰海豹	动物
兜甲萤	动物
四值	动物
有孔虫	动物
芽斜球水母	动物
大白鹭	动物
钳四盾	动物
棕朱雀	动物
蒙古牛	动物
加州海狮	动物
中白鹭	动物
梭形驼背涟虫	动物
旋木雀	动物
菲律宾黑鹿	动物
光水蚤	动物
相模背鳞虫	动物
金臂狮面狨	动物
覆瓦背叶虫	动物
亲代病毒	动物
五步蛇	动物
栗苇鳽	动物
明多罗水牛	动物
蓓蕾海鞘	动物
澳洲齐海鞘	动物
有翼突叶蚕	动物
日本邻钩虾	动物
南美鼠海豚	动物
H1N1	动物
史氏蝗莺	动物
环口线螅	动物
红额金翅雀	动物
帚吼猴	动物
瘤角真亮羽水蚤	动物
尖真刺水蚤	动物
蓝过背金龙	动物
骆马	动物
腹突拟宽水蚤	动物
变色蜥蜴	动物
大指爪	动物
蛇螺	动物
寒鸦	动物
印度感棒水母	动物
凶形箭虫	动物
须鲸科动物	动物
赛克斯褐	动物
长旋螺	动物
银环蛇	动物
玻璃鱼	动物
诺氏三角溞	动物
非洲水牛	动物
钝巧	动物
奴假鳃虱	动物
大沙锥	动物
黑冠鹃隼	动物
棕褐短翅莺	动物
细长真浮萤	动物
海鸬鹚	动物
蝇子	动物
大羊驼	动物
斑翅椋鸟	动物
结节鳃虱	动物
半蹼鹬	动物
大胃拟唇腕水母	动物
疑美螅水母	动物
狗蝇	动物
纤毛大尾溞	动物
斑胸噪鹛	动物
土耳其盘羊	动物
无棱水母	动物
灰头鸦雀	动物
鲍螺	动物
海豚	动物
北方贪萤	动物
黑冠鳽	动物
管栖蜚	动物
皮屑奇孔螅	动物
小齿真喜萤	动物
贡山麂	动物
淡红合螅	动物
竹节蛇	动物
蝶螺	动物
白蚤	动物
红尾鸭嘴	动物
尖角水虱	动物
螳	动物
鄂伦春马	动物
黄嘴栗啄木鸟	动物
游荡鲸虱	动物
大别山牛	动物
拟软萤	动物
灰岩柳莺	动物
毛明钩虾	动物
伊萨褐鸡	动物
小羚小岩羚	动物
毛冠鹿	动物
青岛板钩虾	动物
白唇鹿	动物
三叉琴尾鱼	动物
秘鲁夜猴	动物
略残次疑囊猛水蚤	动物
食虫虻	动物
金叶剑水蚤	动物
锥形多管水母	动物
宽尾刺糠虾	动物
三角蛤	动物
乳状萼水母	动物
大球潜水母	动物
剑鸻	动物
白顶溪鸲	动物
小鼻钩虾	动物
瘦尾胸刺水蚤	动物
孔雀丽哲水蚤	动物
豸	动物
毛虫	动物
纤细撬虫	动物
白领凤鹛	动物
黑腹滨鹬	动物
银河斑马	动物
日本海天牛	动物
欧斑鸠	动物
叶手水母	动物
灰柳莺	动物
齿尾角水蚤	动物
长足似蛮	动物
球状许水蚤	动物
灰头鹀	动物
曼安茹牛	动物
高鼻羚羊	动物
耳突平头水蚤	动物
家蝇	动物
家鸦	动物
锥笔帽螺	动物
冠海雀	动物
达氏波水蚤	动物
多毛犰狳	动物
间纹斑纹海豚	动物
红原鸡	动物
普通朱雀	动物
红隼	动物
小型拟浮萤	动物
白颊山鹧鸪	动物
有翅蚜	动物
顶突潜水母	动物
蝎	动物
顶突尖塔水母	动物
九龙牦牛	动物
成吉思汗鲨	动物
黑嘴鸥	动物
似钩手水母	动物
两广小花猪	动物
许水蚤	动物
乳突皮海鞘	动物
伊予双眼钩虾	动物
河田鸡	动物
非洲疣猪	动物
稚齿虫	动物
鳞腹沟虫	动物
须浮鸥	动物
无翅蚜虫	动物
贺兰山红尾鸲	动物
眼拟海帽水母	动物
巴洛米诺兔	动物
普通燕鸻	动物
太平洋大眼剑水蚤	动物
远东树莺	动物
噬菌体	动物
绿喉蜂虎	动物
震旦鸦雀	动物
草蜻蛉	动物
灰海豚	动物
黄脚银鸥	动物
弯嘴滨鹬	动物
水蛭	动物
长刺小厚壳水蚤	动物
大绿嘴地鹃	动物
蜚	动物
马麝	动物
白额卷尾猴	动物
非对称拟海萤	动物
双眼海萤	动物
长角异刺水蚤	动物
刘氏拟钩虾	动物
加拿大盘羊	动物
尺蠖	动物
隐长腹剑水蚤	动物
灰脸鵟鹰	动物
汉森莹虾	动物
具刺端	动物
优秀燧磷虾	动物
真隔膜水母	动物
克氏长臂猿	动物
霍氏海豚	动物
多形皮海鞘	动物
黄喉雀鹛	动物
狭腹多面水母	动物
瘤手水母	动物
青岛菊海鞘	动物
叶足水蚤	动物
小	动物
佳羽螅	动物
云南柳莺	动物
三凹海天牛	动物
脆鳞虫	动物
小黄冠啄木鸟	动物
锡博加拟软萤	动物
灰眼短脚鹎	动物
烟台异手水母	动物
拟真刺水蚤	动物
松雀	动物
安氏深海浮萤	动物
夜光虫	动物
齿足蛮	动物
瘤背凹缘侧鳃	动物
黑脚信天翁	动物
脊髓灰质炎病毒	动物
疣拟蹄水母	动物
疥虫	动物
雕盔头	动物
流苏鹬	动物
星杂	动物
猴科动物	动物
菌种	动物
黑百灵	动物
威尔士矮马	动物
咽喉筒螅	动物
高邮鸭	动物
赤胸拟啄木鸟	动物
犰狳科动物	动物
叉尾斗鱼	动物
肥尾鼠狐猴	动物
翼萤	动物
镶边园辐虫	动物
摇蚊	动物
方盘首蚕	动物
黄臀啄花鸟	动物
植丛管螅	动物
锦真胖水蚤	动物
细小多管水母	动物
三趾滨鹬	动物
赤腰吻殊足猛水蚤	动物
红肚凤凰	动物
深海浮萤	动物
大狐猴	动物
长纺锤水蚤	动物
拟钩虾	动物
膜质才女虫	动物
倭蛛猴	动物
皱摺真喜萤	动物
玫瑰花蓝水母	动物
黄腹扇尾鹟	动物
新乔治才女虫	动物
火尾绿鹛	动物
春蚕	动物
黑头角雉	动物
珍珠雀	动物
三列柏叶螅	动物
红胸朱雀	动物
东黑白疣猴	动物
褐胁雀鹛	动物
黑喉红尾鸲	动物
乳点水蚤	动物
灰头椋鸟	动物
波氏袖水蚤	动物
德州驴	动物
异体住囊虫	动物
白冠攀雀	动物
两列海笔螅	动物
爬行藻钩虾	动物
台湾囊糠虾	动物
钩虫	动物
日本海萤	动物
白来福牛	动物
江豚	动物
楔形翼钟水母	动物
铜蓝鹟	动物
酵母	动物
黑领噪鹛	动物
懒猴科动物	动物
刺深角水蚤	动物
白尾地鸦	动物
棕头鸥	动物
假贞女刺萤	动物
瘤拟真刺水蚤	动物
白腮猴	动物
吴氏真刺水蚤	动物
截拟平头水蚤	动物
海牛	动物
磷虾	动物
不规则拟海萤	动物
安纽鳃樽	动物
细节糠虾	动物
多变箭虫	动物
小杓鹬	动物
红瞪羚	动物
岛鸫	动物
长嘴捕蛛鸟	动物
海狮科动物	动物
白眉鹀	动物
节泡真虫	动物
蚶蜊	动物
长毛钩虾	动物
白斑军舰鸟	动物
蚊子	动物
白腰草鹬	动物
红交嘴雀	动物
褐头山雀	动物
翡翠凤凰	动物
孤沙锥	动物
原虫	动物
海龙箭虫	动物
白头叶猴	动物
布氏夜猴	动物
皮氏拟明钩虾	动物
十棱浅室水母	动物
红嘴相思鸟	动物
囊尕外肋水母	动物
东方盘羊	动物
日本歌鸲	动物
扁平短腹海鞘	动物
麦秆虫	动物
杏花鸡	动物
盘羊	动物
红梅花雀	动物
飞蝗	动物
灰尾漂鹬	动物
节糠虾	动物
多肌纽鳃樽	动物
矛隼	动物
刺指片钩虾	动物
长臂猿科动物	动物
厚麦杆虫	动物
端庄真瘤水母	动物
俄勒冈外团水虱	动物
转角牛羚	动物
圆盘拟软萤	动物
辛地牛	动物
褐喉食蜜鸟	动物
西伯利亚狍	动物
捻角山羊	动物
海克尼马	动物
钝住囊虫	动物
小球泳水母	动物
拟帽水母	动物
来亨鸡	动物
黑褐新糠虾	动物
家麻雀	动物
瘦拟丽	动物
莫氏铃萤	动物
蝴蝶	动物
小杜鹃	动物
黑喉山鹪莺	动物
熊猴	动物
中亚夜鹰	动物
太平洋潜鸟	动物
黑枕燕鸥	动物
铜翅水雉	动物
疱疹病毒	动物
仙居虫	动物
厦门细小真枝螅	动物
黑脸狮面狨	动物
烟蚜	动物
软萤	动物
松雀鹰	动物
罗氏海豹	动物
瓦浮萤	动物
蚕蚁	动物
舴艋螺	动物
寒蝉	动物
粗糙二段海鞘	动物
白尾蓝仙鹟	动物
丑鸭	动物
双刺麦壳水蚤	动物
多棱浅室水母	动物
普通鹰鹃	动物
尼克肉鸡	动物
石鸡	动物
西方海蟑螂	动物
阿拉伯长角羚	动物
鼻涕虫	动物
河蜾嬴蜚	动物
白腰鹊鸲	动物
中国斗鱼	动物
娇嫩线脚磷虾	动物
贝氏新小羚	动物
银锦蛤	动物
淡尾鹟莺	动物
酃县白鹅	动物
大草鹛	动物
中国双眼钩虾	动物
萼花臂尾轮虫	动物
小唇角水蚤	动物
舟拟真刺水蚤	动物
刺喙葱萤	动物
草履虫	动物
短尾基齿哲水蚤	动物
黑琴鸡	动物
隐住筒虫隐褶海鞘	动物
青脚鹬	动物
瘤海羽水蚤	动物
鸳鸯	动物
跳虱	动物
体内寄生虫	动物
窝穴深海浮萤	动物
棕胸竹鸡	动物
长尾鸭	动物
敏捷真喜萤	动物
人乳头状瘤病毒	动物
曲长钟螅	动物
晶明蚕	动物
丹氏厚壳水蚤	动物
夜猴	动物
铅螺	动物
长尾山椒鸟	动物
花椒鼠	动物
黄眉鹀	动物
双齿许水蚤	动物
角状桧叶螅	动物
原生质	动物
小齿海樽依氏亚钟	动物
暗绿柳莺	动物
中国斗鸡	动物
拟圆荚萤	动物
毛	动物
非拟海鳞虫	动物
短尾鸦雀	动物
寡毛刺哲水蚤	动物
奇异脓海鞘	动物
海科蛋鸡	动物
鹿瞪羚	动物
大须鲸	动物
灰腹地莺	动物
棕眉山岩鹨	动物
长须梯毛虫	动物
异叶足水蚤	动物
短角枪水蚤	动物
茸伪胖水蚤	动物
叉尾太阳鸟	动物
毛肩浮蚕	动物
白眉蓝姬鹟	动物
三叶针尾涟虫	动物
淡色沙燕	动物
翼白钩虾	动物
淡足鹱	动物
大仙鹟	动物
小拟毛	动物
紫背椋鸟	动物
海沧触丝水母	动物
厦门外肋水母	动物
长指简角水蚤	动物
微凸镜轮虫	动物
尖锥虫	动物
欧亚鵟	动物
海南居虫	动物
奥登堡马	动物
短尾胸刺水蚤	动物
蟓	动物
渡鸦	动物
猩猩	动物
蛇雕	动物
扎克藻钩虾	动物
黑颏果鸠	动物
飞蛾	动物
冠纹柳莺	动物
印度假小糠虾	动物
黑喉潜鸟	动物
黑腰滨鹬	动物
偏口蛤	动物
玫瑰鲫	动物
火尾太阳鸟	动物
西方秧鸡	动物
维乐马	动物
白翅啄木鸟	动物
东方尾钩虾	动物
拟面具水母	动物
台湾斑翅鹛	动物
白色圆柱水虱	动物
小林羚	动物
泡抱球虫	动物
蚁后	动物
黑额伯劳	动物
心蛤	动物
鹮嘴鹬	动物
栉兜甲萤	动物
水牛	动物
横胸棍海鞘	动物
动鳃虱	动物
普通翠鸟	动物
背叶虫	动物
东普鲁士马	动物
帕氏双刺水蚤	动物
大尾猛水蚤	动物
紫云蛤	动物
变叶足水蚤	动物
链球菌	动物
紫蓝盖缘水母	动物
济南花鸡	动物
绿脚山鹧鸪	动物
褐翅叉尾海燕	动物
白腹短翅鸲	动物
中华异节鳃虱	动物
不定帕腊水母	动物
中国黑白花牛	动物
青紫蓝兔	动物
钩嘴圆尾鹱	动物
绿翅短脚鹎	动物
薄刀鱼短足鱼蚤	动物
苍鹰	动物
显孔	动物
黄纹拟啄木鸟	动物
群居昆虫	动物
雪特兰矮马	动物
亨氏牛羚	动物
红眉松雀	动物
澳洲多管水母	动物
金黄水母	动物
黑头穗鹛	动物
灰白喉林莺	动物
邦海樽	动物
领角鸮	动物
马珂蛤	动物
异果双浮萤	动物
小仙鹟	动物
顶大多面水母	动物
伊犁马	动物
巴山牛	动物
小黄脚鹬	动物
小白腰雨燕	动物
爪哇野牛	动物
佛罗里达多管水母	动物
眼镜蛇	动物
泰国虎	动物
褐头凤鹛	动物
蜣螂	动物
甲肝病毒	动物
黄嘴蓝鹊	动物
毛里乐园钩虾	动物
雪鹑	动物
双叉拟软萤	动物
植物致病病毒	动物
琵嘴鸭	动物
真刺水蚤	动物
皖南牛	动物
鹰鹃	动物
相手平滑鳃虱	动物
六绊犰狳	动物
冬虫夏草	动物
豆雁	动物
中华白海豚	动物
海豹科动物	动物
红嘴鸥	动物
菜青虫	动物
坚实八拟杯水母	动物
多刺裸腹溞	动物
垂直住囊虫	动物
沂蒙黑猪	动物
基齿哲水蚤	动物
铁岭挽马	动物
海鞘	动物
黄头狨	动物
白头鹤	动物
小介穗水母	动物
喙头海豚	动物
大织纹螺	动物
克氏殖口螅	动物
灵华管水蚤	动物
台湾棕颈钩嘴鹛	动物
豆娘	动物
鹑螺	动物
大耳羚	动物
绿鹭	动物
枪水蚤	动物
小微哲水蚤	动物
林岭雀	动物
白眉鸭	动物
日本沙钩虾	动物
盘形美螅水母	动物
菌类	动物
沿岸端糠虾	动物
加氏拉诺水虱	动物
八帽水母	动物
灰背燕尾	动物
白喉红臀鹎	动物
球叶须虫	动物
卵形双体水母	动物
哲胸刺水蚤	动物
短嘴豆雁	动物
尖片	动物
真枝螅	动物
担轮幼虫	动物
奥氏胸刺水蚤	动物
长尾住囊虫	动物
螳螂	动物
背齿假疼萤	动物
标准马	动物
黑喉毛脚燕	动物
羽尖头水蚤	动物
狐猴科动物	动物
红腹灰雀	动物
山羚	动物
印度鲮鲤	动物
九绊犰狳	动物
星叶剑水蚤	动物
宁乡猪	动物
马蹄水母	动物
黑背信天翁	动物
分叉多孔螅	动物
钝翅苇莺	动物
海斯康佛脱牛	动物
瘦线脚磷虾	动物
无柄碟螅	动物
地蚕	动物
萨氏异涟虫	动物
敏长腹剑水蚤	动物
长足尖头	动物
灰蓝山雀	动物
隐居蜾嬴蜚	动物
黑长臂猿	动物
麦螺	动物
九针原螅鳃虱	动物
灿烂裸果螅	动物
纹头斑翅鹛	动物
上海白猪	动物
中国豆海鞘	动物
双节螅	动物
蝶蛹	动物
肉牛王	动物
南海扁胃水母	动物
壶螺	动物
李氏马尔他钩虾	动物
斑姬啄木鸟	动物
长指马尔他钩虾	动物
拟臂	动物
微胖大眼剑水蚤	动物
敏捷蜾嬴蜚	动物
蒙古沙雀	动物
病毒体	动物
左突唇角水蚤	动物
大叶海天牛	动物
叶足小厚壳水蚤	动物
无刺海萤	动物
刺形真帚萤	动物
晋南牛	动物
双附麦杆虫	动物
尖基齿哲水蚤	动物
肺蛭	动物
栗腹歌鸲	动物
莹虾	动物
盾状双钟水母	动物
长眼条	动物
灰胁噪鹛	动物
朝鲜刺糠虾	动物
巨真胖水蚤	动物
环斑海豹	动物
长尾林鸮	动物
曲荚螅	动物
污贱真喜萤	动物
荀氏叶鳃螺	动物
沙羚	动物
蟑啷	动物
黑长尾雉	动物
细嘴鸥	动物
明晰附额	动物
中华短翅莺	动物
真喜萤	动物
粗指小袖水蚤	动物
黑羽狨	动物
皇简角水蚤	动物
安氏隆哲水蚤	动物
克氏简角水蚤	动物
短大眼剑水蚤	动物
环颈鸻	动物
矛毛虫	动物
齿角舟水母	动物
隔状箭虫	动物
蓝歌鸲	动物
泽鹿	动物
弯指伊氏钩虾	动物
多刺黄水蚤	动物
笑鸥	动物
吐露梨鳃虱	动物
红胸姬鹟	动物
白点翅拟蜡嘴雀	动物
褐柳莺	动物
林肯红牛	动物
滇南小耳猪	动物
深缘海天牛	动物
棕颏噪鹛	动物
斧蛤	动物
秃鹫	动物
藏猪	动物
凤头鹰雕	动物
白腹黑啄木鸟	动物
黄腹冠鹎	动物
短尾鹪鹛	动物
低额脊水蚤	动物
三道眉草鹀	动物
林八哥	动物
平滑腹腺浮萤	动物
大桨剑水蚤	动物
笔帽螺	动物
镰形龟甲猛水蚤	动物
蝶形棱口水母	动物
绿喉太阳鸟	动物
金州马	动物
欧亚红尾鸲	动物
芒蛤	动物
弯指锥	动物
刀螂	动物
四齿强叶螅	动物
栗头八色鸫	动物
尼克蛋鸡	动物
金娃娃	动物
郁乌叶猴	动物
海扇蛤	动物
日本松雀鹰	动物
壮大对虾鳃虱	动物
杨桃螺	动物
西爪哇叶猴	动物
黑顶噪鹛	动物
凸形多面水母	动物
湖川山地猪	动物
峨眉黑鸡	动物
小深角水蚤	动物
巴岛花鹿	动物
橙胸姬鹟	动物
金胸雀鹛	动物
长尾类幼体	动物
漾虫	动物
裂足轮虫	动物
纹喉凤鹛	动物
日本鹡鸰	动物
红绿疣猴	动物
霍氏伶猴	动物
球菌	动物
黄额鸦雀	动物
诺曼底牛	动物
斑尾林鸽	动物
普拉塔河豚	动物
橙翅噪鹛	动物
中华假磷虾	动物
多氏玻璃钩虾	动物
长尾鹦雀	动物
帽形真哲水蚤	动物
隆线背鳞虫	动物
长腕幼虫蛇尾纲	动物
粗刺刺萤	动物
白腰斑纹海豚	动物
斑点厚剑水蚤	动物
三指角水蚤	动物
象鼻虫	动物
博氏双眼钩虾	动物
六鳍箭虫	动物
黑枕黄鹂	动物
斑嘴鸭	动物
奇爪猛水蚤	动物
蠖	动物
红嘴巨鸥	动物
鸟喙磷虾	动物
大西洋直浮萤	动物
大波刺水蚤	动物
晶莹仙达溞	动物
潜泥蛤	动物
圣代三段海鞘	动物
缪勒海樽克氏亚钟	动物
金定鸭	动物
苍头竹啄木鸟	动物
球大额萤	动物
达氏叶剑水蚤	动物
灰鹀	动物
长齿光水蚤	动物
所氏日端鳃虱	动物
白住囊虫	动物
谷蛾	动物
领鸺鹠	动物
小鳞脆鳞虫	动物
吸浆虫	动物
羽须虫	动物
长虫	动物
欧金鸻	动物
宽角粗毛溞	动物
蟹双眼钩虾	动物
蝈蝈	动物
无角红牛	动物
锥头虫	动物
微弱美螅水母	动物
狄高黄鸡	动物
海狗	动物
帽形枪水蚤	动物
触角伪才女虫	动物
宽尾树莺	动物
白云金丝鱼	动物
绒毛猴	动物
瘦介穗水母	动物
青头潜鸭	动物
盲鱼	动物
角突臂尾轮虫	动物
楔嘴鹩鹛	动物
毒蜘蛛	动物
超短柄杯螅	动物
超级病菌	动物
皮尔斯鸡	动物
白眶鸦雀	动物
仓鸮	动物
拟双生水母	动物
印度河豚	动物
巴西埃蜚	动物
草鸮	动物
毒蛇	动物
雌蚁	动物
四齿长角螺	动物
蓝胸秧鸡	动物
蠹	动物
短角舟水蚤	动物
藏雪雀	动物
衣鱼	动物
人肠道孤病毒	动物
麦氏贼鸥	动物
黄胸鹀	动物
安第斯伶猴	动物
鬼夜猴	动物
汉中白猪	动物
广东外肋水母	动物
二腺翼萤	动物
阿拉塔乌牛	动物
大亮羽水蚤	动物
龟螺	动物
扁叶多孔螅	动物
金华猪	动物
缘齿厚壳水蚤	动物
红脚鲣鸟	动物
楔尾绿鸠	动物
勒氏真双盘海鞘	动物
花田鸡	动物
棕腹仙鹟	动物
横棱多面水母	动物
金腰燕	动物
针刺弯喉萤	动物
七绊犰狳	动物
倭岩羊	动物
洛克鸡	动物
短平头水蚤	动物
黄绒毛猴	动物
白眉山雀	动物
四眼鱼	动物
顶突瓮水母	动物
密毛犰狳	动物
斑颈穗鹛	动物
深层真虫	动物
赤尾噪鹛	动物
美羽螅	动物
短柄侧丝水母	动物
蜗牛	动物
胶州和平水母	动物
金头穗鹛	动物
初生菊海鞘	动物
母蜂	动物
大黄冠啄木鸟	动物
长尾雀	动物
三叶坚固水母	动物
点胸鸦雀	动物
及欧那格驴	动物
白腰杓鹬	动物
阿法海鞘	动物
日本真喜萤	动物
岩雷鸟	动物
半口壮丽水母	动物
心管水母	动物
小灰山椒鸟	动物
侏蓝仙鹟	动物
太湖鹅	动物
黄嘴山鸦	动物
东方鸻	动物
桑寄生	动物
黑斑牛羚	动物
鹅喉羚	动物
红头长尾山雀	动物
北山羊	动物
澳海狮	动物
沼泽区犰狳	动物
逆转录酶病毒	动物
沙丘鹤	动物
毛钩虾	动物
蓝马羚	动物
高额脊水蚤	动物
枝多管水母	动物
远东山雀	动物
短密原	动物
印度柱螯磷虾	动物
地中海皮鳃螺	动物
双叉薮枝螅水母	动物
乳用短角牛	动物
紫林鸽	动物
东方樱虾	动物
奇异稚齿虫	动物
斑嘴鹈鹕	动物
线真亮羽水蚤	动物
无角海福牛	动物
角锚真哲水蚤	动物
紫水鸡	动物
心形真唇水母	动物
六辐美螅水母	动物
柱螯磷虾细长手磷虾	动物
高跷鹬	动物
栗腹矶鸫	动物
克福角水蚤	动物
厚角蜾赢蜚	动物
剌纹水母	动物
红嘴蓝鹊	动物
棕胸佛法僧	动物
笋螺	动物
弓小厚壳水蚤	动物
不等齿突猫萤	动物
岩鹭	动物
滩拟猛钩虾	动物
长额磷虾	动物
达乌里寒鸦	动物
玻叶浮萤	动物
真唇水母	动物
无刺假近糠虾	动物
白臀叶猴	动物
黑眉长尾山雀	动物
草原雕	动物
惠阳胡须鸡	动物
双刺端	动物
光背地鸫	动物
长尾奇鹛	动物
等刺隆剑水蚤	动物
牡蛎	动物
帆细身钩虾	动物
骨螺	动物
黄眉林雀	动物
斑迪乌莉	动物
叶鳃螺	动物
灰背鸫	动物
小拟叶	动物
尖额唇角水蚤	动物
曙光叶剑水蚤	动物
口腔疱疹病毒	动物
小夜猴	动物
泳蚕	动物
麦克伦堡马	动物
角蝉	动物
草原鹞	动物
歌百灵	动物
休氏蛮	动物
蜻蜓	动物
珠颈斑鸠	动物
黄眉姬鹟	动物
谷象	动物
四刺和糠虾四刺原新糠虾	动物
毛腿耳夜鹰	动物
蚱蜢	动物
真强状水母	动物
雪鸽	动物
深凹囊糠虾	动物
广口拟棍螅水母	动物
中华攀雀	动物
小拟哲水蚤	动物
夏洛来牛	动物
中华凤头燕鸥	动物
奇异猛水蚤	动物
多毛拟浮萤	动物
异小厚壳水蚤	动物
拟游隼	动物
阿莲卡蓝袖鲷	动物
斑文鸟	动物
山皇鸠	动物
伪长腹剑水蚤	动物
黑胸鸫	动物
日本角鸮	动物
圣格特鲁牛	动物
肠细菌	动物
蚤丽	动物
锥棒螺	动物
互氏水羚	动物
鹈足螺	动物
笔螺	动物
小真叶	动物
蚁住筒虫蚁褶海鞘	动物
人類乳突病毒	动物
延边牛	动物
钩小蛇稚虫	动物
缩头虫	动物
纹胸织雀	动物
小浮萤	动物
巨犰狳	动物
荷兰牛	动物
中国急游水虱	动物
淡绿鵙鹛	动物
鳞喉绿啄木鸟	动物
海伦暗哲水蚤	动物
密氏倭狐猴	动物
白秋沙鸭	动物
盔形双体水母	动物
灰椋鸟	动物
近缘真亮羽水蚤	动物
红夜蛾	动物
山苇羚	动物
波兰兔	动物
日本蟹鳃虱	动物
大红鹳	动物
毛耳鼠狐猴	动物
荷兰小型兔	动物
褐耳鹰	动物
黑耳岩羚	动物
纺锤水蚤	动物
瓦二精囊海鞘	动物
褐脸雀鹛	动物
灰头鹦鹉	动物
利木赞牛	动物
索氏瞪羚	动物
六突圆荚萤	动物
殖离海樽	动物
南极海狗	动物
北方乳点水蚤	动物
白长角羚	动物
中贼鸥	动物
牛头伯劳	动物
休氏树莺	动物
三河牛	动物
麦蚜虫	动物
卜氏晶囊轮虫	动物
网状帕腊水母	动物
蜱	动物
华中两头乌猪	动物
蚴	动物
中亚鸽	动物
靴隼雕	动物
扭角林羚	动物
八拟杯水母	动物
等刺拟浮萤	动物
动側隐鳃虱	动物
暗绿背鸬鹚	动物
暗黑伶猴	动物
长轴螺	动物
海赛克斯褐鸡	动物
赤胁麂羚	动物
长锥虫	动物
鸦嘴卷尾	动物
枣北牛	动物
丽真胖水蚤	动物
小体浅室水母	动物
乌燕鸥	动物
蛹	动物
榧螺	动物
钝角锥水母	动物
盲蚕	动物
瘦长胸刺水蚤	动物
枯叶蛾	动物
红嘴椋鸟	动物
斑背潜鸭	动物
群居才女虫	动物
拟叶	动物
棕顶树莺	动物
弧刺真浮萤	动物
嘴拟软萤	动物
蓝翡翠	动物
凹腹盖鳃水虱	动物
长尾外毛猛水蚤	动物
大花白猪	动物
史氏菊海鞘	动物
长叉舟哲水蚤	动物
白头鹀	动物
红毛虾	动物
全棱浅室水母	动物
岛居似帚毛虫	动物
哈氏直浮萤	动物
花脸鸭	动物
瘦平头水蚤	动物
欧洲盘羊	动物
越南锥头虫	动物
黑冠鹎	动物
枣荚果螅	动物
平尾刺糠虾	动物
红角鸮	动物
金斑鸻	动物
黑叉尾海燕	动物
中华哈特海鞘	动物
双齿特异小桧叶螅	动物
斑椋鸟	动物
西伯龟甲海鞘	动物
绦虫	动物
恒河豚	动物
软背鳞虫	动物
异糠虾	动物
多哥拟钩虾	动物
算盘蛤	动物
日本树莺	动物
崖沙燕	动物
太阳水母	动物
冠海豹	动物
螗	动物
棕腹隼雕	动物
新西兰海狮	动物
草扒子	动物
履状钟螅	动物
辐状枝手水母	动物
西南冠纹柳莺	动物
小抹香鲸	动物
库尔德马	动物
领燕鸻	动物
瘦歪水蚤	动物
弱小铃萤	动物
白腹海雕	动物
奥暗哲水蚤	动物
戴帽叶猴	动物
花白海豚	动物
爱神蛤	动物
大螯巨亮钩虾	动物
玻璃虾	动物
瘦长毛猛水蚤	动物
情帽真瘤水母	动物
双浮萤	动物
褐头蛛猴	动物
中华原钩虾	动物
灰林鸽	动物
彩虹蜂虎	动物
柔弱磷虾柔嫩磷虾	动物
白玉凤凰	动物
皱瘤海鞘	动物
秘鲁马驼鹿	动物
海筒螅	动物
江珧蛤	动物
瘤蚕	动物
噪鹃	动物
斯氏长足猛水蚤	动物
昆虫	动物
大柱螯磷虾大眼手磷虾	动物
狭长箭虫	动物
蝉	动物
蛾子	动物
湘西黑猪	动物
黑点叶剑水蚤	动物
温岭高峰牛	动物
羽环纽鳃樽长柄亚钟	动物
金额叶鹎	动物
糙齿长吻海豚	动物
喜山点翅朱雀	动物
金小厚壳水蚤	动物
梅花鹿	动物
梭形住囊虫	动物
杰氏背鳞虫	动物
双突真胖水蚤	动物
异厚盖钩虾	动物
灰冠鸦雀	动物
金竹驯狐猴	动物
三突蛀木水虱	动物
蒙古原羚	动物
秦川牛	动物
巴塔唇角水蚤	动物
背羽须虫	动物
十字佐氏水母	动物
小鸥	动物
卵形光水蚤	动物
双牙喜萤	动物
印度野牛	动物
长尾阔嘴鸟	动物
平滑后浮萤	动物
双突黄水蚤	动物
窄板蜂鳃虱	动物
贝环纽鳃樽	动物
真囊水母	动物
萤火虫	动物
四川旋木雀	动物
东方斑	动物
海兔螺	动物
粗海笔螅水母	动物
粉蝶	动物
褐喉旋木雀	动物
哈氏仿疑囊猛水蚤	动物
马蝇	动物
倍足纲节肢动物	动物
活泼黄水蚤	动物
小棒头	动物
游隼	动物
砂蜥	动物
印度哈鳞虫	动物
麦氏微钩虾	动物
蓝翅叶鹎	动物
巴氏拟白钩虾	动物
盖洛威牛	动物
毛日藻钩虾	动物
海羽水蚤	动物
百陶箭虫	动物
单齿无棱水母	动物
疫苗	动物
干酵母	动物
鹿科动物	动物
真瘤水母	动物
锯缘拟哲水蚤	动物
锡兰和平水母	动物
大型多管水母	动物
瓜头海豚	动物
瘦乳点水蚤	动物
白腰叉尾海燕	动物
新疆歌鸲	动物
小须鲸	动物
小突歪水蚤	动物
中国瘤海鞘	动物
棕背雪雀	动物
掌刺梭剑水蚤	动物
纸鱼	动物
达那巨海萤	动物
温多德鸡	动物
蠹鱼	动物
道氏纺锤水虱	动物
棕眉柳莺	动物
峨边花牛	动物
斑翅山鹑	动物
小青脚鹬	动物
瘤突地钩虾	动物
红顶绿鸠	动物
垂板浅室水母	动物
扁直杯螅	动物
法氏基齿哲水蚤	动物
斑腰燕	动物
曲腺脓海鞘	动物
霉菌	动物
深异肢水蚤	动物
盔头真胖水蚤	动物
过背金龙	动物
红喉山鹧鸪	动物
藏原羚	动物
七彩神仙鱼	动物
蜂猴	动物
戴帽长臂猿	动物
粗长腹剑水蚤	动物
碟螅	动物
沼鹿	动物
灵巧大眼剑水蚤	动物
蚯蚓	动物
弯尖羽帚毛虫	动物
蜂群	动物
金眼鹛雀	动物
叉刺角水蚤	动物
浙东白鹅	动物
普通波水蚤	动物
食用菌	动物
三角柄蜾赢蜚	动物
矩形臂尾轮虫	动物
嗜酸细菌	动物
星座褶胃海鞘	动物
水羚	动物
金丝鱼	动物
银胸丝冠鸟	动物
洋葱螺	动物
红胸秋沙鸭	动物
宿氏鹿	动物
凯氏麦杆虫	动物
独居昆虫	动物
小型住囊虫	动物
毛毛虫	动物
伤寒菌	动物
钩纺锤水蚤	动物
斑点短鲷	动物
川金丝猴	动物
短尾信天翁	动物
大眼水虱	动物
伪才女虫	动物
斜突拟浮萤	动物
美洲香螺	动物
蜱虫	动物
长腕沙钩虾	动物
拟皮鳃螺	动物
条纹始浮萤	动物
低碟螅	动物
林三趾鹑	动物
攸县鸭	动物
中型毛虾	动物
羊首跳钩虾	动物
褐背针尾雨燕	动物
日本玻璃虾	动物
褐麂羚	动物
棕噪鹛	动物
优美小桧叶螅	动物
白尾鹲	动物
成虫	动物
非活性病毒	动物
知了	动物
葡萄球菌	动物
横纹水母	动物
细毛背鳞虫	动物
栗背短脚鹎	动物
休氏白喉林莺	动物
怀恩多特鸡	动物
枯草杆菌	动物
淡赤拟薄海鞘	动物
红胸田鸡	动物
黑斑脆鳞虫	动物
栗色圆大海萤	动物
沼泽山雀	动物
刀巧	动物
澳洲斑纹龙	动物
印度拟糠虾	动物
抹香鲸科动物	动物
北海狮	动物
烟柳莺	动物
细长腹剑水蚤	动物
白鹤	动物
黄颊山雀	动物
赤颈鹤	动物
多疣海天牛	动物
须优鳞虫	动物
四刺端糠虾	动物
短体浅室水母	动物
小鹀	动物
袋长角螺	动物
长嘴钩嘴鹛	动物
血雀	动物
点翅朱雀	动物
羽环纽鳃樽谢氏亚钟	动物
郏县红牛	动物
囊糠虾	动物
两手真唇水母	动物
寒号虫	动物
高原岩鹨	动物
白脸鹭	动物
红喉潜鸟	动物
绿皇鸠	动物
家鸽	动物
锐唇角水蚤	动物
中华鹧鸪	动物
矩形尖额溞	动物
小伪花剑水蚤	动物
乌嘴柳莺	动物
波氏圆荚萤	动物
敏捷大肢钩虾	动物
红腹角雉	动物
宝螺	动物
普通楼燕	动物
典型异足水蚤	动物
小咬	动物
白眉田鸡	动物
短拟浮萤	动物
丹顶鹤	动物
普度鹿	动物
黄曲霉	动物
修饰裂臂	动物
丝根水母	动物
颗粒二段海鞘	动物
多管水母	动物
异角蜾赢蜚	动物
马来美螅水母	动物
荷斯坦弗里斯牛	动物
食心虫	动物
蛛蛛	动物
锥体浅室水母	动物
孑孓	动物
猛马尔他钩虾	动物
虎皮鱼	动物
光滑平直溞	动物
美丽箭虫	动物
倭短角鹿	动物
日本片钩虾	动物
膨大裸果螅	动物
阿米巴	动物
蛴螬	动物
玫腺浮蚕	动物
虱	动物
苏维埃挽马	动物
地鳖虫	动物
轮根茎螅	动物
绿背姬鹟	动物
水母钳	动物
莫尔根马	动物
日本大螯蜚	动物
凤头雀莺	动物
加洲真枝螅	动物
四刺窄腹剑水蚤	动物
阿哈马	动物
泰和鸡	动物
灰头雀鹛	动物
弓状毒水母	动物
大舟哲水蚤	动物
五指山猪	动物
棒状病毒	动物
莺蛤	动物
镰螅水母	动物
硫磺鹀	动物
中国根茎螅	动物
钟螅	动物
戴安拟显水虱	动物
黄腹山鹪莺	动物
典型大眼剑水蚤	动物
青岛佐氏水母	动物
卷管螺	动物
蛞蝼	动物
同类拟老毛猛水蚤	动物
厌氧菌	动物
白马鸡	动物
锥胃内胞水母	动物
背瘤拟浮萤	动物
新疆褐牛	动物
短尾异糠虾	动物
马鹿	动物
大林猪	动物
蜂型宽	动物
真亮羽水蚤	动物
白头鹎	动物
无须锥头虫	动物
坚长腹剑水蚤	动物
玉带海雕	动物
面盘幼体	动物
海稚虫	动物
栗头地莺	动物
广绊犰狳	动物
异尾平头水蚤	动物
螺旋尖角水母	动物
长鳃麦杆虫	动物
无瘤蚕	动物
小盘盔头猛水蚤	动物
毛虾	动物
巨手浮萤	动物
四川林鸮	动物
皱口双手水母	动物
前腺扁浮萤	动物
固氮菌	动物
粗毛简角水蚤	动物
绿翅鸭	动物
驯鹿	动物
海牛科动物	动物
球盾	动物
四川山鹧鸪	动物
人类免疫缺陷病毒	动物
狭叶剑水蚤	动物
棕额长尾山雀	动物
西里羊水牛	动物
勺鸡	动物
蛐蛐儿	动物
四齿无棱水母	动物
地山雀	动物
短拟内胞水母	动物
拟海鳞虫	动物
多产住筒虫多产褶海鞘	动物
华南冠纹柳莺	动物
微生物	动物
圆荚萤	动物
金背三趾啄木鸟	动物
小桧叶螅	动物
脓海鞘	动物
黄脚绿鸠	动物
瘦海羽水蚤	动物
角突隆剑水蚤	动物
微剌哲水蚤	动物
蠼	动物
小麦线虫	动物
缺刻側红糠虾	动物
切曲萤	动物
蝇	动物
海布罗鸡	动物
须野猪	动物
梯氏鸫	动物
黄雀	动物
齿厚剑水蚤	动物
发冠卷尾	动物
肺吸虫	动物
幼蛤	动物
柯氏侧丝水母	动物
锯齿假浮萤	动物
北方锥	动物
软拟海樽	动物
游片	动物
蓝胸佛法僧	动物
钻心虫	动物
多微刺真帚萤	动物
栗树鸭	动物
蟋蟀	动物
匍匐纵列海鞘	动物
海南细螯虾	动物
黄色才女虫	动物
韦氏团水虱	动物
淡脚树莺	动物
海鸥蛤	动物
美国花马	动物
栗褐海榧螅	动物
棕腹柳莺	动物
刺肋小浮萤	动物
大石鸡	动物
马蜂	动物
溧阳鸡	动物
无鳃螺	动物
青色多管水母	动物
四须蚕	动物
棕三趾鹑	动物
山鹪莺	动物
正型莹虾	动物
薄翅螳螂	动物
黇鹿	动物
柄刺伊氏钩虾	动物
巧言虫	动物
膜翅目昆虫	动物
索氏双唇螅	动物
白头鵙鹛	动物
白腰雪雀	动物
红腹滨鹬	动物
弧菌	动物
台湾猴	动物
扁虫	动物
短尾猴	动物
川褐头山雀	动物
太平洋撬虫	动物
三角拟喜萤	动物
黄金鳉	动物
异枝管水母	动物
三刺节糠虾	动物
南阳黑猪	动物
平原鹨	动物
黑卷尾	动物
H7N9	动物
西印度僧海豹	动物
钟螺	动物
大草莺	动物
飞龙翼箭虫	动物
矮指蚕	动物
壮细螯虾	动物
藤永刺糠虾	动物
胶州湾板钩虾	动物
小鲾盗鱼蚤	动物
屎壳郎	动物
星头啄木鸟	动物
粉红燕鸥	动物
北普度鹿	动物
龙巨海萤	动物
蜇螺	动物
黑海番鸭	动物
拟眼蚕	动物
白色霞水母	动物
沃氏原狐猴	动物
太平洋真宽水蚤	动物
挪威小毛猛水蚤	动物
瘤鸭	动物
白喉红尾鸲	动物
锯形特异螅	动物
短嘴金丝燕	动物
蟹守螺	动物
驼鹿	动物
蛙螺	动物
蛀	动物
响尾蛇	动物
短手水母	动物
彭县黄鸡	动物
斑点叶剑水蚤	动物
多手毒水母	动物
灰燕鵙	动物
帕氏真亮羽水蚤	动物
蓖麻蚕	动物
叉状桧叶螅	动物
红嘴鹲	动物
猎隼	动物
尖尾海萤	动物
贵州马	动物
异手真瘤水母	动物
黑腹燕鸥	动物
七星灯	动物
三江白猪	动物
弱箭虫	动物
棒毛拟隐鳞虫	动物
赤嘴潜鸭	动物
花斑喙头海豚	动物
异节鳃虱	动物
蓝额长脚地鸲	动物
长角枪水蚤	动物
齐氏超红糠虾	动物
白腹锦鸡	动物
扁虱	动物
红麂羚	动物
深海真虫	动物
单峰驼	动物
海南蓝仙鹟	动物
伯氏小厚壳水蚤	动物
曹氏大鳃虱	动物
火腿许水蚤	动物
勺嘴鹬	动物
蓝大翅鸲	动物
卞明蚕	动物
巨嘴沙雀	动物
小鳞胸鹪鹛	动物
铁嘴沙鸻	动物
狨科动物	动物
鼷鹿科动物	动物
太平洋纺锤水蚤	动物
宽身半剑水蚤	动物
背鳞虫	动物
大眼蛮	动物
斯坎鲸虱	动物
丝光椋鸟	动物
仿寄居蟹鳃虱	动物
库页岛柳莺	动物
角单锥虫	动物
猛细螯虾	动物
东方叽喳柳莺	动物
白冠燕尾	动物
镰鳍斑纹海豚	动物
鸟喙尖头溞	动物
美丽长腹水蚤	动物
日本突尾水虱	动物
鞭虫	动物
慢病毒	动物
豆海鞘	动物
灵星管水蚤	动物
领雀嘴鹎	动物
盘首蚕	动物
拟磷虾	动物
箭尾鱼	动物
白头狨猴	动物
黑线飞狐	动物
枝管怪水母	动物
长尾假鳃虱	动物
细真瘤水母	动物
蓝麂羚	动物
棕颈犀鸟	动物
大鼠狐猴	动物
日本鬣羚	动物
单胃住筒虫单胃褶海鞘	动物
飘浮箭虫	动物
单肢刺尖锥虫	动物
白腰朱顶雀	动物
楔尾伯劳	动物
透明住筒虫透明褶海鞘	动物
彩虹鲨	动物
角水蚤	动物
斑尾鹃鸠	动物
野山羊	动物
白腹鲮鲤	动物
球真囊水母	动物
峨眉鹟莺	动物
金冠地莺	动物
长尾浮蚕	动物
马河松鼠猴	动物
细胞巨化病毒	动物
矛形柏螅	动物
老年低额溞	动物
少圆肢鳃虱	动物
武定鸡	动物
紫金鹃	动物
虎鲸	动物
锥形面具水母	动物
企氏圆柱水虱	动物
姜原双眼钩虾	动物
海刺拟同相猛水蚤	动物
蜂王	动物
蛇稚虫	动物
翘嘴鹬	动物
杜氏外肋水母	动物
中华角水蚤	动物
领岩鹨	动物
松果水母	动物
斑拟毛	动物
巫陵牛	动物
冠状病毒	动物
冕原狐猴	动物
双角犀鸟	动物
橙斑翅柳莺	动物
苏赛克斯	动物
星布罗	动物
座头鲸	动物
真胃穴水母	动物
小红糠虾	动物
牛痘苗	动物
淡脚柳莺	动物
天祝白牦牛	动物
建昌鸭	动物
林雕	动物
蝶	动物
茅尖鱼	动物
斧暗哲水蚤	动物
白眶斑翅鹛	动物
方弱管水蚤	动物
半球美螅水母	动物
长角胸刺水蚤	动物
琉球角鸮	动物
日本稚齿虫	动物
触手才女虫	动物
螺旋体	动物
石蝇	动物
棕喉雀鹛	动物
滑缘哈鳞虫	动物
杆菌	动物
真虫	动物
伊拉瓦拉牛	动物
叶蜂	动物
紫颊直嘴太阳鸟	动物
错综多孔螅	动物
南黑露脊鲸	动物
黑头蜡嘴雀	动物
孔雀鱼	动物
狭钵水母	动物
褐胸山鹧鸪	动物
鹿豚	动物
热带真唇水母	动物
红龙	动物
大紫胸鹦鹉	动物
亚历山大鹦鹉	动物
冠麻鸭	动物
懒猴	动物
黑吼猴	动物
蠓虫	动物
白眉姬鹟	动物
瓜岛海狗	动物
夏白雷牛	动物
蚕种	动物
黄腹鹟莺	动物
结核菌	动物
乌雕鸮	动物
蛞蝓	动物
黑啄木鸟	动物
海洋箭虫	动物
小尾长角螺	动物
白背啄木鸟	动物
泌阳驴	动物
云雀	动物
棱形纽鳃樽	动物
凿贝才女虫	动物
蓝塘猪	动物
原始细菌	动物
纹背捕蛛鸟	动物
韦氏纽鳃樽	动物
懒吼猴	动物
晶桨剑水蚤	动物
赭红尾鸲	动物
燕雀	动物
丁子鲫	动物
东方棒眼糠虾	动物
海萤	动物
舌蝇	动物
白头鹞	动物
新卡真瘤水母	动物
活泼大眼剑水蚤	动物
褐翅雪雀	动物
前角水蚤	动物
鲜酵母	动物
波斑鸨	动物
齿突猫萤	动物
中国拟窄糠虾	动物
黄蜂	动物
斑胸短翅莺	动物
沼泽鹿	动物
黏虫	动物
黄褐短翅莺	动物
生殖细胞	动物
钩手水母	动物
云南雀鹛	动物
芽体镰螅水母	动物
亚马孙蛛猴	动物
大側隐鳃虱	动物
鸿雁	动物
红裙鱼	动物
酵母菌	动物
杰氏狨	动物
琉球歌鸲	动物
中华异水蚤	动物
灰背伯劳	动物
芽叶剑水蚤	动物
桨剑水蚤	动物
小箭虫	动物
花斑原海豚	动物
绿孔雀	动物
孔雀唇角水蚤	动物
磷虾幼体	动物
长角海羽水蚤	动物
青金龙	动物
斑胸田鸡	动物
蜘蛛	动物
乳突海鞘	动物
嵊山秀氏水母	动物
长毛真喜萤	动物
阔叶多孔螅	动物
膨胀真帚萤	动物
灰翅噪鹛	动物
马氏钳	动物
银币水母	动物
棕尾伯劳	动物
芦氏拟真刺水蚤	动物
中华半突虫	动物
拟长脚	动物
白眉地鸫	动物
须细稚虫	动物
蝼	动物
结水虱	动物
蓝喉拟啄木鸟	动物
头足纲	动物
多丝真唇水母	动物
金额丝雀	动物
暗腹雪鸡	动物
灰胸山鹪莺	动物
虿	动物
齿隆剑水蚤	动物
直枝多孔螅	动物
红铃虫	动物
萤	动物
远东苇莺	动物
短尾真胖水蚤	动物
大余鸭	动物
蓝翅噪鹛	动物
粗乳点水蚤	动物
小太平鸟	动物
蝽	动物
土鳖	动物
黑腹沙鸡	动物
猛鸮	动物
白尾麦鸡	动物
蜘蛛蟹	动物
北灰鹟	动物
蝼蚁	动物
水螅虫	动物
红翅凤头鹃	动物
蝙蝠鲳	动物
小突麦壳水蚤	动物
黄腹柳莺	动物
武装棒头	动物
长尾梨鳃虱	动物
半驼磷虾	动物
小厚壳水蚤	动物
贪短腿	动物
西红脚隼	动物
斜纹拟浮萤	动物
露脊鲸科动物	动物
近节	动物
猩猩科动物	动物
小长足水蚤	动物
异合拟对虾鳃虱	动物
酿母菌	动物
斑背噪鹛	动物
拟海萤	动物
黑顶蟆口鸱	动物
真叶	动物
菊海鞘	动物
梨狗	动物
球潜水母	动物
弓曲后浮萤	动物
白冠长尾雉	动物
灯塔水母	动物
刺指尾钩虾	动物
笨驼背涟虫	动物
爪哇池鹭	动物
理氏鹨	动物
有齿居虫	动物
红翅沙雀	动物
珊瑚虫	动物
蘑菇	动物
小斑小浮萤	动物
四脊翼水母	动物
长乐鹅	动物
单列螅	动物
杜洛克猪	动物
加州麦杆虫	动物
蜂蜜蜜蜂	动物
钩龟螺	动物
黄苇鳽	动物
厦门隔膜水母	动物
无节幼体桡足类	动物
漂浮海萤	动物
大盘拟皮鳃螺	动物
沼水羚	动物
环海豹	动物
厦门枝刺水母	动物
螟蛾	动物
蝼蛄	动物
赤道僧面猴	动物
大西洋火体虫	动物
宽吻海豚	动物
高山雨燕	动物
隆柱螯磷虾隆突手磷虾	动物
蔓足类无节幼体	动物
图氏锥	动物
巴西三绊犰狳	动物
镰形始海萤	动物
南美海狗	动物
灰喉沙燕	动物
小四脚蛇	动物
武装扁足	动物
霞烟鸡	动物
白喉石	动物
白斑尾柳莺	动物
间蜂猴	动物
瘤盘首蚕	动物
黄曲霉菌	动物
虫	动物
樱蛤	动物
红脸蛛猴	动物
角燧磷虾角状樱磷虾	动物
八手筐水母	动物
楔尾鹱	动物
六刺臂磷虾	动物
苍背山雀	动物
七棱浅室水母	动物
标准戴氏猛水蚤	动物
水鹨	动物
林麝	动物
荷兰兔肉	动物
外肋水母	动物
葫芦海榧螅	动物
张口裸果螅	动物
高加索山羊	动物
北朱雀	动物
变形虫	动物
星螺	动物
美螅	动物
鬼鸮	动物
棕背田鸡	动物
蓝八色鸫	动物
褐河乌	动物
雄蚁	动物
虎纹伯劳	动物
夜蛾	动物
林羚	动物
白喉姬鹟	动物
叉毛锥头虫	动物
河内双眼钩虾	动物
霞水母	动物
苍白侧鳃螺	动物
栉蚕	动物
关氏才女虫	动物
长白猪	动物
立克次体	动物
跳蝻	动物
溆浦鹅	动物
隔膜水母	动物
极双喜萤	动物
尖额海羽水蚤	动物
黄胸织雀	动物
小拟海萤	动物
莹虾幼体	动物
冠背鳞虫	动物
灰背隼	动物
玉螺	动物
波中猪	动物
灰翅鸥	动物
兰德瑞斯猪	动物
步行虫	动物
头叶	动物
灰色驯狐猴	动物
异牛丽	动物
平大眼剑水蚤	动物
普通鵟	动物
拜弗伦兔	动物
黑色背鳞虫	动物
深角剑水蚤	动物
斑羚	动物
沃腾堡马	动物
泽鹬	动物
唇角水蚤	动物
姬鹬	动物
棉红蜘蛛	动物
瘦袖水蚤	动物
鼠海豚	动物
栗额鵙鹛	动物
双眼糠虾	动物
白蛉	动物
褐顶雀鹛	动物
曙红朱雀	动物
白腰文鸟	动物
卷羽鹈鹕	动物
舟螺	动物
项器浮蚕	动物
喀氏小羚	动物
台湾八束水母	动物
鄂氏麂羚	动物
灰胸竹鸡	动物
白尾鹞	动物
油葫芦	动物
厌氧细菌	动物
拟隆剑水蚤	动物
加岛花鹿	动物
琼雷牛	动物
克氏异肢水蚤	动物
黑翅燕鸻	动物
单节古糠虾	动物
山噪鹛	动物
沙门氏菌	动物
红耳鹎	动物
鹤鹬	动物
白梨鳃虱	动物
滴虫	动物
马羚	动物
大鵟	动物
锈脸钩嘴鹛	动物
秘鲁燕子	动物
叩头虫	动物
黑尾蜡嘴雀	动物
银脸长尾山雀	动物
条纹原海豚	动物
香港蜾赢蜚	动物
白点噪鹛	动物
短小宽水蚤	动物
靛冠噪鹛	动物
覆瓦哈鳞虫	动物
EV71	动物
海洋真刺水蚤	动物
盾形高手水母	动物
金翅雀	动物
甲虫	动物
血吸虫	动物
纤细刺糠虾	动物
粗提浅室水母	动物
丽哲水蚤	动物
颈海虱	动物
八唇拟海神水母	动物
白喉矶鸫	动物
黄色单萤	动物
斑翅朱雀	动物
子代病毒	动物
三江牛	动物
细螯虾幼体	动物
克氏大眼剑水蚤	动物
平滑异尾水蚤	动物
柔大眼剑水蚤	动物
棉兰老水牛	动物
红尾鹲	动物
灯水母	动物
玻利维亚伶猴	动物
小隆剑水蚤	动物
杂刺镖剑水蚤	动物
灰头绿鸠	动物
山麻雀	动物
阿氏夜猴	动物
后羽叶鳃	动物
欧氏后哲水蚤	动物
蓝鲸	动物
八棱海神水母	动物
法氏暗哲水蚤	动物
短尾伪阿玛猛水蚤	动物
双眼钩虾	动物
蛆状螺	动物
唇舌浮蚕	动物
褐翅鸦鹃	动物
印度囊糠虾	动物
彩鹬	动物
刚毛近长足钩虾	动物
吻蛇稚虫	动物
大杜鹃	动物
小异糠虾	动物
眼斑多叶鳃	动物
暗胸朱雀	动物
红尾伯劳	动物
汤加二段海鞘	动物
白额燕鸥	动物
希氏弯喉萤	动物
棕头鸦雀	动物
可拉马	动物
亚洲野驴	动物
海佩科	动物
黑尾鹿	动物
大石鸻	动物
皮特兰猪	动物
红脚苦恶鸟	动物
多毛尖头水蚤	动物
黄腰太阳鸟	动物
放射虫	动物
无刺燧磷虾无刺樱磷虾	动物
赫氏夜猴	动物
褐翅燕鸥	动物
灰眶雀鹛	动物
细大眼剑水蚤	动物
白腹毛脚燕	动物
冷镰水蚤	动物
草原百灵	动物
金熊猴	动物
黑胸太阳鸟	动物
暗伪花剑水蚤	动物
黄喉蜂虎	动物
赤霉菌	动物
小嘴鸻	动物
耳状囊水母	动物
非洲慈鲷	动物
泡虎螺	动物
Ｈ５Ｎ２	动物
藏马鸡	动物
东串猪	动物
黔金丝猴	动物
管蛤	动物
灰鼠蛇	动物
白掌长臂猿	动物
需氧微生物	动物
肝蛭	动物
黄颈啄木鸟	动物
西伯利亚银鸥	动物
大纽鳃樽疣突亚钟	动物
熊蜂	动物
短趾雕	动物
红翅旋壁雀	动物
尖角水母	动物
棒麦杆虫	动物
白兰格斯牛	动物
小野猪	动物
澳洲拟镰螅水母	动物
西敏山羊	动物
真浮萤	动物
巨光水蚤	动物
宽头基齿哲水蚤	动物
雪鹀	动物
旋毛虫	动物
水虱	动物
尖尾滨鹬	动物
无刺拟浮萤	动物
白蚁	动物
大光水蚤	动物
网纹哈鳞虫	动物
中华歪水蚤	动物
住囊虫	动物
白背矶鸫	动物
障泥蛤	动物
尖笔帽螺	动物
肥胖三角溞	动物
狮面狨	动物
近缘柱螯磷虾多形手磷虾	动物
锯齿伊氏钩虾	动物
黑掌蛛猴	动物
兵蚁	动物
单刺丽哲水蚤	动物
渤海黑牛	动物
相模多精囊海鞘	动物
掉前鳃虱	动物
珍奇海樽	动物
白喉林莺	动物
红颈苇鹀	动物
后足丽	动物
海洋昆虫	动物
白脸牛羚	动物
红腰朱雀	动物
褐岩鹨	动物
白眉林鸲	动物
蛔虫	动物
南洋鲮鲤	动物
低体浅室水母	动物
蛀虫	动物
象牙贝	动物
异兽拟浮萤	动物
玉山雀鹛	动物
安格鲁诺曼马	动物
异形拟窄糠虾	动物
马氏梭剑水蚤	动物
白翅浮鸥	动物
双毛圆星萤	动物
白羽狨	动物
日本细螯虾	动物
赤翡翠	动物
垂耳兔	动物
武夷黑猪	动物
小型海萤	动物
马蹄虎螺	动物
斯氏后浮萤	动物
台湾雀鹛	动物
精致大眼剑水蚤	动物
矛头长角螺	动物
菱形大眼剑水蚤	动物
无节幼体磷虾类	动物
线尾燕	动物
蚕	动物
亚马孙松鼠猴	动物
网纹二段海鞘	动物
麦杆虫	动物
大刺哲水蚤	动物
头虱	动物
冠斑犀鸟	动物
黑翅雀鹎	动物
小星萤	动物
披针纺锤水蚤	动物
水蝎	动物
喜鹊	动物
疣鼻天鹅	动物
黑顶奇鹛	动物
小美洲黑雁	动物
半突虫	动物
烟夜蛾	动物
纯色岩燕	动物
鹌鹑	动物
加氏樱虾	动物
中型波刺水蚤	动物
南沙强叶螅	动物
蛛蟹鳃虱	动物
太平洋箭虫	动物
刺哲水蚤	动物
大纽鳃樽	动物
紫寿带	动物
跳虫	动物
黑斑平头水蚤	动物
梭须半突虫	动物
澳洲双手水母	动物
棕夜鹭	动物
多鳃细稚虫	动物
多棘拟毛	动物
八肋斜球水母	动物
黄金战船	动物
蛇纹	动物
广灵驴	动物
短尾棒头	动物
体虱	动物
戈氏金丝燕	动物
光亮拟涟虫	动物
柞蚕	动物
黑喉雪雀	动物
简丝帽水母	动物
舌突圆涟虫	动物
瘦拟巧	动物
小囊糠虾	动物
美洲驼	动物
乌雕	动物
北方住筒虫海藻亚种北方褶海鞘海藻亚种	动物
锯齿海萤	动物
H5N1	动物
长双须虫	动物
紫背苇鳽	动物
池鹭	动物
娇嫩多孔螅	动物
克里福兰红马	动物
大狐猴科动物	动物
蜂子	动物
蒙古百灵	动物
银白长臂猿	动物
大铅笔鱼	动物
斑头绿拟啄木鸟	动物
弯曲碟螅	动物
哈弗灵格马	动物
印度金黄鹂	动物
安格鲁阿拉伯马	动物
暗冕山鹪莺	动物
白眉歌鸫	动物
黑鹇	动物
强壮箭虫	动物
粉红椋鸟	动物
北极鸥	动物
耳喇叭水母	动物
鸟合眼钩虾	动物
暗尖甲水虱	动物
太平洋矛	动物
护甲广绊犰狳	动物
发状霞水母	动物
赤胸鸫	动物
佛兰德巨兔	动物
高山兀鹫	动物
毒蛾	动物
阿拉伯马	动物
黑麝	动物
禽类白血病病毒	动物
异板浅室水母	动物
高射炮	动物
拟浮萤	动物
盐杆菌	动物
黑背燕尾	动物
蠃	动物
黑颈鸫	动物
枇杷螺	动物
四刺拟糠虾	动物
布氏青水虱	动物
法氏桧叶螅	动物
疟蚊	动物
霍乱弧菌	动物
短尾端鳃虱	动物
大真光水母	动物
瘦新哲水蚤	动物
红头穗鹛	动物
灰冠鹟莺	动物
白顶	动物
毛鞭马尔他钩虾	动物
驼龟螺	动物
长毛犰狳	动物
乳突拟浮萤	动物
银蛤	动物
塔氏樱虾	动物
德克斯特牛	动物
海南猪	动物
中华胸刺水蚤	动物
益虫	动物
大朱雀	动物
希氏圆星萤	动物
莫顿蜾赢蜚	动物
热沙钩虾	动物
水虿	动物
鲎虫	动物
针刺保猛水蚤	动物
纯色噪鹛	动物
披毛犰狳	动物
扇尾沙锥	动物
蜂	动物
白额叶猴	动物
稻田苇莺	动物
南极略长脚	动物
巨型深水虱	动物
长腹剑水蚤	动物
后浮萤	动物
长刺溞	动物
拉脱维亚马	动物
近缘大眼剑水蚤	动物
翻石鹬	动物
高顶多面水母	动物
肉毒杆菌	动物
白秃猴	动物
乐平猪	动物
矩腕真叶	动物
黑颈鹤	动物
蝰蛇	动物
绿头鸭	动物
虫肢歪水蚤	动物
壳纹船卵溞	动物
微小海棘水母	动物
壮丽豆蟹鳃虱	动物
小双翼多面水母	动物
粗大眼剑水蚤	动物
黄嘴白鹭	动物
短角羚	动物
拟毛状海榧螅	动物
小刺蜾赢蜚	动物
白点原海豚	动物
欧柳莺	动物
日本拟背尾水虱	动物
卵扁足	动物
海月水母	动物
珠手水母	动物
黑喉石	动物
斜宝扭球虫	动物
白僧面猴	动物
三晶柱螯磷虾三锥手磷虾	动物
帘蛤	动物
拟细浅室水母	动物
纤毛	动物
火龙	动物
黍鹀	动物
蓝腹鹇	动物
螯蟹旁鳃水虱	动物
菲律宾鹃鸠	动物
极北柳莺	动物
黑喉红臀鹎	动物
纹胸鹪鹛	动物
旋角羚	动物
纵芽高手水母	动物
灰斑鸻	动物
野蚕	动物
异双生海母	动物
白脸僧面猴	动物
满月蛤	动物
灰眉岩鹀	动物
点斑林鸽	动物
白颈长尾雉	动物
白背兀鹫	动物
肉质介穗水母	动物
红考尼什鸡	动物
鲁西牛	动物
刺褐水蚤	动物
花波中猪	动物
红腹山雀	动物
副粘病毒	动物
八芯真瘤水母	动物
麝牛	动物
蚕光稚虫	动物
黄爪隼	动物
卡氏原足虫	动物
白鼻僧面猴	动物
钝形燧磷虾钝形樱磷虾	动物
海福赫里福德肉牛	动物
ＨＩＶ	动物
巨套侧鳃	动物
中型真刺水蚤	动物
飞虫	动物
水螅水母	动物
棕色霞水母	动物
石鳖	动物
铁爪鹀	动物
翁戈牛	动物
领鵙鹛	动物
绿背山雀	动物
关岭猪	动物
珍珠马甲	动物
董氏囊糠虾	动物
马氏愚钩虾	动物
库氏狨	动物
长足阿玛猛水蚤	动物
黑头鹀	动物
茶毛虫	动物
巴拿马松鼠猴	动物
印缅斑嘴鸭	动物
滩浪钩虾	动物
白斑黑石	动物
罗斯褐鸡	动物
太平洋尖锥虫	动物
刷状莹虾	动物
白眉朱雀	动物
大蜂鳃虱	动物
莫氏深帽水母	动物
科布鸡	动物
火水母	动物
黑顶麻雀	动物
海蜷	动物
四手触丝水母	动物
四声杜鹃	动物
白颈鸦	动物
白头硬尾鸭	动物
蛆	动物
雀鹰	动物
黑麂羚	动物
纹胸巨鹛	动物
白喙斑纹海豚	动物
促织	动物
奇异真唇水母	动物
长尾基齿哲水蚤	动物
螓	动物
半弯灵	动物
略大小尖尾翼萤	动物
赤红山椒鸟	动物
哈鳞虫	动物
小口拟蹄水母	动物
蓝喉蜂虎	动物
针简巧	动物
海条	动物
隆起住囊虫	动物
中胚花筒螅	动物
展连荚螅	动物
条纹直浮萤	动物
蛱蝶	动物
锦隆剑水蚤	动物
薮羚	动物
费氏莹虾	动物
黑乌叶猴	动物
藏马	动物
长梨鳃虱	动物
针刺尖头水蚤	动物
恙虫	动物
黄嘴河燕鸥	动物
草原灰伯劳	动物
栗背奇鹛	动物
宽膜棍手水母	动物
海螂	动物
黄腹鹨	动物
小型峨螺	动物
旋螺	动物
白鹭	动物
角突麦杆虫	动物
栗背伯劳	动物
黄腹啄花鸟	动物
仙八色鸫	动物
白鳍豚	动物
胸刺水蚤	动物
棕尾鵟	动物
哈氏圆柱水虱	动物
小型大眼剑水蚤	动物
紫胶虫	动物
丽色噪鹛	动物
近缘环纽鳃樽	动物
矢形角舟水母	动物
雉鹑	动物
毛脚鵟	动物
东方白鹳	动物
河绿疣猴	动物
棘刺拟浮萤	动物
桑岛麂羚	动物
疣灯水母	动物
蚂蟥	动物
胃叶剑水蚤	动物
强卷螺	动物
伸展桧叶螅	动物
白来航鸡	动物
丽隆剑水蚤	动物
狮尾狒	动物
银小羚	动物
塔尾树鹊	动物
巧	动物
大洋纵列海鞘	动物
海南柳莺	动物
明月侧鳃	动物
西黄鹡鸰	动物
小核糖核酸病毒	动物
大噪鹛	动物
宝兴歌鸫	动物
马来侧丝水母	动物
栗喉鵙鹛	动物
淀粉酶	动物
鼠刺亮羽水蚤	动物
卡巴金马	动物
灰头斑翅鹛	动物
暗哲水蚤	动物
轮状病毒	动物
中国毛虾	动物
左腹沟虫	动物
红斑游船水母	动物
牛科动物	动物
布氏苇莺	动物
琉璃蓝鹟	动物
长角真刺水蚤	动物
翠金鹃	动物
何氏叶猴	动物
哈尔滨白猪	动物
蛋白胨	动物
齿突软萤	动物
蝾螺	动物
气囊水母	动物
白冠带鹀	动物
半刺玻璃虾	动物
西藏野驴	动物
藏麝	动物
美丽住筒虫闰美丽褶海鞘	动物
缘海天牛	动物
黑松鼠猴	动物
白头喙头海豚	动物
蒙古沙鸻	动物
阿尔登马	动物
栗鸮	动物
丹氏角水蚤	动物
刺激素	动物
濑户假鳃虱	动物
泾川猪	动物
钩嘴林鵙	动物
饰胸鹬	动物
蒙古马	动物
斑背大尾莺	动物
林雕鸮	动物
叶剑水蚤	动物
长趾滨鹬	动物
红蜘蛛	动物
芦苇伶猴	动物
鸲姬鹟	动物
摩利鱼	动物
巴西夜猴	动物
长邻钩虾	动物
黑格尔野生七彩	动物
窄双眼糠虾	动物
锥肢蒙镖水蚤	动物
乌灰鹞	动物
超红糠虾	动物
棕短角鹿	动物
腹突乳点水蚤	动物
双叉真浮萤	动物
中华蜾嬴蜚	动物
肥胖箭虫	动物
长拟浮萤	动物
红尾水鸲	动物
黄喉穗鹛	动物
白眉长臂猿	动物
尖额真猛水蚤	动物
台湾蓝鹊	动物
线虫	动物
斑胁田鸡	动物
细螯原足虫	动物
胖掌异钩虾	动物
软拟薄海鞘	动物
白喉犀鸟	动物
西沙无棱水母	动物
澳洲短角牛	动物
斑胸钩嘴鹛	动物
马氏海生水母	动物
花头鹦鹉	动物
暗星羽萤	动物
活泼小厚壳水蚤	动物
刷状伪镖水蚤	动物
四枝管水母	动物
膨大双浮萤	动物
多疣野猪	动物
霍斯坦马	动物
大鼷鹿	动物
红腹咬鹃	动物
蝈蝈儿	动物
阿比西尼亚野驴	动物
紫啸鸫	动物
小纺锤水蚤	动物
小鹿瞪羚	动物
内江猪	动物
十字深眼水母	动物
郑和合螅	动物
小斑姬鹟	动物
黄淮海黑猪	动物
关中马	动物
难仿鳃虱	动物
简角水蚤	动物
武装鹰嘴水蚤	动物
叶额真玻璃虾	动物
棕雨燕	动物
褐山鹪莺	动物
纺轴螺	动物
小手奥德水母	动物
蟪蛄	动物
菲岛小桧叶螅	动物
太姆华斯猪	动物
舟形水母	动物
夏威夷僧海豹	动物
横斑林莺	动物
小黑领噪鹛	动物
海来	动物
丽星鹩鹛	动物
鸵足螺	动物
矛斑蝗莺	动物
四川柳莺	动物
缺足镰水蚤	动物
赤短角鹿	动物
锯齿毛虾	动物
黑眉鸦雀	动物
棉铃虫	动物
虎斑蛾	动物
日本长尾虫	动物
缩口深帽水母	动物
丝鳃稚齿虫	动物
蛐蟮	动物
台湾鹪鹛	动物
尖尾钩虾	动物
威德尔海豹	动物
加湾鼠海豚	动物
小线脚磷虾	动物
拟伶猴	动物
短柱螯磷虾缩短手磷虾	动物
袋稚齿虫	动物
长眼柱螯磷虾长眼手磷虾	动物
鼻蚕	动物
经济昆虫	动物
拟长腹剑水蚤	动物
大住囊虫	动物
关中驴	动物
跳羚	动物
白眼潜鸭	动物
斑背燕尾	动物
长桨剑水蚤	动物
宽嘴鹟莺	动物
田鹨	动物
家山羊	动物
台湾牛	动物
小突大眼剑水蚤	动物
星鸦	动物
白胸翡翠	动物
克拉斯代重挽马	动物
双手外肋水母	动物
小斯氏萤	动物
多毛后仿疑囊猛水蚤	动物
宽板无棱水母	动物
叉胸刺水蚤	动物
短尾盲糠虾	动物
鞭腕丝胃水母	动物
太平洋宽吻海豚	动物
短形小浮萤	动物
斯特丙小	动物
弄岗穗鹛	动物
印度隆哲水蚤	动物
东方镰螅水母	动物
拟多枝真枝螅	动物
布鲁氏菌	动物
澳洲黑鸡	动物
白腹凤鹛	动物
蠼螋	动物
纹喉鹎	动物
中国涟虫	动物
白喉林鹟	动物
灰卷尾	动物
鞍纹海豹	动物
多棘麦杆虫	动物
叽喳柳莺	动物
扁蝽	动物
角百灵	动物
细真哲水蚤	动物
金喉拟啄木鸟	动物
长尾毛钩虾	动物
安岛海狗	动物
犁片	动物
肿瘤病毒	动物
东方莹虾	动物
雪龙	动物
僧面猴	动物
白鹡鸰	动物
高山岭雀	动物
倭犰狳	动物
斑蝥	动物
藏黄雀	动物
赤朱雀	动物
右突歪水蚤	动物
沈氏刺糠虾	动物
圆形后浮萤	动物
卵形鼠猛水蚤	动物
苍白绿疣猴	动物
阿拉伯塔尔羊	动物
珍珠鱼	动物
小田鸡	动物
叶须虫	动物
前足罗司水虱	动物
原鸽	动物
金额雀鹛	动物
骨顶鸡	动物
蚤	动物
橙额鸦雀	动物
手套无棱水母	动物
栉状燧磷虾梳状樱磷虾	动物
矮拟哲水蚤	动物
菌丝体	动物
强刺刺糠虾	动物
红珊瑚	动物
单刺真胖水蚤	动物
白额圆尾鹱	动物
小型伪厚皮钩虾	动物
中华矮隆哲水蚤	动物
蓝背八色鸫	动物
草绿篱莺	动物
黄喉雉鹑	动物
轮双眼钩虾	动物
蛁	动物
西门塔尔牛	动物
长角深角水蚤	动物
扩指简角水蚤	动物
贵州黄鸡	动物
牛虻	动物
绿莲灯	动物
西藏高山牦牛	动物
瘦住囊虫	动物
蚁蛉虫	动物
单刺蜾嬴蜚	动物
凤头雀嘴鹎	动物
锥螺	动物
棘鳍鼠海豚	动物
青臀麂羚	动物
铃虫	动物
鹿角锹甲	动物
阔鼻驯狐猴	动物
林甸鸡	动物
泡螺	动物
弓角基齿哲水蚤	动物
曲霉	动物
赤颈鸫	动物
后指虫	动物
帆水母	动物
来航鸡	动物
新疆驴	动物
双球水母	动物
路德雀鹛	动物
刺胞水母	动物
后截唇角水蚤	动物
黄臀鹎	动物
林鹨	动物
高山雀鹛	动物
细长涟虫	动物
圆鯵盗鱼蚤	动物
古铜色卷尾	动物
长尾鲮鲤	动物
非洲龙	动物
大滨鹬	动物
弗氏鸥	动物
多齿角锥水母	动物
里海海豹	动物
蛇头女针涟虫	动物
虫豸	动物
白蓝特短鲷	动物
大短趾百灵	动物
西猪	动物
厦门斜球螅	动物
水虎	动物
五倍子虫	动物
亚马逊河豚	动物
黑叉尾斗鱼	动物
暗绿绣眼鸟	动物
皮德蒙牛	动物
维氏盘羊	动物
黑额山噪鹛	动物
转变始浮萤	动物
颗粒心剑水蚤	动物
舌形虫	动物
蜩	动物
虎斑地鸫	动物
花鹿	动物
普通毛虾	动物
锐利真盾猛水蚤	动物
黑卞哈鳞虫	动物
八声杜鹃	动物
结核杆菌	动物
藏酋猴	动物
紫色花蜜鸟	动物
黑雁	动物
白花魟	动物
戈氏岩鹀	动物
锯齿利尔钩虾	动物
厚唇螺	动物
长尾亮钩虾	动物
海鸥	动物
棕腹鵙鹛	动物
黑脸秃猴	动物
黑额凤鹛	动物
异腺瓮水母	动物
细肢鳃虱	动物
小型小厚壳水蚤	动物
林沙锥	动物
斯氏手水蚤	动物
双唇螅	动物
双齿薮枝螅	动物
灰燕鸻	动物
长尾端糠虾	动物
泼雪龙重挽马	动物
壶状臂尾轮虫	动物
夜光游水母	动物
玻璃扯旗	动物
小麂	动物
褐鲣鸟	动物
利皮赞马	动物
分开安水虱	动物
斯坦喇叭水母	动物
长额象鼻溞	动物
亚马孙狨	动物
叉真囊水母	动物
粗新哲水蚤	动物
宽肌纽鳃樽	动物
乌灰鸫	动物
麻雀	动物
金鱼虫	动物
阔蛮	动物
美国兔	动物
蛀木水虱	动物
东方燧磷虾	动物
兹卡病毒	动物
小哲水蚤	动物
家八哥	动物
阔嘴鹬	动物
异摇篮水母	动物
黑斑蝰	动物
三宝颜秀	动物
低致病性禽流感病毒	动物
蓝喉太阳鸟	动物
短毛海鳞虫	动物
拟大须鲸	动物
柄海鞘柄瘤海鞘	动物
腹针胸刺水蚤	动物
偏盖螺	动物
丝虫	动物
灰鹡鸰	动物
猛白钩虾	动物
赤斑羚	动物
直触角螅	动物
晋拉滕跳钩虾	动物
滇金丝猴	动物
汤氏糠虾	动物
台湾画眉	动物
乌氏美螅水母	动物
棕颈鸭	动物
小囊稚齿虫	动物
刺额异肢水蚤	动物
红眉朱雀	动物
细菌性	动物
栗颊噪鹛	动物
长额刺糠虾	动物
反嘴鹬	动物
蜥蜴	动物
日本长管水母	动物
黄鹡鸰	动物
黄腹角雉	动物
圆尾斗鱼	动物
斜大浮萤	动物
网球鱼	动物
节块多孔螅	动物
多手八束水母	动物
黑麂	动物
狭尾叶剑水蚤	动物
双角光水蚤	动物
奇桨剑水蚤	动物
虫子	动物
卡玛拉水母	动物
雪鸮	动物
多型圆囊溞	动物
燕隼	动物
粪丸二段海鞘	动物
单丁齿蚕	动物
藏羚	动物
黑颈鸬鹚	动物
瑙蒙短尾鹛	动物
灰雁	动物
台湾黄山雀	动物
异刺水蚤	动物
黄嘴朱顶雀	动物
水雉	动物
番鸭	动物
狐蛤	动物
西红角鸮	动物
荆刺锥	动物
四角舟水母	动物
黑头鹎	动物
灰鹱	动物
小星头啄木鸟	动物
独一麦杆虫	动物
琉球山椒鳥	动物
栗喉蜂虎	动物
环海光活钩虾	动物
北京黑猪	动物
林夜鹰	动物
亚洲帚毛虫	动物
摩勒水母	动物
玛叶须虫	动物
履状长钟螅	动物
白眉雀鹛	动物
蓝枕花蜜鸟	动物
艾滋病病毒	动物
小斑啄木鸟	动物
卷尾猴科动物	动物
大约克夏猪	动物
白眉扇尾鹟	动物
毛束圆星萤	动物
伊氏钩虾	动物
台湾林鸲	动物
厚足拟巧	动物
北黑露脊鲸	动物
蘖	动物
台湾拟啄木鸟	动物
巨舟哲水蚤	动物
多手帽形水母	动物
藏鸫	动物
球龟螺	动物
中华伞螺	动物
金胸歌鸲	动物
东方隔膜水母	动物
棕头幽鹛	动物
蓝胸鹑	动物
沙希华牛	动物
黑尾塍鹬	动物
奴宾野驴	动物
顶突介穗水母	动物
溞	动物
斑纹麂羚	动物
弗洲指突水母	动物
尖头海羽水蚤	动物
亚缘锥	动物
大杓鹬	动物
浅环海鞘	动物
长颈羚	动物
北鹰鹃	动物
武装真叶	动物
细管真枝螅	动物
晶体水母	动物
多毛拟弯喉萤	动物
小天鹅	动物
门岛叶猴	动物
灰白海豚	动物
小刺真刺水蚤	动物
腹足纲	动物
皮蠹	动物
汤氏暗哲水蚤	动物
动物病毒	动物
地中海钳	动物
短角乳牛	动物
介穗水母	动物
叶轮虫	动物
外寄生虫	动物
团状聚花轮虫	动物
小黄蜂	动物
隆脊大眼剑水蚤	动物
银鸥	动物
红翅鵙鹛	动物
蛇仔鱼	动物
羽小角水蚤	动物
咽鼻稚虫	动物
石雀	动物
美丽拟节糠虾	动物
夏尔重挽马	动物
东北花猪	动物
白额雁	动物
苇羚	动物
三角洲双须虫	动物
潮间车水虱	动物
棕尾虹雉	动物
白眉山鹧鸪	动物
东方全藻钩虾	动物
似帚毛虫	动物
巨嘴柳莺	动物
美国骑乘马	动物
日本拟对虾虱	动物
腻虫	动物
病原体	动物
钝额齿浮萤	动物
长尾地鸫	动物
黑龙江马	动物
小燕尾	动物
中型八拟杯水母	动物
金斑马鱼	动物
哈虾圆鳃虱	动物
盔甲刺额水蚤	动物
人体免疫缺损病毒	动物
小棍螅	动物
喜山鵟	动物
病毒	动物
华丽柱星螅	动物
白领伶猴	动物
朱鹀	动物
细长拟叶	动物
六齿拟钩虾	动物
巴布亚硝水母	动物
刺额亮羽水蚤	动物
真哲水蚤	动物
巨形瓦浮萤	动物
卵形龟甲猛水蚤	动物
矛纹草鹛	动物
梨鳃虱	动物
霍氏鹰鹃	动物
贺兰山岩鹨	动物
东山羊	动物
萨福克重挽马	动物
褐吼猴	动物
同形桧叶螅	动物
西方滨鹬	动物
白项凤鹛	动物
白眉鸫	动物
橙胸咬鹃	动物
同形柏螅	动物
油鸡	动物
鹊鸭	动物
秃鹳	动物
壳短腿	动物
病毒衣壳	动物
渔雕	动物
寡齿拟皮鳃螺	动物
隆林猪	动物
逗点弧菌	动物
长指叶足水蚤	动物
参差脆鳞虫	动物
谷米螺	动物
毒菌	动物
长耳鸮	动物
建昌马	动物
嵴状镰螅水母	动物
眼八管水母	动物
沙氏岩羚	动物
牦牛	动物
佛环纽鳃樽	动物
棕翅鵟鹰	动物
隆线似哲水蚤	动物
婆罗门牛	动物
叉尾鸥	动物
四川白鹅	动物
新西兰兔	动物
黄头鹡鸰	动物
硬突小齐海鞘	动物
斑脸海番鸭	动物
长嘴鹩鹛	动物
亚洲哈鳞虫	动物
乳状异肢水蚤	动物
车轮螺	动物
黄眉柳莺	动物
地老虎	动物
尖棒头	动物
崖海鸦	动物
单精囊海鞘	动物
色斑神须虫	动物
三刺燧磷虾三刺樱磷虾	动物
华哲水蚤	动物
喜马拉雅塔尔羊	动物
单刺側红糠虾	动物
蜡虫	动物
山斑鸠	动物
非洲野猪	动物
粗大后浮萤	动物
雅罗斯拉夫牛	动物
长吻原海豚	动物
中间合红糠虾	动物
褐胸鹟	动物
小基齿哲水蚤	动物
天蛾	动物
双壳幼虫苔藓动物	动物
尖真鹰嘴水蚤	动物
连城白鸭	动物
舌头	动物
金眶鸻	动物
围巧言虫	动物
花头鸺鹠	动物
四角羚	动物
锯齿刺糠虾	动物
东方伪亮羽水蚤	动物
束状高手水母	动物
韦氏鹟莺	动物
八哥	动物
栉刺单萤	动物
针簇多肢轮虫	动物
微型箭虫	动物
象甲	动物
勇简角水蚤	动物
艾滋病毒	动物
胡兀鹫	动物
凤凰螺	动物
神仙鱼	动物
精致真刺水蚤	动物
微型马	动物
鼠狐猴科动物	动物
红脚隼	动物
蚜虫	动物
小齿曲萤	动物
长肢秀体溞	动物
蝤蛴	动物
多孔螅	动物
欧洲犎牛	动物
近缘连帽水母	动物
青头鹦鹉	动物
石山羊	动物
洛岛红鸡	动物
小鸨	动物
上野蜾赢蜚	动物
雁鹅	动物
苍眉蝗莺	动物
海蜇	动物
乳酸杆菌	动物
纽鳃樽	动物
水鼷鹿	动物
翁戎螺	动物
血雉	动物
直桨剑水蚤	动物
厚领箭虫	动物
蓝宝石	动物
海洋伪镖水蚤	动物
秀真胖水蚤	动物
清远麻鸡	动物
银喉长尾山雀	动物
蚁蚕	动物
秀丽浮蚕	动物
皖浙花猪	动物
鲮鲤科动物	动物
云石斑鸭	动物
斑尾凤凰	动物
绿头苍蝇	动物
板宽跳钩虾	动物
台湾真唇水母	动物
魏氏麂羚	动物
卷曲暗萤	动物
昆士兰稚齿虫	动物
复肢大鳃虱	动物
肯尼亚林羚	动物
黄臂吼猴	动物
嗜酸菌	动物
大树莺	动物
大长腹水蚤	动物
厚基齿哲水蚤	动物
褐鸦雀	动物
蚰蜒	动物
静伶猴	动物
青脚滨鹬	动物
火尾希鹛	动物
螅芽拟镰螅水母	动物
科氏倭狐猴	动物
墨绿棱口水母	动物
拟毛	动物
鸟形拟海萤	动物
白嘴端凤头燕鸥	动物
膜状二段海鞘	动物
台湾紫啸鸫	动物
拟锥	动物
雪山盘羊	动物
红尾黑鲨	动物
长小巧	动物
原溞状幼体	动物
双毛全闪萤	动物
好斗埃蜚	动物
闽海黑鸭	动物
短角粗毛溞	动物
壳菜蛤	动物
力克斯兔	动物
吸虫	动物
中华浅鳃虱	动物
分支杆菌	动物
宽吻尖头	动物
多角拟蹄水母	动物
印度真胖水蚤	动物
两手筐水母	动物
纹胸斑翅鹛	动物
黑颏穗鹛	动物
盛装水母	动物
黄痣薮鹛	动物
短尾鲮鲤	动物
斑华管水蚤	动物
灰瓣蹼鹬	动物
假磷虾幼体	动物
蝇蛹	动物
白腹麂羚	动物
棕臀凤鹛	动物
乌鹃	动物
龙游乌猪	动物
白喉针尾雨燕	动物
欣氏钟螅	动物
蓝头红尾鸲	动物
工蚁	动物
螨虫	动物
迟见腹鳃虱	动物
苍鹭	动物
闽南牛	动物
唐冠螺	动物
大腹盘肠溞	动物
三间鼠	动物
拟七棱浅室水母	动物
白翅百灵	动物
齿形拟浮萤	动物
拳螺	动物
栗耳鹀	动物
麦洼牦牛	动物
大黄蜂	动物
深磷虾	动物
大吻巨头鲸	动物
同掌华眼钩虾	动物
太平浮蚕	动物
方背鳞虫	动物
白眶鹟莺	动物
安哥拉兔	动物
查科广绊犰狳	动物
灰颈鹀	动物
环箍笔帽螺	动物
纤毛虫	动物
南美海牛	动物
双突猫萤	动物
微小圆柱水虱	动物
东方原糠虾	动物
蜾赢蜚	动物
普通秧鸡	动物
民猪	动物
锈额斑翅鹛	动物
空栉哲水蚤	动物
小双唇螅	动物
蟊	动物
薄片蜾赢蜚	动物
乳突半突虫	动物
长须夜鳞虫	动物
锈胸蓝姬鹟	动物
丁香小杯螅	动物
藏驴	动物
紫螺	动物
白眶雀鹛	动物
长脚秧鸡	动物
欧鸽	动物
奥氏海羽水蚤	动物
中华小桧叶螅	动物
幼螺	动物
具壳半毛	动物
大蟒	动物
欧乌鸫	动物
棕胸幽鹛	动物
印支绿鹊	动物
霉	动物
灰棕三段海鞘	动物
等须浮蚕	动物
蚂蚁	动物
小齿马尔他钩虾	动物
金头扇尾莺	动物
黄嘴角鸮	动物
赤麻鸭	动物
厚蛤	动物
方形网纹溞	动物
红大眼剑水蚤	动物
武装片	动物
十二囊真唇水母	动物
卡氏海笔螅	动物
绿大眼剑水蚤	动物
美丽海帽水母	动物
棒笔帽螺	动物
大天鹅	动物
弯曲海萤	动物
淡眉雀鹛	动物
辐轮幼虫	动物
粗毛广绊犰狳	动物
蓝喉歌鸲	动物
马鳖	动物
黑冠山雀	动物
颤动疣毛轮虫	动物
长秀	动物
菌落	动物
正型单手水母	动物
大螟	动物
丽丽鱼	动物
蛾	动物
铠甲拟海萤	动物
钝齿斯氏萤	动物
细胸刺水蚤	动物
山地羚	动物
缺刻伪镖水蚤	动物
共尾幼虫	动物
细孔海萤	动物
淡黑叶鳃螺	动物
齿窦非糠虾	动物
橙胸绿鸠	动物
蝗	动物
亚强真哲水蚤	动物
蚕宝宝	动物
羚牛	动物
蓝鲨	动物
纺锤旋螺	动物
双翼平头水蚤	动物
标本虫	动物
灰伯劳	动物
八束水母	动物
双带巧言虫	动物
红胁蓝尾鸲	动物
真刺水蚤幼体	动物
赤霉素	动物
卵孢子	动物
首要高手水母	动物
三齿蜾赢蜚	动物
长丝叶须虫	动物
枣色麂羚	动物
带玛拉水母	动物
黄海夜鳞虫	动物
镜状多管水母	动物
茶花鸡	动物
北短翅莺	动物
普通秋沙鸭	动物
圆毛好转虫	动物
棒头	动物
冠小嘴乌鸦	动物
球异背鳞虫	动物
长刺长腹剑水蚤	动物
前长腹水蚤	动物
蚍蜉	动物
长腕幼虫海胆纲	动物
北极单板水母	动物
心形浅室水母	动物
扁嘴海雀	动物
卷叶蛾	动物
蛭	动物
小黑背鸥	动物
加尔板钩虾	动物
黑脊叶猴	动物
纯血马	动物
汉普夏猪	动物
矮壮箭虫	动物
厚嘴苇莺	动物
黑喉缝叶莺	动物
透明薄皮溞	动物
直浮萤	动物
赤脸薮鹛	动物
潮间海钩虾	动物
双尾纽鳃樽多刺亚钟	动物
芦鹀	动物
银耳噪鹛	动物
疣猪	动物
翼钟水母	动物
斯氏瞪羚	动物
日本毛虾	动物
真刺唇角水蚤	动物
双翼多面水母	动物
白眉棕啄木鸟	动物
玉米螟	动物
阿氏巨海萤	动物
内海拟钩虾	动物
日本叉尾海燕	动物
黑猩猩	动物
铅笔鱼	动物
剑乳点水蚤	动物
黄棒剑水蚤	动物
大刺纽鳃樽	动物
网纹浅室水母	动物
猬拟刺糠虾	动物
凤蝶	动物
小拟节糠虾	动物
北京鸭	动物
南方刺糠虾	动物
平掌拟钩虾	动物
钳形歪水蚤	动物
白翅蓝鹊	动物
桃果小桧叶螅	动物
棉凫	动物
白领翡翠	动物
长线脚磷虾	动物
长嘴百灵	动物
喜马拉雅林鸮	动物
斑喉希鹛	动物
中杜鹃	动物
腹光矛毛虫	动物
北噪鸦	动物
丽	动物
矩形龟甲轮虫	动物
拟尖虱	动物
蟑螂	动物
骡耳犰狳	动物
双壳纲	动物
美洲圆荚萤	动物
羽环纽鳃樽四光器型	动物
黑枕王鹟	动物
异手八束水母	动物
岩鸽	动物
星兽铃萤	动物
大肠杆菌	动物
齿形海萤	动物
灰林	动物
短光水蚤	动物
栉小厚壳水蚤	动物
梨形鳃虱	动物
长尾贼鸥	动物
特伯卡牛	动物
腹突平头水蚤	动物
横斑腹小鸮	动物
中隆剑水蚤	动物
巨鲮鲤	动物
八斑芮氏水母	动物
鹿苑鸡	动物
澳洲红嘴鸥	动物
棒状海蜇	动物
腹腺浮萤	动物
美丽大眼剑水蚤	动物
灰头鸫	动物
蚊	动物
裂殖菌	动物
海蛇	动物
小凤头燕鸥	动物
海星幼体	动物
箭虫	动物
肉垂麦鸡	动物
念珠菌	动物
绯胸鹦鹉	动物
非洲毒蛇	动物
白腹鸫	动物
细手半毛	动物
蠕虫	动物
壁虱	动物
新淮猪	动物
红腿斑秧鸡	动物
粗肌海鞘	动物
后圆真浮萤	动物
中华纺锤水蚤	动物
磁蟹溞状幼体	动物
白翅交嘴雀	动物
拟海若螺	动物
亮羽水蚤	动物
红头咬鹃	动物
北斗浮蚕	动物
锥稚虫	动物
爱琴鱼	动物
瓣肛海鞘	动物
歪水蚤	动物
中型节糠虾	动物
针尾鸭	动物
阿氏马尔他钩虾	动物
短角双眼钩虾	动物
卷叶虫	动物
紫翅椋鸟	动物
海榧螅	动物
鳞头树莺	动物
芦花洛克鸡	动物
夏威夷角钩虾	动物
舟哲水蚤	动物
虻	动物
卵圆涟虫	动物
蠛	动物
斑头大翠鸟	动物
南极拱萤	动物
台湾猪	动物
蟮	动物
凤头百灵	动物
被双节螅	动物
灰喜鹊	动物
长额瓦浮萤	动物
亚洲异针涟虫	动物
异色树莺	动物
小近糠虾	动物
立陶宛马	动物
伊蚊	动物
斑翅凤头鹃	动物
罗螺	动物
史氏圆囊溞	动物
六枝管水母	动物
柬埔寨野牛	动物
产烷生物	动物
蚋	动物
须稚齿虫	动物
环尾狐猴	动物
中型莹虾	动物
高手水母	动物
双尖叶剑水蚤	动物
蛐蛐	动物
红胸啄花鸟	动物
荒漠伯劳	动物
锈腹短翅鸫	动物
黄腹树莺	动物
霸王短鲷	动物
指状许水蚤	动物
清苔鼠	动物
西沙多孔螅	动物
太平洋磷虾	动物
短体五角水母	动物
白顶鹀	动物
密异肢水蚤	动物
茶胸斑啄木鸟	动物
白洛克鸡	动物
大鹃鵙	动物
夏福特牛	动物
坚固水母	动物
深海后浮萤	动物
冈田节糠虾	动物
玻璃海鞘	动物
小盘尾	动物
小尖尾翼萤	动物
触角偏鼻	动物
长嘴地鸫	动物
黄绿鹎	动物
黑头噪鸦	动物
德氏大羚羊	动物
蝗虫	动物
贞女刺萤	动物
中华仙鹟	动物
弯片	动物
玉黍螺	动物
海冠水母	动物
杭猪	动物
小犰狳	动物
欧石鸻	动物
比利时挽马	动物
柴拟菊海鞘	动物
斑目脆鳞虫	动物
东方绿疣猴	动物
施氏美螅	动物
台湾棕噪鹛	动物
鹪鹩	动物
荣昌猪	动物
岩羚羊	动物
雅南猪	动物
痘病毒	动物
红颈滨鹬	动物
北方住筒虫北方褶海鞘	动物
角长吻龟螺	动物
猕猴豚尾猴	动物
白喉噪鹛	动物
野猪	动物
同角蜾嬴蜚	动物
黑颈长尾雉	动物
柳雷鸟	动物
双殖浮蚕	动物
长刺大眼剑水蚤	动物
长突平头水蚤	动物
针刺梭剑水蚤	动物
粘液瘤病毒	动物
磕头虫	动物
细嘴黄鹂	动物
疏刺片钩虾	动物
强小厚壳水蚤	动物
单刺燧磷虾单刺樱磷虾	动物
真胖水蚤	动物
翘鼻麻鸭	动物
赛氏篱莺	动物
家燕	动物
澳洲星点龙	动物
蜈蚣	动物
爱维因肉鸡	动物
新汉夏鸡	动物
食人鲳	动物
始浮萤	动物
棉兰老条	动物
拟柱糠虾	动物
两栖水虱	动物
朱鹮	动物
椿象	动物
长尾亮羽水蚤	动物
金曼龙	动物
四刺异糠虾	动物
大鸨	动物
帕克和平水母	动物
高山旋木雀	动物
泰国鲫	动物
马来稚齿虫	动物
有刺才女虫	动物
红脸鸬鹚	动物
加岛海狗	动物
居氏瞪羚	动物
长头麂羚	动物
白颊鹎	动物
真帚萤	动物
假驼磷虾	动物
红翅薮鹛	动物
苇鹀	动物
黑鳽	动物
弹头螺	动物
厚近糠虾	动物
低地绣眼鸟	动物
热带无棱水母	动物
灰头灰雀	动物
黑脸琵鹭	动物
安哥拉疣猴	动物
塔螺	动物
杂色山雀	动物
丁蛎	动物
黄胸柳莺	动物
甘肃柳莺	动物
柔毛突尾水虱	动物
广丰牛	动物
德国黄牛	动物
西方牛背鹭	动物
背突隆剑水蚤	动物
触手叶鳃螺	动物
仔鱼	动物
灰奇鹛	动物
诺氏原足虫	动物
南德温牛	动物
迈氏三肢轮虫	动物
中型住囊虫	动物
魁蛤	动物
天牛	动物
大眼剑水蚤	动物
不规则多果海鞘	动物
天蚕	动物
荷兰白带牛	动物
白腰燕鸥	动物
菲氏叶猴	动物
单巧	动物
鱼卵	动物
皮鳃螺	动物
豹海豹	动物
牛背鹭	动物
宽板沙钩虾	动物
朱背啄花鸟	动物
长嘴鹬	动物
东方真胖水蚤	动物
斑头鸺鹠	动物
蓑鮋条刺鱼蚤	动物
杂真亮羽水蚤	动物
斑翅鹩鹛	动物
伟氏长足猛水蚤	动物
烟草花叶病病毒	动物
酒红朱雀	动物
尖额保猛水蚤	动物
栗颈噪鹛	动物
双斑绿柳莺	动物
黑白疣猴	动物
紫宽嘴鸫	动物
八囊摇篮水母	动物
阿利玛幼体	动物
微脊浅室水母	动物
浮萤	动物
鹰雕	动物
褐额啄木鸟	动物
线状小锥虫	动物
管叉水母	动物
拟驼磷虾	动物
球形毛浮萤	动物
锦绣神须虫	动物
多手萼水母	动物
肋长角螺	动物
黑翅鸢	动物
海菊蛤	动物
白手长臂猿	动物
帽铃水母	动物
针丽哲水蚤	动物
多手卷丝水母	动物
短鳃才女虫	动物
长尾夜鹰	动物
花尾榛鸡	动物
黑胸山鹪莺	动物
松毛虫	动物
蝻	动物
银狨	动物
蛲虫	动物
凯旋骨螺	动物
窄瘦形箭虫	动物
棘冠螺	动物
具刺软萤	动物
蛀心虫	动物
支管双钟水母	动物
简拟平头水蚤	动物
黑眉拟啄木鸟	动物
白斑翅拟蜡嘴雀	动物
画眉	动物
广东胃瘤水母	动物
鳞胸鹪鹛	动物
藏雪鸡	动物
寿光鸡	动物
管骨螺	动物
红嘴钩嘴鹛	动物
四刺刺糠虾	动物
壁虎	动物
蛊	动物
山蓝仙鹟	动物
网纹拟薄海鞘	动物
华丽盛装水母	动物
黑领椋鸟	动物
白枕鹤	动物
冈山刺糠虾	动物
厦门矮隆哲水蚤	动物
黑尾鸥	动物
凤头鹀	动物
大腺真唇水母	动物
长吻纽鳃樽	动物
假异果双浮萤	动物
中华哲水蚤	动物
尖尾鼠猛水蚤	动物
白鹇	动物
红刺尖锥虫	动物
黑白林	动物
德国西门塔尔牛	动物
黑眉苇莺	动物
八手八束水母	动物
橙头地鸫	动物
细齿浮萤	动物
西藏牛	动物
梯形双唇螅	动物
羽螅	动物
拟深角水蚤	动物
棘球绦虫	动物
银鲨	动物
墓形棍手水母	动物
花腹绿啄木鸟	动物
尖囊双钟水母	动物
捷氏歪水蚤	动物
红尾歌鸲	动物
细腺和平水母	动物
短角长腹剑水蚤	动物
白喉短翅鸫	动物
白肩黑鹮	动物
虎头海雕	动物
缢拟长管水母	动物
波状碟螅	动物
海赛克斯白鸡	动物
文须雀	动物
抹香鲸	动物
艮氏小羚	动物
双尾纽鳃樽东方亚钟	动物
沙色朱雀	动物
小白额雁	动物
田鸫	动物
水蒲苇莺	动物
大角玻璃钩虾	动物
极地蚤钩虾	动物
草鹭	动物
近霍糠虾	动物
日本节糠虾	动物
雌蜂	动物
灯罩水母	动物
细毛尖锥虫	动物
黑额麂羚	动物
红色短手水母	动物
城市害虫	动物
冀南牛	动物
藤壶幼体	动物
双角住筒虫双角褶海鞘	动物
竹节虫	动物
灰蓝姬鹟	动物
黑浮鸥	动物
戴胜	动物
片	动物
花冠皱盔犀鸟	动物
林鹬	动物
饭岛异糠虾	动物
仿星鳃虱	动物
南阳牛	动物
栗鹀	动物
戴菊	动物
圆短腿	动物
草原红牛	动物
鼠狐猴	动物
短小拟钩虾	动物
噪大苇莺	动物
厚嘴绿鸠	动物
瘦真刺水蚤	动物
大金背啄木鸟	动物
木蠹蛾	动物
小绒鸭	动物
结草虫	动物
等手后浮萤	动物
褶玫瑰水母	动物
尾稚虫	动物
南方斑纹海豚	动物
象鼻溞	动物
侏虎鲸	动物
眼镜王蛇	动物
莫氏片钩虾	动物
刺尖锥虫	动物
宽片	动物
指亮钩虾	动物
黑林鸽	动物
银色乌叶猴	动物
赤颈鸭	动物
牛肝菌	动物
台湾斑胸钩嘴鹛	动物
灰背椋鸟	动物
锥	动物
斑马鱼	动物
长腕片	动物
狮头鹅	动物
锈红腹旋木雀	动物
鱼狗白钩虾	动物
短吻海豚	动物
叉暗哲水蚤	动物
粗糙双指鳞虫	动物
虼蚤	动物
无疣拟蹄水母	动物
卷叶磷虾	动物
峨眉柳莺	动物
拟扁胃高手水母	动物
透孔螺	动物
圆凹囊糠虾	动物
窄尾刺糠虾	动物
美丽全喙侧鳃	动物
柱形宽水蚤	动物
蝴蝶螺	动物
金枕黑雀	动物
红吼猴	动物
栗腹文鸟	动物
赤麂	动物
麦蚜	动物
蜜蜂	动物
黑耳奇鹛	动物
高山金翅雀	动物
中华利尔钩虾	动物
蓝矶鸫	动物
Ｂ肝病毒	动物
饭岛柳莺	动物
血鹦鹉	动物
米粒近镖水蚤	动物
斑海豹	动物
金冠树八哥	动物
长江新镖水蚤	动物
棕颈钩嘴鹛	动物
刺尾拟浮萤	动物
银龙	动物
冕雀	动物
瘤马尔他钩虾	动物
马陆	动物
八爪拟弯喉萤	动物
中国和糠虾中国原新糠虾	动物
棕头钩嘴鹛	动物
日本伪才女虫	动物
匍生柄杯螅	动物
褐翅鸦雀	动物
普氏原羚	动物
病菌	动物
高原山鹑	动物
台湾戴菊	动物
方尾鹟	动物
黑脸噪鹛	动物
北椋鸟	动物
背齿伊氏钩虾	动物
红腹红尾鸲	动物
塞切尔泥钩虾	动物
培根蜾赢蜚	动物
多手指突水母	动物
美洲金鸻	动物
条纹噪鹛	动物
拟叶腕水母	动物
花大姐	动物
赤色倭狐猴	动物
跳蚤	动物
黑眉柳莺	动物
小明蚕	动物
食蟹海豹	动物
钳嘴鹳	动物
藏鹀	动物
褐头鹀	动物
鸟尾蛤	动物
蓝腰短尾鹦鹉	动物
圆柱水虱	动物
圆鳃麦杆虫	动物
六棱纽鳃樽	动物
单管美螅水母	动物
灰喉针尾雨燕	动物
螟虫	动物
笠螺	动物
出血性大肠杆菌	动物
