路怒	情感
仁	情感
悲愤	情感
幻觉	情感
谱	情感
愤怒	情感
情丝	情感
私欲	情感
深情厚意	情感
仁德	情感
妙趣	情感
情趣	情感
羞辱	情感
千古恨	情感
观后感	情感
乐观主义	情感
妒火	情感
一瞥	情感
恐惧感	情感
紧迫感	情感
疼痛	情感
感	情感
百感	情感
童蒙	情感
真情	情感
冤仇	情感
黑色幽默	情感
妇人之仁	情感
芥蒂	情感
民情	情感
万箭穿心	情感
二意	情感
忠心	情感
正义感	情感
责任心	情感
心得体会	情感
同感	情感
疑心病	情感
劲头	情感
羞耻	情感
自豪感	情感
内疚	情感
心潮	情感
存疑	情感
意识流	情感
平衡觉	情感
寸草心	情感
窝囊气	情感
善意	情感
天良	情感
柔情	情感
生趣	情感
革命乐观主义	情感
谢意	情感
人心向背	情感
心火	情感
体感温度	情感
神经冲动	情感
疑	情感
雅兴	情感
意马心猿	情感
动觉	情感
情窦	情感
好感	情感
谈兴	情感
互信	情感
愁苦	情感
荣誉感	情感
幽趣	情感
歉意	情感
痛觉	情感
拳拳之忱	情感
祖先崇拜	情感
舆情	情感
恩仇	情感
冤气	情感
激情	情感
狐疑	情感
冷板凳	情感
痴情	情感
欢心	情感
热流	情感
幽默感	情感
休戚	情感
忧愁	情感
情仇	情感
腹心	情感
诚意	情感
直觉	情感
醋	情感
顺水人情	情感
亲情	情感
恩泽	情感
神秘感	情感
触觉	情感
印象	情感
希望	情感
盛怒	情感
仇恨	情感
陶醉感	情感
乐趣	情感
兴致	情感
情操	情感
深情	情感
真情实意	情感
愫	情感
口感	情感
良知	情感
民心	情感
父爱	情感
戾气	情感
幻视	情感
忾	情感
老交情	情感
殷忧	情感
心情	情感
嫌怨	情感
气	情感
春	情感
悲欢	情感
歉疚	情感
脆弱的感情	情感
心眼儿	情感
自卑感	情感
忿	情感
暖意	情感
胃口	情感
负疚感	情感
情爱	情感
敌意	情感
疚	情感
爱憎	情感
悲观主义	情感
外心	情感
畏惧	情感
积郁	情感
新仇旧恨	情感
体验	情感
拳拳之心	情感
冲动	情感
孤独感	情感
衷曲	情感
诟	情感
体感	情感
逆反心理	情感
情面	情感
阶级觉悟	情感
疚歉	情感
人情债	情感
火头	情感
心得	情感
羞耻心	情感
新鲜感	情感
不信任	情感
意识	情感
旧恶	情感
积愤	情感
寸心	情感
世谊	情感
法律意识	情感
缺憾	情感
忠孝	情感
忧	情感
兴奋	情感
爱国主义精神	情感
耳目之娱	情感
疑问	情感
前仇	情感
谜团	情感
排外倾向	情感
酸甜苦辣	情感
友谊	情感
二心	情感
恩	情感
苦衷	情感
孝心	情感
酒兴	情感
犯罪感	情感
情意	情感
压抑感	情感
说不尽的离情别绪	情感
深情厚谊	情感
官能	情感
惠	情感
游兴	情感
觉	情感
童心	情感
燕尔之乐	情感
语感	情感
宗教信仰	情感
艳羡	情感
气性	情感
冤枉气	情感
泛爱	情感
爱欲	情感
怨尤	情感
脾胃	情感
恩典	情感
炽情	情感
悲欢离合	情感
隔膜	情感
醋劲儿	情感
不满情绪	情感
柔情万种	情感
心语	情感
风情	情感
衷肠	情感
嫌隙	情感
雅趣	情感
来头	情感
不共戴天之仇	情感
舒适	情感
贰心	情感
柔情蜜意	情感
五味杂陈的感情	情感
直感	情感
无名火	情感
温情	情感
不满	情感
民怨入骨	情感
悃诚	情感
谅解	情感
赤子之心	情感
随感	情感
乡思	情感
骨肉之情	情感
离愁	情感
兴味	情感
兴趣	情感
大不敬	情感
痛感	情感
春情	情感
切身体验	情感
劲	情感
闲心	情感
事业心	情感
人情	情感
痴心	情感
红心	情感
蕙心	情感
感激	情感
视觉	情感
心里话	情感
公民的自豪感	情感
积怨	情感
隐痛	情感
感情创伤	情感
嫌	情感
情致	情感
喜悦	情感
知遇之恩	情感
伤痛	情感
感激之情	情感
耻	情感
相思病	情感
深厚的感情	情感
红眼病	情感
信	情感
肝气	情感
恐惧	情感
视听	情感
怨气	情感
失败主义	情感
盛意	情感
隆情厚谊	情感
冷热	情感
忧色	情感
恐慌	情感
志趣	情感
千仇万恨	情感
大恩	情感
别绪	情感
慈爱心	情感
感觉	情感
心结	情感
礼义廉耻	情感
民怨	情感
私情	情感
虔心	情感
认同感	情感
闲情	情感
悲苦	情感
情绪	情感
闲情逸致	情感
羞耻感	情感
一时冲动	情感
感触	情感
私仇	情感
人情味	情感
嫌疑	情感
美感	情感
脾气	情感
不信任感	情感
单神崇拜	情感
旧情	情感
离情别绪	情感
错综复杂的感情	情感
雅意	情感
愁肠	情感
急脾气	情感
国际公愤	情感
愁云	情感
芳心	情感
浓情厚意	情感
多元信仰	情感
厚意	情感
听觉	情感
报复心	情感
负罪感	情感
创伤	情感
爱国心	情感
封建迷信	情感
凶焰	情感
报国心	情感
强烈的怀疑	情感
宿怨	情感
情兴	情感
仁心	情感
悲楚	情感
七情	情感
苦水	情感
口味	情感
恨	情感
感情	情感
愤	情感
光荣感	情感
耻辱	情感
世仇	情感
野趣	情感
恐惧心理	情感
手足之情	情感
干劲	情感
暴怒	情感
义愤	情感
恩惠	情感
情味	情感
离愁别绪	情感
动物崇拜	情感
兼爱	情感
私怨	情感
恶气	情感
醉意	情感
通感	情感
不臣之心	情感
温度	情感
倦意	情感
愁结	情感
柔肠	情感
人心所向	情感
恩情	情感
爱情	情感
薄厚	情感
厚谊	情感
癖好	情感
孝顺	情感
寸衷	情感
丹心	情感
怒潮	情感
娱悦	情感
不安全感	情感
体会	情感
余悸	情感
德泽	情感
冷遇	情感
动感	情感
痛楚	情感
情愫	情感
恩德	情感
衷情	情感
报复心理	情感
慈爱	情感
等同视觉	情感
恩重如山	情感
意思	情感
视线	情感
安慰	情感
悲思	情感
超感知觉	情感
信任感	情感
疑心	情感
回味	情感
忌妒心	情感
好	情感
痛苦	情感
敌对情绪	情感
醋意	情感
夙嫌	情感
醋劲	情感
急火	情感
喜怒哀乐	情感
好心	情感
宿仇	情感
痛	情感
怒色	情感
悲郁	情感
情感	情感
幽怨	情感
不顾一切	情感
舒适感	情感
忠肝义胆	情感
前嫌	情感
把握	情感
自卑心理	情感
错觉	情感
奇耻大辱	情感
深仇大恨	情感
宦途	情感
别情	情感
冷眼	情感
爱	情感
意绪	情感
责任感	情感
情怀	情感
好恶	情感
恐外症	情感
乡愁	情感
坏脾气	情感
小恩小惠	情感
款曲	情感
偏爱	情感
仇	情感
兴	情感
碧血丹心	情感
深厚友情	情感
苦痛	情感
疑窦	情感
热情	情感
烦乱	情感
个人迷信	情感
丹魄	情感
信心	情感
反感	情感
安全感	情感
好脾气	情感
挂碍	情感
寒意	情感
虚荣	情感
恋父情结	情感
隐衷	情感
真情实感	情感
盲目的责任感	情感
前情	情感
疑虑	情感
罪	情感
青睐	情感
暖流	情感
恩宠	情感
愤慨	情感
体外体验	情感
德	情感
遗恨	情感
舒服	情感
矛盾心理	情感
味觉	情感
愁云惨雾	情感
快感	情感
谢忱	情感
偶感	情感
震感	情感
预感	情感
谬爱	情感
热忱	情感
虚惊	情感
喜欢	情感
母爱	情感
冤愤	情感
挫折感	情感
爱意	情感
意兴	情感
颠沛	情感
余兴	情感
情思	情感
气味	情感
孝	情感
信任	情感
春晖	情感
离情	情感
老牛舐犊	情感
创业精神	情感
孝道	情感
衷	情感
愁思	情感
隔阂	情感
忧伤	情感
厚爱	情感
睚眦	情感
对癌症的恐惧	情感
忧心	情感
善心	情感
立体感	情感
情结	情感
自尊心	情感
无知	情感
挚爱	情感
情	情感
睚眦之怨	情感
私愤	情感
夙仇	情感
情调	情感
众怒	情感
人心	情感
妒忌心	情感
骨鲠在喉	情感
碴儿	情感
仇怨	情感
疑惧	情感
旧怨	情感
感受	情感
疑团	情感
性快感	情感
愁绪	情感
雷霆之怒	情感
法制观念	情感
嫉妒心	情感
失落感	情感
情谊	情感
火气	情感
仁慈	情感
群情	情感
眚	情感
同情心	情感
质感	情感
忘恩	情感
单相思	情感
怒火	情感
难色	情感
兴头	情感
雷霆	情感
个人崇拜	情感
诗兴	情感
大恩大德	情感
谐趣	情感
犬儒主义	情感
情愁	情感
疑云	情感
怒容	情感
闷气	情感
委屈	情感
严重不安	情感
民愤	情感
后悔药	情感
春心	情感
恩恩怨怨	情感
愚忠	情感
观感	情感
友情	情感
恩同再造	情感
私衷	情感
七情六欲	情感
虚情假意	情感
歉	情感
小惠	情感
亲切感	情感
怨	情感
博爱	情感
盛情	情感
真实感	情感
恩遇	情感
火	情感
错爱	情感
情分	情感
豪兴	情感
怨恨	情感
终天之恨	情感
妒意	情感
恶感	情感
敬业精神	情感
患	情感
恻隐之心	情感
恋母情结	情感
惠泽	情感
恐慑	情感
深深的感激	情感
哀思	情感
心肝	情感
怒	情感
好意	情感
敬意	情感
意气	情感
酒意	情感
知觉	情感
挚情	情感
心意	情感
苦楚	情感
怼	情感
肤觉	情感
自信心	情感
诚心	情感
甜酸苦辣	情感
苦	情感
鱼水情	情感
爱好	情感
娱	情感
愉快	情感
恩怨	情感
幽情	情感
冤	情感
优越感	情感
夹板气	情感
春意	情感
满足感	情感
雠	情感
雨露	情感
高情雅意	情感
怀疑	情感
人体感觉	情感
实感	情感
良心	情感
