硫化氢	材料
水彩	材料
拉架小卫衣	材料
牙	材料
盐肤木	材料
缓凝剂	材料
消光春亚纺	材料
面精面卫衣	材料
呢子	材料
特普	材料
其他非织造及工业用布	材料
煤砟子	材料
杀虫单铵	材料
板蓝根	材料
渗透性桥面防水剂	材料
棉夹丝棉间丝提花平纹	材料
放大纸	材料
黑条纺	材料
长丝	材料
金属板网	材料
水不漏	材料
精棉有光丝抽针法国罗纹	材料
人棉拉架平纹	材料
白胡椒	材料
棉双纱罗拉	材料
糨糊	材料
花灰疏根平拉	材料
花灰密根罗拉	材料
高强抗裂贴	材料
有色涤横间色丝提花双面	材料
粉末冶金	材料
聚氧丙烯氧化乙烯甘油醚	材料
月石	材料
涤平纹	材料
棉蛇仔布	材料
防辐射砂浆	材料
纯涤吊线格仔单染	材料
编结工艺品	材料
信纸	材料
手绘面料	材料
硬纸板	材料
边角料	材料
酱油	材料
瓷漆	材料
经编提花	材料
聚合物防水乳液	材料
点塑布	材料
硅胶	材料
棉间黑光丝领	材料
沥青	材料
结构钢管	材料
原稿纸	材料
抽针平纹	材料
对氯二甲苯酚	材料
股线全涤扁机脚	材料
道路修补剂	材料
虫螨腈	材料
蜡	材料
不锈钢线材不锈钢圆钢	材料
棉拉架平纹	材料
杀虫环	材料
谷子	材料
苯霜灵	材料
堆肥	材料
成型胶合板	材料
涤纶丝毛巾	材料
钢花呢	材料
小格仔	材料
咪鲜胺锰盐	材料
石蜡	材料
罗纹单染涤	材料
柳木	材料
红米红	材料
棉低弹梯级	材料
粘棉纱	材料
天丝珠地布	材料
天丝低弹丝珠地	材料
缦	材料
布拉齐因	材料
快离子导体陶瓷	材料
防水密实剂	材料
有机高强耐磨料	材料
鱼露	材料
纳米颗粒型材料	材料
乌木	材料
棉拉架灯芯	材料
平纹	材料
焦磷酸二氢二钠	材料
皮纸	材料
靛蓝及其铝色淀	材料
春亚纺	材料
工业地坪系统	材料
密根珠地布	材料
顺毛呢	材料
冰洲石	材料
全涤网眼布	材料
信笺	材料
黄铁矿	材料
棉蒙代尔氨纶平纹拉架	材料
高强耐磨料	材料
吸湿排汗布	材料
硫化染料	材料
雀眼布	材料
铜及铜锭	材料
棉提花双面	材料
低弹丝满天星	材料
马粪纸	材料
防酸面料	材料
多晶硅	材料
钢化玻璃	材料
绢	材料
熟橡胶	材料
法罗	材料
提花双面布	材料
夹丝布	材料
棉单珠地单	材料
牛皮革	材料
蕃茄沙司	材料
拉架单位衣	材料
柴火	材料
长毛绒	材料
聚葡萄糖	材料
料慈竹	材料
槽钢	材料
双纱平纹单	材料
显相纸	材料
钢轨	材料
有机肥料	材料
地坪硬化剂	材料
精棉小提花珠地	材料
咖啡豆	材料
电脑提花丝盖棉平纹	材料
丁氟螨酯	材料
萘系减水剂	材料
拉架单卫衣	材料
铁轨	材料
引火物	材料
全棉不抓毛卫衣	材料
磺化全氟辛烷锂	材料
敌枯双	材料
绵纸	材料
棉平纹款款款	材料
混纺坯布	材料
硅材料	材料
棉氨纶拉架罗纹	材料
白灰	材料
氨纶罗拉	材料
东莨菪	材料
茶碱	材料
交联剂	材料
黑炭	材料
虫螨磷	材料
棉斜纹布	材料
吡螨胺	材料
花灰卫衣布	材料
全涤	材料
水杨酸钠	材料
绢丝	材料
棉斜纹抽条	材料
竹管	材料
废油	材料
聚合物防水涂料	材料
亚麻	材料
苯氧威	材料
细毛	材料
瑞米二号	材料
精棉竹节纱平纹	材料
打鸡双面	材料
纯棉平纹	材料
棉间涤横间提花布	材料
花边布	材料
双纱抽针罗纹	材料
人棉拉架单染	材料
琥珀树脂	材料
黄糖	材料
金光绒	材料
海藻酸钠	材料
瑶	材料
棉面拉架单卫衣	材料
精棉斜纹底卫衣布	材料
活性物质	材料
土肥	材料
精棉有光丝平纹	材料
呋线威	材料
其他人造革	材料
莰酮	材料
方子	材料
涤罗拉	材料
棉吊间	材料
无缝管	材料
过氧化苯甲酰	材料
棉直条珠地	材料
单染木代尔	材料
蒜泥蛋黄酱	材料
纳米石墨相变无机保温砂浆	材料
尼龙木代尔	材料
网布单染	材料
阴丹士林	材料
全棉斜纹梳织布	材料
绸缎	材料
天丝涤纶珠地	材料
滤纸	材料
赤藓糖醇	材料
合金钢管	材料
天然甜味剂	材料
绫罗	材料
无铅汽油	材料
平纹客	材料
磷肥	材料
金属硅	材料
克百威	材料
瑷	材料
三角铁	材料
锰酸锂	材料
格仔提花布	材料
防冻剂	材料
棉谷波织袖	材料
溴氯二甲基脲酸	材料
色丝提花平纹	材料
皮花	材料
硼砂	材料
梳根拉架平纹	材料
石棉	材料
腈纶	材料
斩假石	材料
双纱平纹单号	材料
矿棉	材料
纯涤吊线格仔单染棉	材料
棉拉架罗纹	材料
蚂蚁布	材料
沙滩巾	材料
纺织设备和器材	材料
精棉健康布	材料
法式油醋汁	材料
玄武岩	材料
即溶咖啡	材料
圆钢	材料
粮	材料
废纸	材料
容器板	材料
交织类面料	材料
抗坏血酸又名维生素山梨醇	材料
缎	材料
红油漆	材料
聚合物耐油砂浆	材料
密根拉架	材料
瑜	材料
花灰氨纶	材料
洋菜	材料
黄小料	材料
黑色金属矿产	材料
竹棉竹棉密根拉架平纹	材料
琥胶肥酸铜	材料
火线	材料
发硫磷	材料
百部碱	材料
涤纶氨纶平纹	材料
树脂漆	材料
双纱拉架罗纹	材料
棉竹节布	材料
长城四角珠地	材料
添加剂	材料
股线全涤扁机领	材料
环氧树脂	材料
纤维	材料
大米	材料
杂面	材料
套子	材料
人棉罗拉抽条	材料
棉灯芯拉架	材料
布纹纸	材料
焦糖色普通法	材料
夹丝健康布	材料
人棉涤氨纶打鸡布	材料
团粉	材料
涤拉架双面布	材料
桥面环氧覆层	材料
钨丝	材料
乙烯菌核利	材料
松脂石	材料
混凝土养护剂	材料
二氯苯醚菊酯	材料
混凝土耐磨剂	材料
堶	材料
棉花灰不抓毛排间卫衣	材料
绗缝面料	材料
坐标纸	材料
碳纤维胶	材料
棉间丝谷波双面布	材料
棉间白平纹	材料
卡其	材料
型砂	材料
硫酸钠	材料
棉拉架扁机领	材料
板纸	材料
保棉磷	材料
伏虫隆	材料
棉色丝菠萝花双面单染棉	材料
甲维	材料
涤双卫衣	材料
籽棉	材料
拉架平纹用成品布打	材料
乙酸钠	材料
大眼珠地布	材料
单面毛巾布单染涤	材料
活性炭	材料
栲	材料
酪蛋白钙肽	材料
磁石	材料
丁基醋酸	材料
原木	材料
单卫衣	材料
吸墨纸	材料
乳脂	材料
细布	材料
棉双面珠地	材料
萝卜红	材料
磷酸氢钙	材料
涤单卫衣	材料
精梳勿根平拉	材料
治螟磷	材料
铁合金	材料
硬脂酸又名十八烷酸	材料
蜡纸	材料
木焦油	材料
乙硫磷	材料
青岛星牌	材料
纯涤单面布	材料
面底抓毛卫衣	材料
燃煤	材料
布	材料
无收缩速流砂浆	材料
雕漆	材料
雨衣布	材料
其他毛巾	材料
枣泥	材料
涤纶梯级双面布	材料
胡椒	材料
可可粉	材料
人造丝	材料
合成革	材料
醚菊酯	材料
糊墙纸	材料
号间宝蓝坑条领	材料
消光	材料
粒点布	材料
塔夫绸	材料
聚合物耐碱砂浆	材料
平绒	材料
Ｓ形瓦	材料
毡子	材料
全棉竹节纱平纹	材料
匹头	材料
特丁基对苯二酚	材料
电石	材料
棉平拉	材料
改性环氧树脂碳纤维胶	材料
柏油	材料
铅粉	材料
白陶	材料
其他皮革	材料
导火索	材料
混合氨基酸铜锌锰镁	材料
酒曲	材料
地板砖	材料
其他面料	材料
废布	材料
铁观音	材料
隔膜	材料
精棉黑色丝谷波双面	材料
缸管	材料
植筋胶	材料
蔬根拉架	材料
氯啶菌酯	材料
馅儿	材料
棉平纹批	材料
高性能混凝土膨胀剂熟料	材料
冷冻剂	材料
高碳钢	材料
双纱珠地	材料
克平纹拉架	材料
消石灰	材料
丙纶	材料
漆布	材料
联苯醚又名二苯醚	材料
自密实混凝土	材料
白面	材料
绿柱石	材料
棉双珠地布	材料
全棉平纹布	材料
棉花灰罗纹	材料
全棉平纹拉架	材料
棉安纶拉架双面	材料
竹节平纹	材料
熟铁	材料
大豆纤维	材料
棉棉三珠提花	材料
皂荚糖胶	材料
木代尔威化布	材料
粗沙	材料
羊皮	材料
果胶	材料
拉架斜纹	材料
己基间苯二酚	材料
火砖	材料
赛璐玢	材料
全涤拉架	材料
罗纹提花	材料
水磨石	材料
花生油	材料
大油	材料
棉盖丝平纹布	材料
茧绸	材料
牛奶纤维	材料
噻嗪酮	材料
精棉有光丝提花双面	材料
针刺无纺布	材料
七氟菊酯	材料
聚合物高强砂浆	材料
精棉光丝星花拉架提花	材料
螺螨酯	材料
塔巴斯科辣沙司	材料
绉类	材料
半精平纹	材料
汽油	材料
竹节纱平纹	材料
棉竹节单珠地	材料
方木	材料
坑条布	材料
铝及铝锭	材料
拉架双面布	材料
毛巾	材料
工装面料	材料
提花罗纹	材料
双色布	材料
半精打鸡双面	材料
聚合物水泥注浆料	材料
无烟火药	材料
硫丹	材料
鱼鳞卫衣	材料
渣油	材料
兔羊绒	材料
水晶球	材料
那他霉素	材料
棉底网眼布	材料
花色布	材料
丝盖棉本厂克	材料
有色金属加工材	材料
毛线	材料
硝酸甘油	材料
过磷酸钙	材料
没食子酸丙酯	材料
直条	材料
醋酸	材料
平纹真木单	材料
耐侯钢	材料
氯苯肟唑建议	材料
黏土	材料
棉晴纱	材料
土菌灵	材料
复写纸	材料
中频电源	材料
十字方格	材料
防火材料	材料
人棉包芯氨打鸡布	材料
杜邦拉架平纹	材料
大眼珠地	材料
茶叶末	材料
乙萘酚	材料
瑗	材料
自然财富	材料
邻甲氧基酚	材料
华达呢	材料
红线	材料
全棉	材料
纱线	材料
焊丝	材料
有色金属及加工材	材料
袋茶	材料
亮蓝及其铝色淀	材料
抗蚜威	材料
棉面间涤提花布	材料
氨纶拉架	材料
生油	材料
白夹竹	材料
蓝宝石	材料
硫化橡胶	材料
桃孔布	材料
调味汁	材料
普通圆钢	材料
柔姿纱	材料
白云石	材料
粉煤灰	材料
畜肥	材料
花梨木	材料
稻瘟酯	材料
水资源	材料
结构加固系统	材料
吗啉脂肪酸盐果蜡	材料
线材	材料
库存皮革及制品	材料
麻酱	材料
格子呢	材料
异稻瘟净	材料
纯涤双面布	材料
沤肥	材料
棉粗灰丝细宝蓝丝平领	材料
纯涤罗纹	材料
皮棉	材料
不发火砂浆	材料
色织	材料
福美锌	材料
复合磨料	材料
氯纶	材料
聚乙二醇	材料
聚合物改性柔性防水涂料	材料
导汗马眼	材料
屋顶材料	材料
食用油	材料
熟石灰	材料
莨菪碱	材料
斜纹布	材料
醋	材料
糖浆	材料
麻布	材料
苯酚	材料
油纸	材料
缎类	材料
嘧菌环胺	材料
废铜	材料
甘露醇	材料
乳色玻璃	材料
不干胶	材料
皮草	材料
皮子	材料
棉梳纹布	材料
棉预深预鲜	材料
镀锌管	材料
雘	材料
彩纸	材料
珠地	材料
硫铝酸盐水泥用早强剂	材料
卫生纸	材料
糊糊	材料
乏煤	材料
氨纶灯芯	材料
加气水泥	材料
婚纱	材料
管材	材料
密根罗纹拉架	材料
线单折领	材料
中草药	材料
人造板	材料
布种	材料
布条	材料
睡衣面料	材料
荧光色素	材料
周玉奎	材料
棉珠地卫衣	材料
方格花布	材料
山羊绒	材料
海绵乳胶	材料
白米	材料
硝酸铵	材料
春肥	材料
糖	材料
纯棉罗纹	材料
珠地丝盖棉	材料
自流平水泥砂浆	材料
蝇毒磷	材料
足球格	材料
功能原料系统	材料
低弹满天星	材料
双面拉架	材料
不锈钢材	材料
牙石	材料
棉单面	材料
高强抗油耐磨剂	材料
毛涤纱	材料
混凝土耐碱剂	材料
棉罗文	材料
氧化亚铜	材料
玛蹄脂	材料
高粱米	材料
条花布	材料
人棉包芯打鸡布	材料
铜丝	材料
烃基二甲基氯化铵	材料
棉双纱玉米布	材料
棉盖丝提花	材料
羽毛	材料
特丁硫磷	材料
棉梳根布	材料
江米	材料
豆饼	材料
铬矿	材料
艾氏剂	材料
咖啡	材料
过氧化钙	材料
纯色	材料
磺胺嘧啶	材料
氯化聚丙烯	材料
粗布	材料
吊线格仔	材料
支座锚固砂浆	材料
半绝缘体	材料
手工编织加工	材料
伊枯草菌素	材料
赤水木	材料
冰袋布	材料
精棉涤纶夹丝分健康布	材料
木柴	材料
灭菌丹	材料
棉密根拉架平纹单单	材料
沥青防水涂料	材料
耐磨地坪硬化剂	材料
拉架厚	材料
毒杀芬	材料
其他有色金属加工材	材料
双珠	材料
半精平拉	材料
聚乙烯	材料
火箭弹	材料
砖瓦	材料
平纹布	材料
桃皮绒	材料
棉冚丝提花平纹	材料
焊液	材料
陈米	材料
葵花籽油	材料
精棉拉架平纹恩东单	材料
预制棒	材料
紧条双面布	材料
素绢	材料
十三吗啉	材料
精棉平纹	材料
假密根拉架	材料
其他有色金属矿产	材料
棉波萝布	材料
蒸馏水	材料
硫酸钾	材料
原料	材料
氢氧化铜	材料
混凝土脱模剂	材料
山梨酸及其钾盐	材料
四氟甲醚菊酯	材料
工具钢	材料
蚁酸	材料
喹螨醚	材料
棉灯拉	材料
四溴菊酯	材料
低弹丝网布	材料
全麦	材料
棉韩国罗纹	材料
花灰拉架	材料
硫双威	材料
珠	材料
加粘双面	材料
柠檬酸	材料
棉平纹布	材料
棉盖丝	材料
棉面韩国罗纹	材料
砧木	材料
料子	材料
香芹酚	材料
煤油	材料
天然调味品	材料
双绉	材料
纤绳	材料
特纱罗纹布	材料
蚕丝	材料
兜料	材料
棉单卫衣	材料
棉单珠布	材料
钢丝	材料
材料	材料
胶点布	材料
棉单卫衣布	材料
矾土	材料
废镍	材料
肥田粉	材料
丁醚脲	材料
棉网眼提花布	材料
丹砂	材料
糨子	材料
乙氧基喹	材料
纤维板	材料
海军呢	材料
杜仲	材料
富纤平布	材料
脂质	材料
纯棉梯级布	材料
珊瑚绒	材料
苦豆子总碱	材料
涤卡	材料
硬木	材料
辛基苯氧聚乙烯氧基	材料
有色金属板材	材料
聚氨酯铺装材料	材料
棉氨纶单卫衣	材料
石油	材料
氨纶拉架双面	材料
色织布	材料
缎子	材料
歌片儿	材料
大理石	材料
木代尔涤纶打鸡	材料
特细雀眼布	材料
精棉涤单卫衣	材料
铁氧体	材料
硬脂酸钙	材料
聚合物耐碱水泥砂浆	材料
菌核净	材料
原煤	材料
广告色	材料
煅石灰	材料
不发火水泥砂浆	材料
十字罗纹	材料
精毛巾布	材料
混凝土平色剂	材料
呢类系列	材料
涤纶棉盖丝平纹	材料
手指画颜料	材料
其他钢坯	材料
双珠双面	材料
人棉罗纹布	材料
葫芦巴胶	材料
软雕塑	材料
玉米油	材料
雨布	材料
人棉平纹	材料
棉氨纶拉架平纹	材料
镍钴酸锂	材料
精棉抽针平纹	材料
白纸	材料
涤双面拉架	材料
超薄型钢结构防火涂料	材料
丙二醇	材料
混凝土密封固化剂	材料
低弹直条布	材料
味之素	材料
硫酸	材料
苎麻系列面料	材料
单甲脒	材料
双胍辛胺	材料
咖啡因	材料
酸枣色	材料
棉丝盖棉提花	材料
磺胺钡	材料
平纹抽针	材料
低弹珠地	材料
玉	材料
棉棉间丝珠地	材料
硝基腐殖酸铜	材料
平领	材料
栀子蓝	材料
棉木代尔氨论平纹	材料
精棉涤纶棉盖丝平纹	材料
棉棉盖丝提花平纹	材料
人工甜味剂	材料
防滑砖	材料
冷布	材料
邻苯基苯酚	材料
公粮	材料
三氟甲吡醚	材料
双纱双珠地	材料
沙浆	材料
布帛	材料
玻璃砖	材料
精棉健康	材料
其他皮革废料	材料
厚型钢结构防火涂料	材料
豆豉	材料
篾条	材料
涤拉架双面	材料
十字布	材料
提花棉丝	材料
流动砂浆	材料
自动间平纹	材料
涤木代尔双色双染	材料
花纹板卷	材料
车用面料	材料
意大利乳酱	材料
毡	材料
晴纶灯芯罗纹	材料
棉拉架单卫衣	材料
粮食	材料
高水充填号	材料
多氯萘类	材料
股扁机领	材料
棉网眼提花	材料
油水	材料
杀螟丹	材料
混凝土防冻剂	材料
鲑鱼油	材料
输电线	材料
玉米黄	材料
亚古力	材料
洋粉	材料
新闻纸	材料
篷布	材料
阿维菌素	材料
光丝格子	材料
人棉拉架打鸡	材料
洗涤标	材料
缆	材料
捷安肽素暂定	材料
竹纤维	材料
双乙酸钠	材料
冰结构蛋白	材料
棉平纹印花布	材料
剃须皂	材料
瑛	材料
甲基硫环磷	材料
钢筋阻锈剂	材料
灭蚁灵	材料
新型纤维	材料
邻苯二甲酸酐	材料
磁钢	材料
胶版纸	材料
噻菌茂	材料
籼米	材料
双绞线	材料
格仔布	材料
碳酸氢钾	材料
棉涤单卫衣	材料
棉罗纹拉架	材料
密封剂	材料
乙酸十二碳烯醇酯	材料
釉料	材料
增白剂	材料
白铜	材料
珺	材料
噻霉酮	材料
横机领	材料
石灰岩	材料
氨纶吸毛拉架单卫衣	材料
呋喃	材料
柠檬醛	材料
苏云金杆菌以色列亚种	材料
灰	材料
人丝罗纹	材料
竹简	材料
丝盖棉双珠地	材料
电解质	材料
双沙单珠地	材料
天然苋菜红	材料
高性能膨胀剂熟料	材料
麸	材料
焊药	材料
邻烯丙基苯酚	材料
人字带	材料
粳米	材料
靛蓝	材料
棉双纱珠地	材料
甲壳素又名几丁质	材料
棉平纹拉架	材料
自动提花双面	材料
葡萄糖	材料
印度酸辣酱	材料
罗纹	材料
姜粉	材料
棉提花双面布单染棉	材料
旃	材料
沼气	材料
精棉拉架灯芯	材料
网眼布	材料
黄芩甙	材料
醋酸纤维	材料
精平拉	材料
其他涂镀产品	材料
生铁	材料
琰	材料
钢丝网	材料
全棉人字带批	材料
棉双面棉平纹	材料
瑞米号	材料
石膏矿	材料
聚合物水性环氧乳液	材料
针织面料	材料
无水硫酸铜	材料
纺织	材料
小纺	材料
马裤呢	材料
挤塑板界面剂	材料
防雨布	材料
涤纶双面	材料
茶晶	材料
打介双面	材料
味精	材料
聚合物抹面砂浆	材料
道林纸	材料
馈线	材料
火煤	材料
混凝土防水密实剂	材料
光纤	材料
高弹锦纶网布	材料
氯化银	材料
蜜糖	材料
全涤双面	材料
菜油	材料
锴	材料
罗马呢	材料
皇粮	材料
棉十字罗纹	材料
混凝土防水剂	材料
铯绿宝石	材料
轴承钢	材料
白蜡	材料
纺类	材料
废毛绒	材料
棉间横间水波平纹	材料
精梳拉架	材料
精梳棉罗纹	材料
磷酸铁锂	材料
乙炔	材料
其他纺织辅料	材料
冶金项目合作	材料
抗渗剂	材料
皮革化学品	材料
棉卫衣单染棉	材料
谷物	材料
脱脂剂	材料
群青	材料
夹丝安全玻璃	材料
其他纱线	材料
弹力网布	材料
棉低弹鱼眼布	材料
松脂酸铜	材料
气动式双液注浆泵	材料
石灰石	材料
聚氧丙烯甘油醚	材料
浅花灰网纹布	材料
干硬性砂浆	材料
铅及铅锭	材料
葡聚烯糖	材料
血粉	材料
乳铁蛋白	材料
棉面罗纹	材料
挤塑板专用界面剂	材料
耐磨料	材料
灯芯拉架	材料
棉梳根拉架平纹	材料
韧皮纤维	材料
铅白	材料
水泥基渗透结晶防水涂料	材料
纯棉法国罗纹	材料
氯化钾	材料
油带	材料
油	材料
花边	材料
炸药	材料
油脂	材料
劳动布	材料
羊脂	材料
零号胶晶	材料
粗纺	材料
兔毛	材料
非再生资源	材料
瑞米五号	材料
瑞米四号	材料
猪油	材料
坯布	材料
减水剂	材料
色纸	材料
粝	材料
棉包芯安间线单折领	材料
地板革	材料
棉类	材料
小淘气	材料
石青	材料
粪肥	材料
乙拌磷	材料
棉网眼布单染涤	材料
代森锰	材料
弹力单卫衣	材料
黄腐酸	材料
绒布	材料
提花拉架	材料
明瓦	材料
菌毒清	材料
去氢枞酸铜	材料
单沙珠地	材料
石蕊试纸	材料
隔热材料	材料
硅钢片	材料
棉色丝菠萝花双面	材料
闪光布	材料
棉拉架平纹布	材料
金属粉末	材料
药草	材料
青年布	材料
敏化剂	材料
酸性红又名偶氮玉红	材料
导汗凤眼布	材料
柴垛	材料
棉棉间丝提花	材料
活石灰	材料
其他毯子	材料
泥煤	材料
棉面底抓毛卫衣	材料
酢	材料
滴塑布	材料
棉木代尔	材料
氧化铁黑氧化铁红	材料
混灭威	材料
泥金	材料
单拉	材料
密根平纹拉架	材料
棉单位衣	材料
无收缩灌浆料	材料
棉涤大卫衣	材料
卡片纸	材料
甘露糖	材料
丙酸	材料
稀有金属合金	材料
硝虫硫磷	材料
预应力管道压浆料	材料
棉鱼眼布	材料
油毡	材料
硫矿	材料
碳氯灵	材料
地膜	材料
高聚物抗裂膨胀剂	材料
棉双卫衣	材料
铺路石	材料
溴氟菊酯	材料
单辛酸甘油酯	材料
珍珠粉	材料
食粮	材料
棉十字布	材料
网眼	材料
棉拉架小卫衣	材料
大麻系列面料	材料
螺虫乙酯	材料
色拉油	材料
特斯林面料	材料
稀有色金属	材料
面底抓毛单卫衣	材料
虫酰肼	材料
黑加仑红	材料
井盖	材料
碎布	材料
珠粒绒	材料
不锈钢棒材	材料
防水防油整理剂	材料
矿业项目合作	材料
纸片	材料
橡皮	材料
茴香	材料
砂纸	材料
坑木	材料
多穗柯棕	材料
稻瘟酰胺	材料
棉拉架扁棉领	材料
辣酱油	材料
洞洞烧花布单染涤	材料
大头典竹	材料
硅石	材料
涤塔夫	材料
纳米石墨微孔相变无机保温砂浆	材料
低碳钢	材料
纨	材料
葡聚寡糖素	材料
素色毛巾布	材料
库锦	材料
精棉灯芯	材料
麻棉混纺布	材料
单染涤	材料
棉提花罗纹	材料
打印纸	材料
磁合金	材料
蛋白石	材料
粗抽条	材料
密根罗纹布	材料
铅丝	材料
棉袖口	材料
金刚钻	材料
夹棉平纹	材料
轨	材料
渣煤砖	材料
氨论平纹	材料
茶毛虫性信息素	材料
棉打鸡双面	材料
弹力丝提花	材料
棉法国罗纹	材料
其他麻类系列面料	材料
塘肥	材料
竹节纱氨纶平纹拉架期	材料
六氯苯	材料
铸件	材料
阿拉伯树胶	材料
蟾酥	材料
水镁石	材料
瑞香狼毒素	材料
涤纶湿排汗网眼	材料
川柏	材料
泥肥	材料
滑石	材料
日落黄及其铝色淀	材料
贵金属合金	材料
甲基嘧啶磷	材料
全棉疏根平拉	材料
天冬酰苯丙氨酸甲酯	材料
菇类蛋白多糖	材料
金属	材料
棉密根拉架平纹	材料
牛皮	材料
鱼眼	材料
梯级珠地提花	材料
甲呋酰胺	材料
中继线	材料
棉间丝谷波双面	材料
棉打鸡	材料
精棉棉平拉	材料
二氧化氯	材料
杂肥	材料
管坯	材料
槐黄	材料
鱼网布	材料
竹棉	材料
梭织布	材料
胭脂红及其铝色淀	材料
云母	材料
四螨嗪	材料
支座砂浆	材料
精梳纱	材料
二氯异氰尿酸钠	材料
拓片	材料
麻	材料
涤直条布	材料
蚜灭磷	材料
高强灌浆料	材料
磁	材料
棉拉架平纹成品布	材料
压电材料	材料
直插	材料
马拉硫磷	材料
牛仔布	材料
坑条提花罗纹	材料
枫糖浆	材料
人造革	材料
绿肥	材料
氯霉素	材料
毛晴双面	材料
鹿茸	材料
封泥	材料
精棉拉架单珠地	材料
农膜	材料
棉黑丝谷波双面布单染棉	材料
亚硝酸钠亚硝酸钾	材料
涤纶木代尔	材料
人棉苞芯氨打鸡	材料
氨纶	材料
钸	材料
祁红	材料
印相纸	材料
伽南香	材料
棉花灰斜纹	材料
拉架双面	材料
弹力呢	材料
母料	材料
糖醋	材料
膨体纱	材料
亚古力导汗布	材料
人造皮革废料	材料
夏布	材料
印花棉布	材料
疏根平拉	材料
红曲米红曲红	材料
板方材	材料
全毛	材料
三氯异氰尿酸	材料
植物油	材料
纱绢	材料
聚乙烯醇	材料
实心绳	材料
无光道林纸	材料
棉面低弹丝底健康布	材料
坑领	材料
便笺	材料
硅树脂橡胶	材料
棉棉斜纹丝盖棉间条布	材料
人丝锦纶氨纶	材料
木薯粉	材料
春绸	材料
链霉素	材料
花曲柳黄	材料
抽针拉架罗纹单	材料
木代尔	材料
包装材料	材料
改性环氧树脂灌缝胶	材料
其他重有色金属	材料
涤棉布	材料
涤纶苞芯氨双面	材料
俄式调味酱	材料
紫胶又名虫胶	材料
绉	材料
拉架双面健康布	材料
显影液	材料
环保布	材料
苯扎溴胺	材料
樵	材料
消光涤塔夫	材料
食品色素	材料
硫酸铜钙	材料
交织类	材料
卫衣布	材料
棉梭织布	材料
五氯硝基苯	材料
氢氧化铜氯化钙重盐	材料
夹纱珠地布	材料
不可更新资源	材料
原材料	材料
毛绒	材料
木块	材料
绝缘纸	材料
线春	材料
半胱氨酸盐酸盐	材料
敌菌丹	材料
氧化钙	材料
金锭	材料
钻石	材料
重力充填砂浆	材料
号棉双纱罗纹	材料
毛粘纱	材料
釉	材料
王铜	材料
云锦	材料
亚麻籽胶又名铝胶	材料
棉珠地平纹	材料
加固嵌缝胶泥	材料
光学玻璃	材料
氨苷霉素	材料
色丝大提花布	材料
壁布	材料
道桥防护系统	材料
磷酸二氢钠	材料
纸浆	材料
平布	材料
篾	材料
牛仔篮棉线排间珠地	材料
金丝拉架双面	材料
纱府绸	材料
坐垫面料	材料
维尼龙	材料
封底乳液	材料
优特钢	材料
显影剂	材料
火药	材料
面	材料
铸钢	材料
瑞米充填密封号	材料
珙	材料
三氮唑核苷	材料
氢氧化钾	材料
棉面网纹布	材料
合成石油	材料
股全涤线编机脚	材料
废化纤	材料
绢纺	材料
星牌	材料
半精疏根平拉	材料
棉方格提花	材料
防护涂料	材料
造船板	材料
梳根平拉	材料
番茄酱	材料
染色布	材料
绫子	材料
密根平纹	材料
棉面棉底不抓毛卫衣	材料
单晶硅	材料
石绿	材料
柠檬酸亚锡二钠	材料
苦参碱	材料
棉盖丝平纹	材料
皮毛	材料
单珠地布	材料
冰醋酸	材料
粉彩	材料
纺织品加工	材料
深灰打鸡	材料
砖块	材料
海萝胶	材料
草皮	材料
人造甜味剂	材料
涤双面	材料
马眼布	材料
涤提花	材料
狐狸皮	材料
窗纱	材料
半精棉密根平纹	材料
韩国拉架双面	材料
涤人棉提花	材料
压浆剂	材料
液化气	材料
弹药	材料
棉底卫衣	材料
醍醐	材料
糙粮	材料
朝阳格	材料
满天星	材料
油印蜡纸	材料
聚酯薄膜	材料
谷氨酰胺转氨酶	材料
彩色高韧性聚合物改性砂浆	材料
小凤眼	材料
黄米	材料
剂子	材料
焦煤	材料
凉液垫布	材料
石化燃料	材料
八角	材料
毛绒布	材料
人棉拉架平纹字	材料
钻	材料
平纹拉架单染棉	材料
三羟甲基丙烷	材料
翠玉	材料
缘石	材料
十二烷酸	材料
油布	材料
甜味剂	材料
裸线	材料
酸洗板卷	材料
烧花双染双色	材料
碱式硫酸铜	材料
沸石	材料
其他磁性材料	材料
螨胺磷	材料
橡胶胶水	材料
清漆	材料
氟虫腈	材料
三氯杀螨砜	材料
抗油耐磨剂	材料
新规范压浆剂	材料
六磷酸钠	材料
精棉氨纶平拉	材料
电木	材料
纳他霉素	材料
双面小风眼	材料
粘假发的胶水	材料
氧乐果	材料
防水浆料	材料
刺绣面料	材料
鱼皮革	材料
黄色炸药	材料
草稿纸	材料
吐根酊	材料
开士米	材料
高锰酸钾	材料
搪瓷	材料
谷胺酸钠	材料
面底棉抓毛单卫衣	材料
棉有光丝抽针法国罗纹布单染棉	材料
银丝	材料
棉棉盖丝提花	材料
精棉珠地布	材料
地砖	材料
水泥早强剂	材料
砷制剂	材料
氨基乙酸又名甘氨酸	材料
棉罗马布	材料
纺绸	材料
珠地平纹布	材料
花砖	材料
不饱和脂肪酸单甘脂	材料
涤有光双面	材料
涤锦纶提花	材料
双面直条布	材料
全平纹	材料
镂空布	材料
木条	材料
柠檬精	材料
茶末	材料
棉布	材料
耐火材料	材料
紫草红	材料
棉星点布	材料
乙烯	材料
咔唑	材料
藕粉	材料
劳保面料	材料
锦纶平纹	材料
竹节罗纹	材料
皮革	材料
脱氧剂	材料
蝴蝶瓦	材料
金属陶瓷	材料
花灰抓毛卫衣	材料
玉米纤维	材料
精棉拉架平纹兔仔单	材料
红	材料
夹纱珠地	材料
草灰	材料
氟螨	材料
防静电面料	材料
黑金刚石	材料
釉子	材料
短纤	材料
人棉拉架平纹字头	材料
灌浆料胶晶	材料
毛纺	材料
玑	材料
减摩合金	材料
油漆	材料
签	材料
面底棉卫衣	材料
复合早强掺合料	材料
消泡滚筒	材料
棉间丝十字坚条	材料
王水	材料
双卫衣	材料
绣花面料	材料
白铁皮	材料
平纹拉架单染	材料
抓毛单卫衣	材料
孔道灌浆剂	材料
涤纶布	材料
防腐阻锈系统	材料
导线	材料
明线	材料
其他	材料
法国罗纹单染涤	材料
木板	材料
神曲	材料
烂花布	材料
带电电线	材料
可可油	材料
辣酱	材料
蛋白	材料
戊二醛	材料
套	材料
全涤菠萝花双面	材料
标准粉	材料
甲基十八烯	材料
彩色地坪硬化剂	材料
硫酸四氨络合锌	材料
丙氨酸	材料
双面罗纹	材料
纯涤吊线格仔	材料
镍合金	材料
石蜡油	材料
豹纹面料	材料
樟脑油	材料
其他轻有色金属	材料
鞣酸	材料
煤渣	材料
全涤小风眼	材料
花纱布	材料
生石灰	材料
仿动物毛皮	材料
依维菌素	材料
涤丝盖棉平纹	材料
环氧树脂灌浆料母料	材料
全涤三角网眼	材料
黄金	材料
重有色金属矿产	材料
棉尼龙丝光蔬根拉架	材料
色织布单染	材料
大众呢	材料
二苯胺	材料
镀铬板卷	材料
抗碱封底乳液	材料
桑皮纸	材料
植物纤维	材料
棉卫衣	材料
防水布	材料
鲸油	材料
全涤平纹	材料
沿条	材料
葡萄皮红	材料
泡沫乳胶	材料
棉丝盖棉平纹	材料
丝人丝珠地平纹布	材料
提花单染棉	材料
钢材	材料
浓缩番茄	材料
低弹力变珠	材料
存粮	材料
砂浆干粉料	材料
条钢	材料
桉油精	材料
残杀威	材料
三苯基乙酸锡	材料
色丝珠地提花双面	材料
精棉棉盖丝平纹	材料
松香	材料
肷	材料
破布	材料
防潮纸	材料
猪皮	材料
冷弯型钢	材料
丝光棉拉架	材料
灌钢胶	材料
皮掌	材料
水泥路桥抗老化剂	材料
棉间涤色丝提花罗纹	材料
底网眼法国罗纹布	材料
不锈钢坯	材料
乙酸锰	材料
棉平纹真木单	材料
噻菌灵	材料
室内超薄型钢结构防火涂料	材料
木烟碱	材料
煤核	材料
棉双纱	材料
十二碳烯醇	材料
硝镪水	材料
手巾	材料
竹节波比	材料
梯级提花珠地	材料
高校防冻剂	材料
纺织原料	材料
丙稀	材料
大豆	材料
密根单珠地	材料
导汗小风眼	材料
废料与库存	材料
涤纶丝吸湿排汗双面网眼	材料
斜纹双卫衣	材料
生物柴油	材料
棉平纹年秋冬色	材料
悬索	材料
人棉包芯棉氨打对鸡布	材料
澄沙	材料
羽毛缎	材料
彩陶	材料
棉氨纶克珠地	材料
皮	材料
低温硫化橡胶	材料
漂白粉	材料
倒毛	材料
白糖	材料
工字钢	材料
棉涤卫衣	材料
棉包芯安扁机领	材料
熟铜	材料
喷漆	材料
蓝布	材料
绣花加工	材料
三硫磷	材料
双面大眼布	材料
败絮	材料
毒氟磷	材料
素色卫衣布	材料
敌百虫	材料
皮革制品代理	材料
三磷锡	材料
蒜汁	材料
喹啉黄	材料
精棉棉提花双面	材料
毯子	材料
絮棉	材料
库存及废料	材料
羽缎	材料
氟菌唑	材料
灰锰氧	材料
密根平纹布	材料
靛青	材料
推进剂	材料
色釉	材料
速溶咖啡	材料
青石棉	材料
染布	材料
漂白液	材料
殷钢	材料
清茶	材料
十四碳二烯乙酸酯	材料
瓒	材料
拉架平纹拉架平纹	材料
药料	材料
聚二甲基硅氧烷	材料
大梯级	材料
抽布	材料
棉不抓毛卫衣	材料
灯芯罗纹	材料
孔道压浆料	材料
条子	材料
骨炭	材料
豆瓣酱	材料
坯革	材料
桦木	材料
环氧灌浆料	材料
半导体玻璃	材料
矿物油	材料
辣椒橙	材料
钢筋阻锈剂渗透型	材料
抗裂密实剂	材料
棉间啡黑元领	材料
永磁材料	材料
枫蜜	材料
楝素	材料
碳酸钙	材料
特厚板	材料
粪土	材料
冷却剂	材料
硫酸铵	材料
混凝土硬化剂	材料
硫线磷	材料
地沟油	材料
化学肥料	材料
仿生安	材料
丁香菌酯	材料
校服面料	材料
胡椒基丁醚	材料
木代尔平拉	材料
氰化钠	材料
花肥	材料
葛布	材料
粒粒绒布	材料
玻璃棉	材料
地缆	材料
高脂膜	材料
素缎	材料
玻璃纱	材料
涕灭威	材料
镀锡铁	材料
涤不抓毛卫衣	材料
线绢	材料
毛巾布	材料
其他管材	材料
净色平纹	材料
精棉密根平拉	材料
面料	材料
手套布	材料
全棉抓毛卫衣	材料
网纹布	材料
下脚	材料
佩玉	材料
草木灰	材料
呋喃虫酰肼	材料
褙子	材料
位衣	材料
夜明珠	材料
甲香菌酯	材料
对羟基苯甲酸酯类及其钠盐对羟基苯甲酸甲酯钠对羟基苯甲酸乙酯及其钠盐对羟基苯甲酸丙酯及其钠	材料
磷酸氢二钾	材料
朱漆	材料
扎染布	材料
水性防火粘接剂	材料
棉双珠地	材料
棉间丝绳仔珠地布	材料
硫酸铝钾又名钾明矾硫酸铝铵又名铵明矾	材料
红柱石	材料
拉架灯芯	材料
棉双纱平纹	材料
珠地布单染棉	材料
氆氇	材料
柴禾	材料
敌瘟磷	材料
半精棉平纹	材料
麻棉	材料
软缎	材料
塑性膨胀剂	材料
溴苯磷	材料
缇花心型布	材料
釉陶	材料
平纹布批	材料
一氧化碳	材料
焦糖色加氨生产	材料
自动间板布	材料
双纱平纹	材料
棉提花平纹	材料
钢缆	材料
绒头绳	材料
皮张	材料
素面	材料
自动间珠地	材料
纱卡	材料
棉线	材料
全棉健康布	材料
直条平纹	材料
组织胺	材料
涤棉氨纶打鸡布	材料
碳酸氢三钠又名倍半碳酸钠	材料
缌	材料
聚合物修补砂浆	材料
燃料	材料
棉单面平纹	材料
毛线球	材料
全棉珠地	材料
棉间棉竹节平纹	材料
合成橡胶	材料
废锡	材料
硝酸钾	材料
珠子	材料
棉棉亚力丝布	材料
人造棉	材料
板材	材料
绝缘层材料	材料
石炭酸	材料
竹节棉丝布	材料
底底卫衣	材料
宁南霉素	材料
竹节布	材料
绵绸	材料
冰糖	材料
余粮	材料
四氯苯酞	材料
全棉大卫衣	材料
固体燃料	材料
氧化钴	材料
休闲面料	材料
泡珠包装材料	材料
缸瓦	材料
冷补料	材料
波纹布	材料
稳定剂	材料
纯涤吊线格仔单棉	材料
祁阳石	材料
织造加工	材料
重铬酸钾	材料
生物燃料	材料
挥发油	材料
防冻灌浆料	材料
电料	材料
缎面	材料
涤纶拉架双面	材料
人棉棉排间珠地	材料
硫丙磷	材料
棉棉不抓毛卫衣	材料
丝绸系列面料	材料
高强无收缩自密实混凝土	材料
耐热合金	材料
抗裂膨胀剂	材料
氟丙菊酯	材料
氰烯菌酯	材料
苏木	材料
棉间丝涤绳仔珠地平纹	材料
有色金属矿产	材料
栲胶	材料
姜汁	材料
维生素乙酰生育酚	材料
法国罗纹布	材料
石榴石	材料
杉木	材料
面底不抓毛单位衣	材料
涤双面凤眼	材料
有色金属线材	材料
璞	材料
织锦	材料
打鸡布单染棉	材料
泥炭木质纤维板	材料
溴硝醇	材料
食油	材料
篾片	材料
紫胶红又名虫胶红	材料
花灰双面	材料
硝酸银	材料
桉油	材料
线股扁机领	材料
凡士林	材料
地巾	材料
梳棉平纹	材料
甘草抗氧物	材料
氟氰戊菊酯	材料
涤盖棉打鸡布	材料
噻虫啉	材料
棉绳	材料
肥料	材料
花灰罗纹布	材料
工艺布料	材料
骨料	材料
天然香料	材料
桑椹红	材料
呢	材料
锭子油	材料
菊花黄浸膏	材料
巴黎绿	材料
棉面不抓毛卫衣	材料
高锰钢	材料
棉机领	材料
其他金属网	材料
胡椒面	材料
鲸蜡	材料
氨纶平拉	材料
克菌丹	材料
甲氨基阿维菌素	材料
硫代碳酸钠	材料
变化珠地	材料
琥珀	材料
其他黑色金属矿产	材料
棉横间双面	材料
铬合金	材料
米	材料
麻纤维	材料
精棉色纱排间单珠地	材料
竹节疏根平拉	材料
可可壳色	材料
角铁	材料
精棉提花双面	材料
预应力压浆料	材料
拉架单珠地布	材料
坭竹	材料
增稠剂	材料
地线	材料
滤芯	材料
病氰硝	材料
人丝棉平拉	材料
三和土	材料
丁腈橡胶	材料
泥子	材料
噻唑膦	材料
面底单卫衣单染棉	材料
美棉珠地	材料
棉拉架双面	材料
组胺	材料
丁烯氟虫腈	材料
彩色涂料	材料
猫眼石	材料
硝酸钡	材料
涤丝纺	材料
方坯	材料
棉间黄色线扁机领	材料
花灰自动间蔬平纹	材料
磷酸铵	材料
柴油	材料
丝盖棉平纹	材料
仙茅甜蛋白	材料
主料	材料
皮具	材料
毛纺系列纱线	材料
非晶态半导体器件	材料
苯酰菌胺	材料
椰子油	材料
硝酸	材料
花灰打鸡	材料
闹羊花素	材料
半金属	材料
硫肟醚	材料
大漆	材料
挂毯	材料
棉光丝梯级	材料
铅铁	材料
密根平拉	材料
甲苯	材料
锦纶金葱布	材料
低中压锅炉管	材料
蔗渣	材料
碳布	材料
百治磷	材料
绉布	材料
道面环氧覆层	材料
空心砖	材料
富源	材料
蚕茧	材料
乳化剂	材料
棉面法国罗纹	材料
棉拉架卫衣	材料
轻有色金属矿产	材料
镀铬钢	材料
水胺硫磷	材料
香纸	材料
磷酸	材料
稻丰散	材料
棉纹布	材料
碳纤维布	材料
挤压式注浆泵	材料
棉双纱卫衣	材料
涤纶拉架平纹	材料
醋酸苯汞	材料
药材	材料
茶叶	材料
导电剂	材料
切片	材料
棉涤移圈样品布	材料
混凝土路面修补剂	材料
灭锈胺	材料
东洋疏根拉架	材料
化合物	材料
钾肥	材料
阿霉素	材料
蔗糖	材料
黑丝	材料
膨胀防水剂	材料
单染棉	材料
尼丝纺	材料
棉双沙平纹	材料
海洋资源	材料
沙丁鱼油	材料
腐殖酸	材料
灌缝胶	材料
涤抓毛双卫衣	材料
桐油	材料
扎染	材料
涤平拉	材料
熟石膏	材料
菌肥	材料
姜黄	材料
棉平新	材料
无纺织布	材料
核桃油	材料
抗渗号	材料
棉间丝提花布	材料
消泡剂	材料
涂层布	材料
非偶氮染料	材料
低弹双纱罗纹	材料
灭害威	材料
砼	材料
棉有光长丝健康布	材料
仿羊皮纸	材料
木浆	材料
芡实	材料
涤纶包芯氨拉架双面	材料
松香油	材料
抓毛双卫衣	材料
馅心	材料
镁合金	材料
涤纶双面拉架	材料
瑞米加固充填一号	材料
涤十字提花布	材料
拉架梯级布	材料
氨基塑料	材料
醢	材料
粗灰细宝蓝平领	材料
市布	材料
砖	材料
色纱罗拉	材料
绉纱	材料
直接肥料	材料
化纤	材料
甲基吲哚	材料
蒜泥	材料
底网眼法国罗纹	材料
不抓毛双卫衣	材料
混凝土界面处理剂	材料
棉拉架领	材料
全棉平纹批	材料
墼	材料
花色纱线	材料
水晶	材料
面巾	材料
涤纶氨纶罗拉	材料
的确良	材料
零儿	材料
宣纸	材料
湘妃竹	材料
缸砖	材料
府绸	材料
粗毛皮	材料
噻苯咪唑	材料
棉双纱单珠地	材料
涤底卫衣	材料
氰氟虫腙	材料
绦条板	材料
大五金	材料
棉平拉加工定型	材料
铁力木	材料
全涤三角网眼布	材料
不可再生资源	材料
独粒宝石	材料
棉拉架平纹布都德利单	材料
经编布	材料
单面平纹拉架	材料
敌菌灵	材料
丝光绒	材料
防火保温系统	材料
环氧地坪	材料
棉平纹秋冬色	材料
竹节间平纹	材料
全涤机领	材料
炭	材料
细菌肥料	材料
双股平纹	材料
合成树脂	材料
大珠地	材料
镁砖	材料
老汤	材料
油膏	材料
菠萝布	材料
兔皮	材料
拉架平纹棉拉架	材料
腐殖酸铜	材料
人棉拉架打鸡布	材料
三苯基氢氧化锡	材料
间接肥料	材料
双面呢	材料
纸板	材料
衬纸	材料
拉架卫衣	材料
珍珠纱	材料
培养基	材料
玻璃纤维	材料
棉密根拉架布	材料
波尔多液	材料
焊管	材料
磷化氢	材料
斜纹捆条布	材料
七氯	材料
工业炉	材料
有机玻璃	材料
铅条	材料
涤盖棉珠地	材料
混凝土	材料
聚硫建筑密封胶	材料
洋油	材料
林丹	材料
电缆防火涂料	材料
大料	材料
麂皮绒	材料
傈	材料
异羊角扭甙	材料
镀铝锌	材料
偏酒石酸	材料
蒙皮	材料
防火涂料	材料
有机染料	材料
胭脂红	材料
毛毡	材料
生漆	材料
糖精钠	材料
竹布	材料
木头	材料
玻璃	材料
全棉领	材料
沥青路面还原养护剂	材料
薄弹力布	材料
黑胡椒	材料
二嗪磷	材料
砂糖	材料
陈粮	材料
硫氟肟醚	材料
铜线	材料
棉棉盖丝提花布	材料
棉网纹	材料
短穗竹	材料
混合氨基酸锰	材料
呢绒	材料
双股单珠	材料
菜籽油	材料
黑胶绸	材料
羽绒	材料
高压线	材料
二氧化钛	材料
输送管道	材料
线头	材料
板坯	材料
全棉拉架平纹	材料
红汞	材料
络氨铜	材料
立绒呢	材料
珐琅质	材料
卡丹绒	材料
原粮	材料
棉拉架单位衣	材料
填充物	材料
孜然芹	材料
味素	材料
蓝晶石	材料
藻酸丙二醇酯	材料
铵磷脂	材料
材	材料
克棉株地	材料
阿拉伯胶	材料
双面马眼	材料
烟煤	材料
甘汞	材料
氟胺氰菊酯	材料
半精棉双面	材料
电缆	材料
土壤固化剂	材料
膨润土	材料
香云纱	材料
锦类	材料
茶油	材料
廪	材料
棉卫衣单染涤	材料
皮桶子	材料
防弹玻璃	材料
聚丙烯	材料
白醋	材料
低合金管	材料
腈苯唑	材料
光丝平纹	材料
耐磨硬化剂	材料
迷迭香提取物	材料
麻类系列面料	材料
安全玻璃	材料
印张	材料
麻纺系列纱线	材料
平纹单染棉	材料
铁皮	材料
棉面抓毛双卫衣	材料
泡泡纱	材料
渗透型桥面防水剂	材料
油毛毡	材料
薪	材料
钼钢	材料
磨料	材料
润滑剂	材料
花灰打鸡布	材料
非更新资源	材料
饧	材料
薏米	材料
氟虫脲	材料
双纱单珠地	材料
稳定态二氧化氯	材料
水泥注浆料	材料
全棉双面	材料
琪	材料
改性环氧树脂植筋胶	材料
龙井	材料
双面斜纹	材料
过氧化物	材料
烧花布单染	材料
自粘压缝带	材料
野麻	材料
涤纶梯级双面	材料
沙糖	材料
反光材料	材料
变种大头典竹	材料
甲氧滴滴涕	材料
焦油	材料
玉米粉	材料
棉色丝抽条罗纹	材料
双纱灯拉	材料
棉罗纹领	材料
涤纶打对鸡	材料
定影剂	材料
涤方格布	材料
竹棉单珠地	材料
针织品	材料
帘布	材料
铬镍钢	材料
哔叽	材料
消光塔丝隆	材料
米粒	材料
棉夹丝法国罗纹	材料
精棉拉架平纹布	材料
地沥青	材料
碱性染料	材料
丙烷脒	材料
聚合物抗裂砂浆	材料
磷霉素钙	材料
烧柴	材料
维纶	材料
平纹拉架	材料
纯绵打鸡布	材料
氯化钙	材料
氯丁胶乳防水砂浆	材料
横贡呢	材料
菠萝花	材料
瑞米发泡充填二号	材料
康铜	材料
其他混纺	材料
精棉棉盖丝珠地	材料
苄螨醚	材料
地板	材料
号间灰坑条领	材料
半精棉单珠地布	材料
醣	材料
大提花布	材料
界面处理系统	材料
淀粉	材料
糊精	材料
棉花灰双面	材料
高密府绸	材料
石墨及碳素产品	材料
绐	材料
漆片	材料
冻肉	材料
混纺	材料
丝盖棉珠地	材料
诱惑红及其铝色淀	材料
羊皮纸	材料
印楝素	材料
锦缎	材料
棉小威化布	材料
纤	材料
着色剂	材料
琬	材料
钨砂	材料
磷酸三钠	材料
丝光珠地	材料
棉涤不抓毛卫衣	材料
纯涤	材料
棉木代尔氨纶平纹布研	材料
棉色丝直条珠地布	材料
大茴香	材料
灯心绒	材料
铁矾土	材料
薄板	材料
棉面健康布	材料
镀锌板卷	材料
苯基苯酚	材料
毛皮	材料
棉坑条领	材料
涤纶网布	材料
全涤边纶布	材料
滑石粉	材料
烹调用油	材料
双面小凤眼	材料
方材	材料
杀虫磺	材料
化纤系列纱线	材料
丝绸	材料
直条导汗布	材料
乔其纱	材料
真丝系列纱线	材料
面纸	材料
果肉甜馅	材料
甲基	材料
方格砖	材料
间黑平纹	材料
棉黑丝谷波双面布	材料
虾酱	材料
棉底不抓毛卫衣	材料
木代尔提花	材料
棉间啡双折元领	材料
土坯	材料
纽堡酱	材料
废麻	材料
袼褙	材料
其他化学纤维	材料
细瓷	材料
礼服呢	材料
钢骨水泥	材料
画绢	材料
大衣呢	材料
十四碳二烯醇	材料
金丝提花	材料
界面剂	材料
水泥板	材料
双甲脒	材料
棉棉盖平纹	材料
石英玻璃	材料
染发剂	材料
消光面料	材料
玉石	材料
全棉竹节平纹	材料
制服面料	材料
大蒜素	材料
农家肥	材料
其他坯布	材料
环氧灌浆料母料	材料
地塞米松	材料
灭线磷	材料
花缎	材料
荤油	材料
碳酸钠	材料
麻纱	材料
人丝加捻双面	材料
氯苯嘧啶醇	材料
钢筋混凝土	材料
太钢	材料
绣缎	材料
棉盖丝露友单	材料
提花隆布	材料
霜霉威乙膦酸盐	材料
速效肥料	材料
单面	材料
麻袋片	材料
精棉涤纶打鸡双面	材料
麦芽糖醇	材料
棉网纹布	材料
棉盖丝平领	材料
涤纶双面布	材料
金刚石	材料
戊菌唑	材料
沙棘黄	材料
纯棉平纹拉架布	材料
物质	材料
黑曜石	材料
纬纱	材料
时装面料	材料
涤双面布	材料
硅藻土	材料
开司米	材料
棉色丝菠萝花双面布	材料
其他非金属矿物制品	材料
马赛克	材料
福美甲胂	材料
棉拉架	材料
精盐	材料
棉面打鸡布	材料
小五金	材料
四霉素	材料
十二烷基硫酸钠	材料
焦糖色亚硫酸铵法	材料
硫酸铅	材料
透闪石	材料
明胶	材料
小卫衣棉涤	材料
乙酰胆碱	材料
棉铃虫病毒基因工程株号	材料
乙膦酸	材料
煤	材料
越橘酱	材料
鱼胶	材料
缬霉威	材料
苋菜红及其铝色淀	材料
棉间丝水波珠地布	材料
氢化松香甘油酯	材料
釉质	材料
双纱罗纹	材料
除虫菊素	材料
白磷	材料
早强剂	材料
废锌	材料
起子	材料
汞溴红	材料
冰片基氯	材料
主焦煤	材料
直条导汗	材料
瓦楞	材料
纯涤平纹布	材料
全棉平纹	材料
田菁胶	材料
苯菌灵	材料
天丝面料	材料
异形钢管	材料
纺织辅料	材料
磁性材料	材料
黄表纸	材料
纯涤健康布	材料
打介布	材料
琥珀酸单甘油酯	材料
玻璃绒	材料
纯涤单面	材料
焊条	材料
假蓝宝石	材料
果粉	材料
丝包线	材料
柠檬酸及其钠盐钾盐	材料
大珠地布	材料
涤抓毛卫衣	材料
拉架牛肚卫衣	材料
花灰单卫衣	材料
密蒙黄	材料
丙硫多菌灵	材料
纯棉双面布	材料
绸	材料
核糖	材料
烫面	材料
混凝土界面剂	材料
针织布	材料
杀铃脲	材料
硅酸盐	材料
蛋黄奶油酸辣酱	材料
不倒绒	材料
全涤双面珠地布	材料
棉盖丝拉架平纹	材料
耐油砂浆	材料
马海毛	材料
石英砂	材料
自发粉	材料
化纤类混纺	材料
铬铁	材料
棉拉架珠地	材料
贵金属矿产	材料
涤罗纹	材料
棉氨纶包芯纱	材料
糖水	材料
天丝变珠	材料
棉棉氨纶小鱼鳞卫衣	材料
酒药	材料
道砟胶	材料
吡弗咯菌素	材料
棉珠地单染棉	材料
农家肥料	材料
硝化棉	材料
雕红漆	材料
毛纺系列面料	材料
锌	材料
炉瓦	材料
一水柠檬酸	材料
全涤拉架双面布	材料
棉卫衣布	材料
聚合物耐油水泥砂浆	材料
香草醛	材料
瑞米加固充填号	材料
棉间有光丝平纹	材料
黏胶纤维	材料
豆粉	材料
云木	材料
粗粮	材料
软磁材料	材料
三环唑	材料
褐炭	材料
一针一线	材料
混凝土抗渗剂	材料
紫铜	材料
小米	材料
腈菌唑	材料
纯棉	材料
洞洞烧花布	材料
棉棉蜂巢布	材料
绣花	材料
噻虫胺	材料
纸卷	材料
提花	材料
棉间啡黑领	材料
溴氰菊酯	材料
冠子	材料
聚氧乙烯聚氧丙烯胺醚	材料
筒瓦	材料
柴	材料
涤丝双面拉架	材料
棉花灰灯拉	材料
棉间丝横条珠地平纹布	材料
明珠	材料
华光霉素	材料
晶体硅	材料
豆酱	材料
黄铜矿	材料
抗坏血酸棕榈酸酯	材料
棉单珠地	材料
顺丁烯二酐	材料
绒	材料
石炭	材料
水泥	材料
拌种灵	材料
涤纶夹丝健康布	材料
烟泡	材料
领带面料	材料
冷拉钢	材料
糸	材料
馅	材料
满天星网眼布	材料
全丝提花	材料
肥	材料
全涤加捻双面	材料
精棉平拉	材料
燃油	材料
衬衫面料	材料
黄蜀葵胶	材料
天丝低弹变珠	材料
棉盖丝拉架	材料
珠地导汗布	材料
乙酰甲胺磷	材料
铜氨丝	材料
商标	材料
低弹丝格仔提花	材料
松节油	材料
标准煤	材料
炉料	材料
砖茶	材料
日本罗纹	材料
耐火砖	材料
混合脂肪酸	材料
釉面砖	材料
发酵粉	材料
陶	材料
研磨料	材料
高铁建设系统	材料
铅笔芯	材料
钢索	材料
绝缘漆	材料
花灰法国罗纹	材料
彩条汗布	材料
磷脂	材料
水泥缓凝剂	材料
防水堵漏系统	材料
棉疏根拉架	材料
植酸又名肌醇六磷酸植酸钠	材料
玉米面	材料
钢精	材料
耐酸胶泥	材料
石材干挂胶	材料
其他金属丝	材料
棉亚力丝	材料
网布	材料
辣根素	材料
人棉苞芯氨打对鸡面	材料
棉间色丝水波双面布	材料
棉涤纶棉盖丝平纹	材料
乳酸钠	材料
全棉双卫衣布	材料
铅丹	材料
棉盖涤	材料
洋布	材料
电磁铁	材料
无定形和液态半导体材料	材料
精棉色织排间平纹	材料
拉架珠地	材料
高聚物防水涂料	材料
木代尔平纹拉架	材料
倍硫磷	材料
硬面	材料
奥地利木代尔密根平拉	材料
优质线材	材料
波萝布	材料
纤维光缆	材料
曲	材料
珠帆布	材料
棉色丝提花平纹	材料
渗透型钢筋阻锈剂	材料
棉拉架灯芯布	材料
泥浆	材料
芡粉	材料
动物油	材料
全棉扁机领	材料
条绒	材料
糯米	材料
导汗小凤眼	材料
棉花灰平纹	材料
麻棉交织布	材料
高压电线	材料
纯涤打鸡布	材料
涤人棉波比布	材料
鸡血石	材料
贵金属	材料
红豆木	材料
氯丁橡胶	材料
丙烯酸	材料
单面布	材料
唑虫酰胺	材料
聚合物防水浆料	材料
纯涤卫衣布	材料
棉色丝横间平纹	材料
纯涤平纹	材料
先正达	材料
辛癸酸甘油酯	材料
富马酸	材料
灯芯拉架布	材料
棉双面提花	材料
水胆矾	材料
原油	材料
涤平纹拉架	材料
樟脑	材料
涤拉架灯芯	材料
杂和面	材料
明矾	材料
火山玻璃	材料
氯化镁	材料
轻油	材料
超细水泥灌浆料	材料
羟甲基淀粉钠	材料
花瑶	材料
碳酸镁	材料
渔网布	材料
软玉	材料
毛布	材料
楮	材料
棉低弹单面布	材料
棉棉双卫衣	材料
聚羧酸粉剂	材料
千岛色拉调味汁	材料
领棉线	材料
直条谂丝法国罗纹	材料
高强无收缩速流砂浆	材料
棉坯布	材料
石墨	材料
单染	材料
磨毛水蜜桃	材料
磷酸二氢钾	材料
戊菊酯	材料
涤棉	材料
卤水	材料
维棉布	材料
密根拉架平珠地	材料
红花黄	材料
松脂	材料
主粮	材料
棉棉拉架单卫衣	材料
废铁	材料
鸡头米	材料
豆蓉	材料
糠油	材料
琼脂	材料
柠檬木	材料
三唑酮	材料
璨	材料
硝锵水	材料
全棉平拉	材料
全棉网眼	材料
瑭	材料
高强砂浆	材料
棉牛仔蓝棉线排间珠地	材料
精棉拉架平纹单	材料
电气石	材料
棉横机领	材料
木代尔密根拉架	材料
新型功能性面料	材料
耐碱剂	材料
罗绮	材料
氨纶棉拉架卫衣	材料
霜脲氰	材料
芥黄	材料
蓖麻油	材料
海虎毛	材料
底密根拉架	材料
铝锭	材料
吸湿排汗面料	材料
氰霜唑	材料
聚合物乳液	材料
大青叶	材料
宝珠	材料
麻刀	材料
镉合金	材料
素油	材料
羟基硬脂精又名氧化硬脂精	材料
水杨酸	材料
蚕纸	材料
木代尔打鸡布	材料
虾子酱油	材料
盐卤	材料
低弹波比	材料
肟菌酯	材料
辅料	材料
重力砂浆	材料
中碳钢	材料
二甲基二碳酸盐	材料
海绵	材料
流苏	材料
棉毛巾布	材料
月长石	材料
磷酸三钾	材料
汞	材料
棉竹节平纹	材料
棉盖丝罗纹	材料
速杀硫磷	材料
型心	材料
不锈钢板卷	材料
精棉拉架平纹	材料
精棉密根拉架平纹	材料
阿拉伯茶	材料
棉磨毛面抓毛底	材料
全涤格仔提花布	材料
甲醛	材料
防虫剂	材料
疏根拉架	材料
二氰蒽醌	材料
靛蓝青年布	材料
佐料	材料
炔螨特	材料
棉拉架卫衣棉拉架	材料
棉	材料
棉健	材料
硬脂酸钾	材料
涂料	材料
白锡	材料
导汗	材料
烟丝	材料
胎	材料
碱式盐	材料
鞣料	材料
高强无收缩灌浆料	材料
直贡呢	材料
里料	材料
棉棉盖丝珠地	材料
钛合金	材料
填塞料	材料
提花珠地	材料
钴及钴锭	材料
拉架平纹布	材料
板条	材料
棉盖丝平纹棉涤纶	材料
水肥	材料
樟木	材料
聚合物防腐乳液	材料
琥珀酸铜	材料
丁苯橡胶	材料
蓖麻油酸	材料
夹纱珠地布贵人鸟	材料
乙烷	材料
普鲁红糖	材料
二溴磷	材料
经编网布	材料
消光尼丝纺	材料
十二烷基苄基二甲基氯化铵	材料
精棉提花珠地	材料
沥青路面冷灌缝剂	材料
白檀	材料
油彩	材料
卫衣单染	材料
特性砂浆系统	材料
乙酰磺胺酸钠又名安赛蜜	材料
玉米淀粉	材料
提花双面	材料
偶氮甲酰胺	材料
小珠地导汗布纯涤	材料
高性能聚合物砂浆	材料
装饰瓦	材料
土工布	材料
韦	材料
池盐	材料
地毯	材料
非晶硅	材料
石蕊	材料
棉灯芯罗纹	材料
哗叽	材料
辉长岩	材料
芥末	材料
漆	材料
涤有光丝双面	材料
糊料	材料
蜡染布	材料
光缆	材料
提花样布	材料
盘香	材料
粗灰丝白平领	材料
纸条	材料
磨毛不抓毛卫衣印花布	材料
柔性防水涂料	材料
涤网眼	材料
笔墨纸砚	材料
璧	材料
烧花单染	材料
水晶体	材料
甲维盐	材料
马钱子碱	材料
底肥	材料
涤边纶布	材料
床上用品	材料
孔道压浆剂	材料
硬橡胶	材料
萘系高效减水剂	材料
丁硫克百威	材料
茴	材料
糖霜	材料
股线全涤编机领	材料
双位衣	材料
坯	材料
石墨粉	材料
敷料	材料
胶合板	材料
可得然胶	材料
格子珠地	材料
花灰波比	材料
电线	材料
道木	材料
磷化镁	材料
夹丝抽条	材料
纺织染整助剂	材料
拉架罗纹	材料
涤棉纱	材料
玦	材料
磷化铝	材料
木代尔平纹	材料
瑞米发泡充填号	材料
沉香	材料
罗缎	材料
色织领	材料
纸笔	材料
食糖	材料
光丝窗花布	材料
黄明胶	材料
蔬根拉架平纹	材料
双珠地布	材料
软硬木	材料
钢管	材料
棉低弹丝珠地布	材料
聚合物混凝土乳液	材料
纯涤罗纹布	材料
黄磷	材料
其他非金属矿产	材料
花灰棉卫衣	材料
卷烟纸	材料
珐琅	材料
全棉人字带	材料
豆腐粉	材料
导汗珠地布	材料
夹丝玻璃	材料
工料	材料
木代尔平纹拉架布	材料
石油气	材料
光纤电缆	材料
吡蚜酮	材料
健康	材料
真丝	材料
阻燃界面剂	材料
异艾剂	材料
润滑油	材料
尿肥	材料
精棉罗纹	材料
草炭	材料
涤平纹拉架布	材料
竹材	材料
美佳布	材料
无机铝盐防水剂	材料
疏根拉架平纹单	材料
烯唑醇	材料
土纸	材料
坚条珠地布	材料
带钢	材料
铝土矿	材料
绝缘材料	材料
绒线	材料
棉丝盖棉双珠地	材料
脱模剂	材料
棉抽针布	材料
卡拉胶	材料
晒烟	材料
荛	材料
乌龙茶	材料
碱金属	材料
刨花	材料
提点珠地布	材料
山梨醇	材料
马口铁	材料
食用色素	材料
窗花布	材料
刚果红	材料
涂镀产品	材料
梳织布	材料
导火线	材料
绗缝加工	材料
洋灰	材料
涤十字提花	材料
光丝	材料
甲霜灵	材料
铸铁	材料
全涤直条平纹	材料
竹节平纹拉架	材料
毛巾底全棉卫衣	材料
釉瓷	材料
路面创可贴	材料
猪皮革	材料
煤炭	材料
精棉磨毛平纹	材料
珠地布	材料
粘钢胶	材料
棉罗纹布	材料
棉波比平拉	材料
硫磺	材料
笺	材料
衬料	材料
皮线	材料
蹄形磁铁	材料
高效减水剂	材料
工作服面料	材料
炸酱	材料
棉单面汗布	材料
螺旋管	材料
精饲料	材料
甲醚	材料
酒石酸氢钾	材料
调和漆	材料
苯醚菌酯	材料
矿业	材料
色沙单染	材料
夏粮	材料
黄玉	材料
碳黑	材料
直条布	材料
硫酸铜	材料
小珠地导汗布	材料
棉单折元领	材料
棉美棉变珠	材料
阻燃面料	材料
噁唑菌酮	材料
甲基辛硫磷	材料
棉花	材料
石材	材料
火油	材料
丝盖棉衣样	材料
天丝珠地	材料
绢类	材料
肉桂	材料
香料	材料
氯胺磷	材料
宝玉	材料
白油又名液体石蜡	材料
精棉棉罗纹	材料
钢锭	材料
精棉拉架单卫衣	材料
胡椒粉	材料
异构化乳糖液	材料
棉反出毛巾布	材料
新烟碱	材料
改性环氧树脂粘钢胶	材料
棉拉架平纹恩东单	材料
翡翠	材料
啶氧菌酯	材料
人棉包芯氨打鸡双面	材料
桥梁专用高强自密实砂浆	材料
发面	材料
柑橘黄	材料
胶皮	材料
瓦块	材料
溴灭菊酯	材料
墩木	材料
璇	材料
排间平纹	材料
枕木	材料
纸张	材料
白布	材料
剪花布	材料
琳琅	材料
醚菌酯	材料
皱布	材料
锦纶平拉	材料
棉间牛仔蓝线走坑领	材料
叶子烟	材料
普洱茶	材料
双面丝盖棉	材料
双沙珠地	材料
氯溴异氰尿酸	材料
大黄酚	材料
花灰罗拉	材料
甲烷	材料
全棉拉架单卫衣批	材料
混合氨基酸锌	材料
格子布	材料
非金属粉末	材料
报纸	材料
黑玉	材料
锦	材料
单粒宝石	材料
化纤面料	材料
镀锌铁	材料
美远志根酊	材料
预应力灌浆剂	材料
漕粮	材料
染整加工	材料
花灰大珠	材料
瓦斯	材料
其他半金属	材料
锅炉板	材料
纩	材料
抗裂纤维膨胀防水剂	材料
涤三角眼布	材料
丁吡吗啉	材料
炔咪菊酯	材料
氨纶拉架单位衣	材料
灌浆止漏胶	材料
复合胶合板	材料
碲锭	材料
小提花十字布	材料
高丽纸	材料
檐瓦	材料
树脂	材料
棉美棉双珠地	材料
碎纸屑	材料
棉梯级布	材料
XO酱	材料
座浆料	材料
花篮密根罗拉	材料
钢筋锚固剂	材料
铅	材料
毛	材料
棉面罗拉	材料
吸湿排汗	材料
结构钢	材料
足银	材料
驼毛	材料
锻铁	材料
透气鳞	材料
其他不锈钢材	材料
方砖	材料
卫衣	材料
有色金属合金	材料
绸子	材料
乳酸链球菌素	材料
精棉氨纶罗拉	材料
烟膏	材料
质料	材料
全涤三角网眼针织布	材料
水煤气	材料
钨钢	材料
甲基苯并三唑	材料
润滑脂	材料
其他纬编	材料
沙拉酱	材料
全棉卫衣	材料
全丝亚古力	材料
锦纶布	材料
金樱子棕	材料
粗帆布	材料
泳装面料	材料
棉间线平纹领	材料
落葵红	材料
磷酸化二淀粉磷酸酯	材料
聚甘油蓖麻醇酯	材料
人造毛	材料
镶花地板	材料
联苯肼酯	材料
马蹄铁	材料
野油菜黄单胞菌夜盗蛾变种	材料
混合氨基酸铜	材料
雪纺	材料
拉架卫衣布	材料
扁机领	材料
双股纯涤吊线格仔	材料
焊油	材料
棉拉架平领	材料
毛哗叽	材料
熔融石	材料
精棉打鸡布	材料
三乙膦酸铝	材料
棉双纱拉架罗纹	材料
桂醛	材料
丁基合成橡胶	材料
渗透结晶型抗渗保护剂	材料
涤罗纹拉架	材料
叶枯净	材料
脂油	材料
黑间平纹	材料
茚虫威	材料
白口铁	材料
底单卫衣	材料
纯毛	材料
全棉平纹七匹狼	材料
水洗布	材料
皮货	材料
电热水袋布	材料
涤纶半光	材料
环氧树脂灌浆料	材料
线自动间提花平纹	材料
江米纸	材料
小卫衣棉涤恩东单	材料
山莨菪碱	材料
环己基甲酸锌	材料
纥	材料
棉密根拉架	材料
红木	材料
维尼纶	材料
印染布	材料
混凝土固化剂	材料
重油	材料
柞绢	材料
士敏土	材料
聚酯纤维	材料
其他板卷材	材料
红花油	材料
煤焦油	材料
棉斜纹抽条布	材料
锌版	材料
绸布	材料
道桥路面环氧覆层	材料
榉木	材料
碳化钙	材料
克菌壮	材料
黎锦	材料
氨纶平纹布	材料
双面小格子	材料
黑豆红	材料
显像液	材料
喷气纺人棉平纹	材料
双面涤纹	材料
间黑花边领	材料
醚	材料
珍珠岩	材料
桥梁专用自密实砂浆	材料
米醋	材料
填料	材料
甜味素	材料
全棉提花双面	材料
稻瘟灵	材料
棉色织平纹	材料
乙嘧酚	材料
拉架罗纹配期大货	材料
八甲磷	材料
镍钢	材料
其他优特钢	材料
精棉棉盖丝	材料
精甲霜灵	材料
单粒钻石	材料
烟碱	材料
棉色纱线低弹丝提花平纹单染棉	材料
棉色纱线涤纶低弹丝自动间提花平纹	材料
雷公藤甲素	材料
非金属矿物制品	材料
沱茶	材料
生丝	材料
春雷霉素	材料
波纹纸板	材料
苯甲酸	材料
花椒	材料
水刺无纺布	材料
钱粮	材料
棉暗间珠地布	材料
棉假密根拉架平纹	材料
大盐	材料
硅酸	材料
喹啉铜	材料
全棉珠地布	材料
钾	材料
加捻双面	材料
直条捻丝法国罗纹	材料
琉璃	材料
淡紫拟青霉	材料
钴胺素	材料
越橘红	材料
全棉疏根拉架	材料
圈肥	材料
法兰绒	材料
水曲柳	材料
色织提花布	材料
环氧胶泥	材料
疏根拉架平纹	材料
描图纸	材料
三聚甘油单硬脂酸酯	材料
花灰双纱罗纹	材料
鱼藤酮	材料
齑	材料
杀线威	材料
杀虫钉	材料
轨枕	材料
合结钢	材料
硝酸钠硝酸钾	材料
甲羟鎓	材料
棉盖丝平纹减浅	材料
丙硫克百威	材料
双炔酰菌胺	材料
香草精	材料
丁基羟基茴香醚	材料
双面	材料
其他炉料	材料
右旋炔咪菊酯	材料
黏米	材料
皂素	材料
齿轮钢	材料
纯棉健康布	材料
光导纤维	材料
全棉平纹布批	材料
棉牛肚卫衣	材料
硫化黑	材料
棉棉单卫衣	材料
几丁聚糖	材料
自流平水泥	材料
塔丝隆	材料
环氧砂浆	材料
碑石	材料
氢氧化钠	材料
甲萘威	材料
棉底抓毛单卫衣	材料
涤平纹布	材料
三唑醇	材料
镶嵌玻璃	材料
木代尔拉架提花染木代尔	材料
耐火黏土	材料
姜黄素	材料
精棉双面	材料
麦尔登呢	材料
萎锈灵	材料
胶水	材料
涤盖棉卫衣	材料
人棉罗纹	材料
棉菠萝布	材料
方格布	材料
精平纹	材料
氟螨嗪	材料
竹纸	材料
提花小网眼	材料
糙纸	材料
缬	材料
内吸磷	材料
棉夹丝卫衣	材料
聚二甲基硅氧烷乳液	材料
单面毛巾布	材料
塑料炸药	材料
无烟煤	材料
韩国弹力	材料
花蜜	材料
瓦	材料
蝉翼纱	材料
亚硝酸	材料
骆驼绒	材料
棉蒙代尔平纹拉架	材料
涤盖棉健康布	材料
涤纶夹丝健康	材料
软钢	材料
棉棉抓毛双卫衣	材料
胶乳	材料
混纺系列纱线	材料
食盐	材料
改性沥青防水涂料	材料
革兰氏染色剂	材料
罗纹布	材料
铁屑	材料
棉涤纶抓毛卫衣	材料
棉胎	材料
熟料	材料
平纹批	材料
金属丝	材料
坯料	材料
五香	材料
聚合物防水砂浆	材料
棉纯涤法国罗纹	材料
全棉卫衣布	材料
米面	材料
罗望子多糖胶	材料
亚力斯布	材料
纯涤双面	材料
杀虫脒	材料
丝	材料
矽钢	材料
活页纸	材料
永奇昱祥	材料
其他有色金属合金	材料
棉珠帆布	材料
天鹅绒	材料
波浪布	材料
氟啶胺	材料
浏阳霉素	材料
料酒	材料
特材配置系统	材料
粗平布	材料
代森锰锌	材料
碳酸锰	材料
橄榄油	材料
感光片	材料
棕榈油	材料
檀木	材料
精棉卫衣	材料
涤纶低弹	材料
黑色火药	材料
邻苯基苯酚钠	材料
海蓝宝石	材料
双面电脑提花	材料
棉拉架罗纹布	材料
礼品包装材料	材料
印花布	材料
棉盖丝网眼	材料
清油	材料
方矩管	材料
异抗坏血酸及其钠盐	材料
双色格仔间条	材料
汞化合物	材料
染料	材料
纯棉平纹拉架	材料
双折领	材料
其他型材	材料
铁板	材料
棉网眼布	材料
棉拉架斜纹	材料
仿皮面料	材料
棉罗文拉架	材料
卡巴胂	材料
改性环氧树脂封缝胶	材料
画纸	材料
棉冚珠地平纹	材料
柠檬酸铜	材料
硼酸	材料
硅橡胶	材料
酒精汽油混合燃料	材料
焦	材料
锌及锌锭	材料
自流平齿耙	材料
肩垫	材料
排间灯拉	材料
棉株地	材料
手纸	材料
聚硫密封胶	材料
棉双纱珠地布	材料
间克平纹	材料
原盐	材料
棉珠地单卫衣	材料
色素	材料
黄铜	材料
磨毛布	材料
封登糖	材料
汽车燃油	材料
橡皮泥	材料
色木	材料
阻火包	材料
虫胶	材料
茶皂素	材料
羊毫	材料
礼品包装纸	材料
拉架吸毛单卫衣	材料
钛	材料
直条罗纹	材料
股全棉谷罗纹	材料
灰浆	材料
百菌清	材料
坯布本色布	材料
花灰卫衣	材料
应墩布	材料
防水纸	材料
珠地罗纹	材料
胶料	材料
干硬砂浆	材料
棉蒙代尔	材料
氟酰胺	材料
氯氰菊酯	材料
单面平纹	材料
五氯酚	材料
绲边	材料
小毛	材料
粗盐	材料
裘皮	材料
硫酸盐	材料
支装植筋胶	材料
栀子黄	材料
泔水油	材料
横间提花单染棉	材料
砖石	材料
面包原料	材料
塔丝绒	材料
派力司	材料
棉盖丝拉架平纹减浅	材料
醋酯纤维	材料
漆包线	材料
细粮	材料
全棉单卫衣	材料
煤精	材料
高筋面粉	材料
遮蔽纸	材料
竖条珠地	材料
灯拉	材料
棉棉斜纹布	材料
琼	材料
花生衣红	材料
粗珠地大眼珠	材料
变色布	材料
茧丝	材料
棉木代尔十字威化布印花布	材料
金核霉素	材料
圆材	材料
棉平纹款	材料
非织造及工业用布	材料
乳糖醇	材料
铁砂	材料
面粉	材料
玄武玻璃	材料
纺纱加工	材料
色纱排间双面	材料
废金属	材料
铝线	材料
乙酸	材料
氰戊菊酯	材料
刨花板	材料
棉蜂巢竖条布	材料
麻袋布	材料
褐煤	材料
虾子酱	材料
面底面抓毛单卫衣	材料
长石	材料
硅烷基粉末	材料
铝丝网	材料
锦纶	材料
生料	材料
预应力压浆剂	材料
棉色丝平纹	材料
单双三甘油脂肪酸酯油酸亚油酸柠檬酸亚麻酸棕榈酸山嵛酸硬脂酸	材料
涤凤眼布	材料
棉类系列面料	材料
弹力卫衣	材料
封锚砂浆	材料
乳香	材料
双乙酰酒石酸单双甘油酯	材料
混凝土路面修补胶	材料
缙	材料
涤纶弹力双面	材料
棉间丝珠地布	材料
钣	材料
化肥	材料
经编	材料
棉有光丝提花双面布	材料
抽坑拉架	材料
聚丁橡胶	材料
赋形剂	材料
辣椒粉	材料
精棉单珠地客	材料
混凝土乳液	材料
亚胺唑	材料
胶泥	材料
高聚物改性沥青防水涂料	材料
棉面棉平纹	材料
地板蜡	材料
牛心朴子生物碱	材料
苴	材料
提花双珠地	材料
天然橡胶	材料
合金钢	材料
半精梳棉平纹	材料
精棉磨毛平纹布	材料
有光丝健康布	材料
三聚磷酸钠	材料
高丝宝	材料
聚氧乙烯木糖醇酐单硬脂酸酯	材料
旧菠萝布	材料
藜芦碱	材料
双沙平纹	材料
美丽绸	材料
板布	材料
镀锡板卷马口铁	材料
水管子	材料
精珠地布	材料
精股段染纱棉盖丝平纹	材料
纯涤布	材料
翻毛皮革	材料
谷波双面	材料
废棉	材料
铤	材料
石灰	材料
氧化汞	材料
红宝石	材料
竹节卫衣	材料
支座灌浆料母料	材料
领棉线单染棉	材料
胶晶	材料
棉木代尔氨纶平纹	材料
狼毒素	材料
喷涂堵漏号	材料
精棉单珠地	材料
铜版纸	材料
薄荷酱	材料
猛杀威	材料
磨砂玻璃	材料
乳油	材料
精梳平纹	材料
波比布	材料
果面表光	材料
聚甘油脂肪酸酯聚甘油单硬脂酸酯聚甘油单油酸酯	材料
棉平纹棉卫衣	材料
棉平纹单	材料
棉木代尔拉架平纹	材料
鱼油	材料
练	材料
老米	材料
木炭	材料
单面亚古力	材料
滑轮	材料
梯级布	材料
涤纶氨纶双面平拉	材料
锗硅固溶体	材料
灯芯排间	材料
纯涤网布	材料
花灰平纹	材料
绫罗绸缎	材料
聚酯	材料
诱虫烯	材料
精棉竹节平纹	材料
苯氧菌酯	材料
福美胂	材料
酒母	材料
全棉弹力卫衣	材料
硬玉	材料
蓝锭果红	材料
酚醛塑料	材料
琉璃瓦	材料
有色金属带材	材料
棉蒙代尔平拉	材料
棉打鸡布	材料
焦磷酸钠	材料
珏	材料
碎纸	材料
糖精	材料
杀虫安	材料
氢气	材料
合金板	材料
单面拉架	材料
其他生皮	材料
乐杀螨	材料
呋喃胶泥	材料
软管	材料
亚光	材料
精棉双珠地	材料
人棉	材料
配套设备系统	材料
提花布	材料
复合材料	材料
棉马眼布	材料
抽坑布	材料
醯	材料
病毒星	材料
聚合物注浆料	材料
涤纶夹丝	材料
蜂巢布	材料
柞木	材料
二硫氰基甲烷	材料
玉米布	材料
彩涂板卷	材料
独立词	材料
氟吗啉	材料
人造石油	材料
联苯三唑醇	材料
注浆料	材料
抽针双面	材料
配料	材料
绝缘层	材料
璜	材料
竹叶抗氧化物	材料
莫代尔纤维	材料
铜丝网	材料
拉链	材料
花灰灯拉	材料
棉疏根拉架平纹单	材料
白玉	材料
乳酸钙	材料
网眼双面	材料
氯菊酯	材料
噁虫威	材料
废镁	材料
全棉梭织布	材料
涤纶低弹涤纶半光涤纶低弹涤纶半光	材料
砖头	材料
火浣布	材料
平拉印花布	材料
混凝土防腐剂	材料
低弹丝珠地	材料
发粉	材料
磨毛平纹拉架	材料
火漆	材料
铜锭	材料
迟效肥料	材料
软泥	材料
硅砖	材料
干柴	材料
试纸	材料
麸皮	材料
平纹双染	材料
溴化物	材料
双面布	材料
灭菌唑	材料
愈创木酚	材料
仲丁威	材料
烧烤沙司	材料
方钢	材料
食毛平纹拉架	材料
白脱	材料
克棉珠地	材料
全棉拉架平纹批	材料
柠檬黄及其铝色淀	材料
黄豆粉	材料
双染同色	材料
乌金	材料
太空棉	材料
燃料油	材料
纺织皮革相关项目合作	材料
线呢	材料
聚酯塑料	材料
湖绉	材料
三合板	材料
低弹丝拉架双面	材料
锌钡白	材料
钢条	材料
驼绒	材料
韩国弹力布	材料
焦炭	材料
耐热钢	材料
拉架	材料
氟化钠	材料
麦饭石	材料
纯涤丝棉不抓卫衣	材料
虎纹面料	材料
叔丁醇	材料
线卡	材料
胶	材料
滑润油	材料
马皮革	材料
花灰灯芯	材料
XO辣椒酱	材料
钢砂	材料
花灰罗纹	材料
松脂酸钠	材料
花布	材料
绒绳	材料
硫铝酸盐水泥缓凝剂	材料
花露水	材料
牛津纺	材料
全棉梳织布	材料
全涤格仔提花	材料
明子	材料
喹硫磷	材料
储氢合金	材料
红米	材料
低弹力满天星	材料
低弹满天星网眼布	材料
咖喱粉	材料
焦亚硫酸钠	材料
珠地导汗	材料
氯亚胺硫磷	材料
棉摩毛布	材料
明前	材料
棉单珠地布	材料
噻唑锌	材料
管道灌浆剂	材料
焊膏	材料
镏金	材料
桑蚕丝	材料
木料	材料
冷拔钢	材料
玻璃纸	材料
辣椒油	材料
糁	材料
抑霉唑	材料
异戊橡胶	材料
夹丝珠地布	材料
橡子壳棕	材料
土布	材料
新红及其铝色淀	材料
粉芡	材料
纱平纹布	材料
棉木代尔威化布	材料
竹帛	材料
棉法国罗纹布	材料
全丝提花布	材料
鸡翅木	材料
竹节纱法国罗纹	材料
铬铁矿	材料
淀粉磷酸酯钠	材料
塔巴斯哥	材料
燃气	材料
水松胶	材料
榄香脂	材料
牛皮纸	材料
灯芯绒	材料
瑞米六号	材料
代森铵	材料
高聚物膨胀剂	材料
瘦煤	材料
棉有光丝提花平纹	材料
间三珠提花布	材料
氨纶拉架平纹	材料
储油	材料
棉直条珠地布	材料
活性染料	材料
棉罗拉	材料
压浆料	材料
棉厚拉架罗纹	材料
花灰排间灯拉	材料
溴螨酯	材料
机米	材料
小青瓦	材料
金属板	材料
土地资源	材料
要打鸡布	材料
糖衣	材料
竹节纱棉假密根拉架平纹单	材料
腻子	材料
黄花梨	材料
甲磺虫腙	材料
铁纱	材料
亚磷酸钾	材料
和田玉	材料
荧光粉	材料
公主岭霉素	材料
床单布	材料
木代尔拉架平纹	材料
混凝土密实剂	材料
花露	材料
色织拉架	材料
高强聚合物砂浆	材料
铁矿	材料
十字威布	材料
赤小豆	材料
氧化活性物质	材料
棉面棉底卫衣布	材料
直条导汗布纯涤	材料
合金	材料
白汁沙司	材料
棉人棉混纺纱	材料
棉不抓毛双卫衣	材料
棉罗纹	材料
紫水晶	材料
的卡	材料
甲氨基阿维菌素苯甲酸盐	材料
抽坑罗纹	材料
聚氯乙稀	材料
人造柚木	材料
木代尔氨纶密根平拉	材料
栽绒	材料
香精	材料
绵糖	材料
抗裂砂浆	材料
丽新布	材料
棉斜纹	材料
砂浆防水剂	材料
枋材	材料
涤亚古力	材料
藻蓝淡海水	材料
瑞米三号	材料
篾青	材料
企口板	材料
料	材料
铝合金	材料
大曲	材料
凡立丁呢	材料
菽粟	材料
绿宝石	材料
棉籽油	材料
高强自密实混凝土	材料
梯级	材料
鳔胶	材料
层压材料	材料
人造树胶	材料
预应力管道压浆剂	材料
裤料	材料
不发火混凝土	材料
精高效氯氟氰菊酯	材料
罗马布	材料
凉爽呢	材料
棉抽针罗纹	材料
烧料	材料
赤藓红及其铝色淀	材料
含铅玻璃	材料
资源	材料
毛葛	材料
丝棉	材料
纯涤吊线格仔布	材料
棉大卫衣	材料
石膏	材料
法国罗纹直条布	材料
乌药竹	材料
灌浆料	材料
全棉平纹年春夏开发板	材料
劈柴	材料
陶粒	材料
豆油	材料
春秋丁	材料
精棉网纹布	材料
锡及锡锭	材料
脱水剂	材料
乙螨唑	材料
棉双珠横间布	材料
苫布	材料
提花真隆罗纹	材料
瓷	材料
拉架平纹配	材料
氯虫酰肼	材料
生发液	材料
半精棉平拉	材料
坯子	材料
家纺	材料
瓷砖胶	材料
建材	材料
毛巾布料	材料
棉间黑光丝元领	材料
动物毛鬃	材料
作料	材料
厩肥	材料
羟基萘	材料
不锈钢管	材料
煤砖	材料
废铝	材料
横贡缎	材料
丁子香酚	材料
大眼布	材料
相纸	材料
精棉双面抽坑	材料
铅玻璃	材料
棉盖丝平纹布单染棉	材料
棉拉架单珠地	材料
琥珀酸	材料
代森联	材料
稻米	材料
山梨糖醇液	材料
棉平纹棉抓毛卫衣	材料
棉疏根平拉	材料
全涤平纹布	材料
缱	材料
棉扁棉领	材料
硬脂酸	材料
棉夹丝珠地	材料
镁及镁锭	材料
环丙唑醇	材料
涤单面珠地网眼	材料
荧光素	材料
矿物代理	材料
甜酱	材料
连史纸	材料
丝盖棉方砖布	材料
弹力双面	材料
双面珠地布	材料
库存纺织品	材料
檀香木	材料
二氧化硅	材料
纯涤平纹拉架布	材料
子棉	材料
涤棉双面	材料
棉盖丝平纹加棉	材料
紫貂皮	材料
合金粉末	材料
丝绵	材料
棉珠地布	材料
玫瑰茄红	材料
自动间提花双面	材料
漂白布	材料
拉架梯级	材料
精棉色织横间珠地	材料
木代尔疏根平拉	材料
管道压浆剂	材料
苡米	材料
密根罗纹	材料
速灭磷	材料
蛇仔布	材料
坩埚钢	材料
抗裂防水粘结膜	材料
白煤	材料
木代尔拉架提花	材料
酰胺唑	材料
大黄素甲醚	材料
黏膜	材料
防腐砂浆	材料
胭脂树橙红木素降红木素	材料
水洗绒	材料
二溴氯丙烷	材料
涤卫衣	材料
精棉精棉单卫衣	材料
真皮	材料
帆布	材料
蔗糖脂肪酸酯	材料
半金属矿产	材料
低弹变珠	材料
灌浆剂	材料
腐殖酸钠	材料
蜡布	材料
钢筋锚固料	材料
信石	材料
氢氧化亚镍	材料
假象牙	材料
全棉虎绸梳织布	材料
元煤	材料
乙蒜素	材料
油地毡	材料
条纹棉盖丝平纹	材料
一氧化铅	材料
速灭威	材料
海藻酸丙二醇脂	材料
透水混凝土	材料
三硝基甲苯	材料
细平布	材料
斜仔	材料
化妆品	材料
多款供选	材料
己二酸	材料
六偏磷酸钠	材料
金属网	材料
吊丝球竹	材料
辛硫磷	材料
导汗凤眼	材料
丙环唑	材料
枫糖	材料
芗	材料
井冈霉素	材料
涤珠地	材料
洋瓷	材料
角钢	材料
商品粮	材料
丙二醇脂肪酸酯	材料
中油	材料
玉版宣	材料
松焦油	材料
板油	材料
放或界面剂	材料
打对鸡布	材料
纯棉双面	材料
棉盖丝提花平纹	材料
棉平拉染棉	材料
环氧乳液	材料
平拉	材料
塔巴斯科	材料
丙酮	材料
高性能自流平砂浆	材料
苦皮藤素	材料
袋泡茶	材料
禾木胶	材料
低弹丝健康布	材料
陶管	材料
台湾木代尔平纹	材料
粞	材料
铬钢	材料
可锻铸铁	材料
辣椒酱	材料
烧花	材料
涤纶丝毛巾布	材料
镁粉	材料
接种材料	材料
软沥青	材料
半精单卫衣	材料
醋汁	材料
棉涤纶低弹丝珠地	材料
蜂巢布印花布	材料
嘧螨酯	材料
厨房用纺织品	材料
涤纶打鸡双面	材料
粮棉	材料
层压板	材料
黄麻系列面料	材料
天丝低弹珠地	材料
斜长石	材料
其他丝绸系列面料	材料
水泥石板	材料
麻油	材料
防水砂浆	材料
抽坑罗拉	材料
榆木	材料
毛圈单卫衣	材料
防腐剂	材料
韩国罗纹	材料
天丝	材料
易熔合金	材料
木代尔罗拉	材料
瑾	材料
重晶石	材料
雪连纸	材料
植物炭黑	材料
纸	材料
乐果	材料
亚胺硫磷	材料
棉间丝提花	材料
涤全涤抓毛布	材料
蜡油	材料
忽布	材料
石英	材料
软包装	材料
树脂灌浆料	材料
花边平领	材料
薪草提取物	材料
硫代二丙酸二月桂酯	材料
小风眼	材料
功能性面料	材料
拉架抽针罗纹	材料
糈	材料
祖母绿	材料
涤拉架	材料
花灰珠地	材料
平拉洗水定型	材料
苄呋菊酯	材料
不抓毛卫衣	材料
粗粝	材料
嘧啶核苷类抗菌素	材料
木棉	材料
苯醚菊酯	材料
纯涤拉架	材料
蜂蜜	材料
花呢	材料
轨道胶泥	材料
瓦楞纸	材料
钢筋	材料
甲基胂酸锌	材料
硬脂	材料
烟油	材料
甲猛素	材料
抑虫肼	材料
全棉罗纹	材料
棉絮	材料
烯肟菌胺	材料
服装辅料	材料
大梯级布	材料
纸屑	材料
改性环氧树脂灌注粘钢胶	材料
半漂平纹布	材料
铁丝	材料
格木	材料
有机硅防水剂	材料
法国罗纹	材料
麻类	材料
涤纶	材料
豆面	材料
杉	材料
面底卫衣	材料
聚氧乙烯山梨醇酐单月桂酸酯又名吐温聚氧乙烯山梨醇酐单棕榈酸酯又名吐温聚氧乙烯山梨醇酐单硬	材料
尼龙布	材料
耐油水泥砂浆	材料
其他纺织加工	材料
虾油	材料
塔斯隆	材料
棉棉拉架平纹	材料
耐磨剂	材料
中生菌素	材料
全涤双面布	材料
烯肟菌酯	材料
油毡纸	材料
棉平拉单染棉	材料
锰钢	材料
耐腐蚀钢	材料
胶木	材料
杀虫双	材料
全开	材料
龙胆紫	材料
缓蚀剂	材料
棉间丝竖条罗纹	材料
松香季戊四醇酯	材料
珲	材料
开蓬	材料
绒毛	材料
涤木代尔双染双色	材料
纯棉单面布	材料
来料	材料
涤网布	材料
皮革加工	材料
涤纶健康布	材料
硫化钠	材料
莨绸	材料
棉健康布	材料
梯极布	材料
梳根拉架	材料
丙酸及其钠盐钙盐	材料
铜合金	材料
韩国弹力双面	材料
箱包面料	材料
棉隆	材料
甲基毒死蜱	材料
冷墩钢	材料
棉毯	材料
碳胶	材料
核燃料	材料
黏小米	材料
打鸡罗纹	材料
橡胶	材料
人造纤维	材料
氢氧化钙	材料
还原剂	材料
涤盖棉	材料
麦克	材料
全棉双面布	材料
银朱	材料
耐碱砂浆	材料
海平纹布	材料
人丝	材料
制服呢	材料
透明漆	材料
伏杀硫磷	材料
碳酸钾	材料
窗户纸	材料
涤直条网眼布	材料
面底单卫衣	材料
哒嗪硫磷	材料
蛤酱	材料
棉间线领	材料
厚板	材料
亚硫酸	材料
皮面	材料
壁纸	材料
生皮	材料
无定形碳	材料
盐巴	材料
杜邦平拉	材料
无缝钢管	材料
绵	材料
固体石腊	材料
山梨糖醇	材料
石硫合剂	材料
剔红	材料
整料	材料
草浆	材料
汗布	材料
含铅汽油	材料
石棉瓦	材料
单染锦纶	材料
二氧化锆	材料
婚纱面料	材料
棉细法国	材料
雨前	材料
石灰浆	材料
香蕉水	材料
氯唑磷	材料
钠玻璃	材料
金银线双卫衣	材料
预应力孔道压浆料	材料
松明	材料
聚合物粘接砂浆	材料
绿豆沙	材料
显影纸	材料
毛料	材料
抓毛卫衣布	材料
绡	材料
茶巾	材料
珠玑	材料
电源线	材料
彩釉	材料
草纸	材料
相关服务	材料
管道	材料
棉蔬根拉架	材料
拉架网眼	材料
合成染料	材料
棉平领	材料
棉平拉棉木代尔	材料
经线	材料
珠翠	材料
方解石	材料
密根拉架平纹单号	材料
有机耐磨料	材料
制蚜菌素	材料
全涤拉架罗纹	材料
脱氢乙酸及其钠盐	材料
干硬性无收缩砂浆	材料
纸堆	材料
青铜	材料
包装纸	材料
沙蒿胶	材料
磷酸二氢钙	材料
排间平拉	材料
缣	材料
毛呢	材料
粘合剂	材料
花灰双卫衣	材料
单面提花	材料
绫	材料
珠光体	材料
植绒面料	材料
非金属矿产	材料
涤纶低弹涤纶半光	材料
二氧化碳	材料
鱼眼布	材料
噻菌铜	材料
泥炭	材料
方格呢	材料
低弹满天星网布	材料
冰碴	材料
花茶	材料
棉绒	材料
隧道防火涂料	材料
碳素钢	材料
棉棉盖丝平纹	材料
面砖	材料
高韧性聚合物改性砂浆	材料
辣椒油树脂	材料
单珠地	材料
尼龙	材料
锦棉绸	材料
纳米材料	材料
棉蜂巢布复色	材料
红铜	材料
其他毛纺系列面料	材料
管子	材料
提花珠地布	材料
唑蚜威	材料
溴化银	材料
打鸡布	材料
酵母	材料
棉低弹珠地	材料
酱	材料
棉面盖丝提花布	材料
砼外加剂系统	材料
防辐射面料	材料
鞋底生胶	材料
石料	材料
杀螟腈	材料
香油	材料
硬脂酰乳酸钠硬脂酰乳酸钙	材料
沙拉油	材料
混凝土抗油耐磨剂	材料
防水乳液	材料
颜色	材料
嵌缝胶泥	材料
棉提花十字布	材料
型钢	材料
酚醛	材料
棉棉间丝网眼单面	材料
公文纸	材料
镔铁	材料
糙米	材料
罗纹拉架	材料
棉棉盖丝罗纹	材料
豉	材料
斜纹卫衣	材料
涤纶包芯氨双面拉架	材料
双纱罗拉	材料
袋鼠皮革	材料
耐火	材料
微晶纤维素	材料
网纹	材料
棉平纹客	材料
威化布	材料
棉双面布	材料
硝化甘油	材料
驴皮革	材料
底漆	材料
斜纹	材料
皱纹布	材料
三合土	材料
氨纶拉架卫衣	材料
全涤小凤眼	材料
尼龙平拉	材料
半光提花双面布	材料
月桂酸	材料
其他废金属	材料
柏木	材料
青瓷	材料
盐酸四环素	材料
亮光漆	材料
棉竹节棉单卫衣	材料
不锈钢	材料
骨粉	材料
华星呢	材料
建筑钢材	材料
棉斜纹平纹布	材料
泥封	材料
捻子	材料
TNT	材料
油酸	材料
麻棉平纹	材料
立绒	材料
隔板	材料
棉棉卫衣	材料
棉冚珠地布	材料
红糖	材料
弹力拉架双面	材料
木材	材料
防水油布	材料
粉唑醇	材料
黏合剂	材料
封蜡	材料
全麦面粉	材料
芝麻酱	材料
电解二氧化锰	材料
鱼石脂	材料
抽坑灯芯绒	材料
库缎	材料
棉人字带	材料
涤纶提花双面	材料
灭瘟素	材料
红铃虫性诱素	材料
铅字合金	材料
硫铝酸盐水泥早强剂	材料
颗粒肥料	材料
真珠	材料
仿佛乳液	材料
二丁基羟基甲苯	材料
韩乐宁暂定	材料
钢丝绳网片	材料
秫米	材料
双面珠地	材料
布料	材料
氯虫苯甲酰胺	材料
棉平纹	材料
草甘膦	材料
道碴胶	材料
香片	材料
钢珠	材料
活字合金	材料
镶板	材料
焊剂	材料
重有色金属	材料
反丁烯二酸的	材料
黑小料	材料
涤拉架平纹	材料
武夷菌素	材料
涤纶网纹布	材料
其他粉末冶金	材料
棉木代尔拉架单卫衣	材料
横间提花	材料
样布	材料
灰口铁	材料
纯涤拉架布	材料
鹾	材料
丙烷	材料
金属丝绳	材料
杜仲甙	材料
豆沙	材料
人棉平纹拉架	材料
咔叽	材料
其他天然纺织原料	材料
单染减浅	材料
人棉平拉	材料
聚合物混凝土用乳液	材料
啤酒花	材料
生胶	材料
京尼平甙	材料
小卫衣拉架	材料
革	材料
反丁烯二酸	材料
亚铁氰化钾亚铁氰化钠	材料
萤石	材料
羊绒纱	材料
谷粉	材料
密封条	材料
剃须美容水	材料
邻酰胺	材料
双色	材料
棉杜邦拉架单珠地	材料
裤头绳	材料
皮革废料	材料
牛津布	材料
木代尔拉架平纹字头	材料
水门汀	材料
杀螟硫磷	材料
轻金属	材料
洋缎	材料
青灰	材料
脱乙酰甲壳素又名壳聚糖	材料
异形钢材	材料
平纹呢	材料
乱花双面布	材料
黑陶	材料
棉自动提花	材料
煤球	材料
生物膜	材料
化纤坯布	材料
棉毛混纺	材料
饩	材料
散石	材料
辛烯基琥珀酸铝淀粉	材料
碳结钢	材料
丁纳橡胶	材料
巴西棕榈蜡	材料
粗麻布	材料
聚合物环氧乳液	材料
纯棉单面	材料
镍及镍锭	材料
精棉珠地	材料
不织布	材料
半精密根平拉	材料
仿皮	材料
甓	材料
高强自密实砂浆	材料
拉架平纹批	材料
双氧水	材料
底卫衣	材料
球墨铸铁	材料
酒花	材料
金属材料代理	材料
支座灌浆料	材料
矿脂	材料
瑞拉菌素	材料
硬脂酸镁	材料
棉美棉珠地	材料
水杨菌胺	材料
棉提花布	材料
水管	材料
添加物	材料
透明纸	材料
新波萝花	材料
路面环氧覆层	材料
玻璃丝	材料
烟硝	材料
脲	材料
硅片	材料
涤拉架抽坑布	材料
硫酸链霉素	材料
氟吡菌胺	材料
嘧肽霉素	材料
翻毛	材料
稀有金属矿产	材料
染色剂	材料
合成纤维	材料
棒子面	材料
砂布	材料
非导体	材料
佳绩布	材料
陶瓷	材料
足金	材料
涤大花布	材料
二氧化硫焦亚硫酸钾焦亚硫酸钠亚硫酸钠亚硫酸氢钠低亚硫酸钠	材料
姜片	材料
纺	材料
珊瑚	材料
膏剂	材料
高分子	材料
钢	材料
乙霉威	材料
抹面砂浆	材料
稿纸	材料
蓝靛	材料
中药材	材料
弹力布	材料
型材	材料
黄油	材料
蜂窝煤	材料
甲醇	材料
拼花地板	材料
环氧树脂地坪	材料
异麦芽酮糖	材料
棉麻混纺	材料
磐石	材料
细线	材料
乙酯杀螨醇	材料
代森锌	材料
水淀	材料
死面	材料
羟丙基淀粉	材料
过氧化氢	材料
锦涤纺	材料
装饰用纺织品	材料
冷轧板卷	材料
建漆	材料
烧炭	材料
聚氧乙烯聚氧丙烯季戊四醇醚	材料
香醋	材料
小梯级	材料
顺丁橡胶	材料
全涤加捻	材料
增白霜	材料
杞梓木	材料
硫铝酸盐水泥用缓凝剂	材料
硼钢	材料
棉打鸡布单染涤	材料
磷酸三钙	材料
发酵剂	材料
钢结构防火涂料	材料
横间珠地	材料
苯螨特	材料
枋	材料
白铁	材料
苯肼	材料
鸭绒	材料
改性石墨	材料
瓷砖	材料
氰亚铁酸钾	材料
白黑点单染	材料
麸子	材料
儿茶素	材料
打鸡	材料
拖把绒	材料
板卷材	材料
螺纹钢	材料
多硫化钡	材料
珍珠	材料
乳化硅油	材料
色支抽条夹丝	材料
二甲基吡啶	材料
塑料布	材料
双染双色	材料
缃	材料
彩绸	材料
栅板	材料
防火阻燃界面剂	材料
椴木	材料
咖喱	材料
健康布单染涤	材料
苡仁	材料
轻有色金属	材料
粘接砂浆	材料
平色剂	材料
偶氮染料	材料
聚半乳糖醛酸酶	材料
连接线	材料
棉密根平拉	材料
聚氯乙烯	材料
涤纶氨纶弹力网布	材料
烯啶虫胺	材料
其他建筑钢材	材料
隔膜剂	材料
苯甲酸及其钠盐	材料
文木	材料
自动间平拉	材料
瑞米一号	材料
硅钢	材料
南竹	材料
钢丝绳	材料
水钻	材料
涤打鸡布	材料
徽墨	材料
棉扁机领	材料
棉抓毛卫衣	材料
高效反式氯氰菊酯	材料
全色片	材料
花灰密根平拉	材料
乐斯灵暂定名	材料
热轧板卷	材料
棉变珠	材料
水洗绒桃皮绒	材料
银杏酚	材料
金丝提花布	材料
真皮废料	材料
灰铁	材料
棉棉间丝提花平纹	材料
拷纱	材料
聚苯乙烯	材料
圣油	材料
篾黄	材料
液化石油气	材料
芝麻油	材料
经纱	材料
望板	材料
紫檀	材料
自流平砂浆	材料
红煤	材料
棉美棉珠	材料
玻璃板	材料
双色格仔布	材料
小檗碱	材料
粗纱	材料
液体石蜡	材料
墙纸	材料
甘草甘草酸铵甘草酸一钾及三钾	材料
功能纤维	材料
楸木	材料
碎砖	材料
纯涤摇粒布	材料
涤棉毛巾布	材料
丝盖棉提花平纹	材料
库存金属材料	材料
全棉拉架单卫衣	材料
蛇床子素	材料
夹丝双面	材料
毛布布	材料
花灰精平纹	材料
过氧乙酸	材料
棉梳织布	材料
火炭	材料
绸类	材料
馅子	材料
茶黄色素茶绿色素	材料
羽纱	材料
意大利通心粉沙司	材料
水玻璃	材料
轧光	材料
荞面	材料
平纹棉涤纶	材料
布匹	材料
缟	材料
氨纶棉	材料
棉间涤蚂蚁布	材料
巴厘纱	材料
股棉领	材料
可更新资源	材料
水性环氧乳液	材料
棉雀眼平纹	材料
姜丝	材料
涤纶低弹丝提花双面	材料
冶炼加工	材料
宝石	材料
丝盖丝	材料
丝盖棉	材料
粒肥	材料
衣料	材料
银泰暂定	材料
天然玻璃	材料
火药棉	材料
有色金属管材	材料
牛油	材料
硫酸软骨素	材料
酵母粉	材料
环氧树脂砂浆	材料
密根单珠拉架	材料
同轴电缆	材料
泡沫塑料	材料
锦纶双面	材料
羟基二甲基壬酮	材料
芡	材料
尿素	材料
生发剂	材料
双纱珠地布	材料
酥油	材料
蜜	材料
精棉涤纶夹丝健康布	材料
硫酸钙又名石膏	材料
环己基氨基磺酸钠环己基氨基磺酸钙又名甜蜜素	材料
骨胶	材料
ＴＮＴ	材料
黏胶	材料
三环锡	材料
蛋黄酱	材料
唑菌酯	材料
提花双面布单染棉	材料
无机防火堵料	材料
毪	材料
棉棉盖丝	材料
纯涤双卫衣	材料
精棉涤健康布	材料
陈醋	材料
花灰拉架卫衣	材料
小风眼布	材料
注射式植筋胶	材料
多菌灵磺酸盐	材料
剑麻系列面料	材料
涤纶打对鸡双面	材料
刺云实胶	材料
罗拉	材料
放线菌酮	材料
精棉棉丝平纹	材料
流动性无收缩砂浆	材料
流体管	材料
灯油	材料
消光锦棉绸	材料
辣椒红	材料
卡其布	材料
珠地罗纹布	材料
纺织废料	材料
高粱面	材料
面底不抓毛单卫衣	材料
高压合金管	材料
敌磺钠	材料
牛奶波比布	材料
嘧菌酯	材料
长丝拉架梯级	材料
花榈木	材料
聚合物氯丁胶乳防水砂浆	材料
棉纱平纹	材料
绵白糖	材料
拷绸	材料
硫酸锌	材料
无色玻璃	材料
咯菌腈	材料
调味品	材料
鱼鳞片	材料
辣椒碱	材料
花灰双珠地	材料
废渣	材料
中间黑平领	材料
右旋反式胺菊酯	材料
乙二胺四乙酸二钠	材料
拉架单珠	材料
棉平纹拉架布	材料
奶酪酱	材料
原子能	材料
亚麻布	材料
甜菊糖苷	材料
钢坯	材料
密根拉架平纹	材料
芝麻	材料
苏打粉	材料
全棉罗纹布	材料
树胶	材料
芽茶	材料
棉面间水波平纹	材料
噻虫嗪	材料
罗纹提花移圈	材料
碧玉	材料
打字纸	材料
燃气管道	材料
胭脂虫红	材料
棉疏根拉架平纹	材料
双珠地	材料
还原染料	材料
锡纸	材料
拉架布	材料
调料	材料
纯棉拉架	材料
彩	材料
建筑材料	材料
定影液	材料
凿岩机械	材料
面漆	材料
地图纸	材料
人棉拉架	材料
象牙	材料
商标纸	材料
茶多酚又名钠盐酚	材料
有色金属棒材	材料
蛭石	材料
肥煤	材料
精棉双纱平纹	材料
生物碱	材料
帘子布	材料
面肥	材料
棉珠地	材料
田安	材料
乙硫苯威	材料
梯级拉架	材料
灌注粘钢胶	材料
棉氨纶拉架卫衣	材料
棉打介布	材料
养护剂	材料
杂粮	材料
平丝双面	材料
黄原胶又名汉生胶	材料
啶菌噁唑	材料
缝合线	材料
棉木代尔氨纶平拉	材料
中筋面粉	材料
晴纶	材料
环氧覆层	材料
箱包布	材料
梯恩梯	材料
稻瘟净	材料
拉单卫	材料
仙茅蛋白	材料
棉纹	材料
甲酸	材料
其他纺织废料	材料
配件	材料
超细灌浆料	材料
正绒面革	材料
硫环磷	材料
锰矿	材料
精棉低弹变珠	材料
白汉玉	材料
健康布	材料
草帽缏	材料
铁流	材料
石板	材料
双面网纹	材料
铝箔	材料
拉架单珠地	材料
模具钢	材料
饼肥	材料
棉竹节纱平纹	材料
头绳	材料
面吸湿排汗沙	材料
蚝油	材料
精棉平纹研	材料
高聚物	材料
纯涤吊线格仔布单染棉	材料
胶纸	材料
嘧啶磷	材料
砟子	材料
长川霉素	材料
纯棉罗纹布	材料
苯胺	材料
山梨醇酐单月桂酸酯又名司盘山梨醇酐单棕榈酸酯又名司盘山梨醇酐单硬脂酸酯又名司盘山梨醇酐三	材料
光丝提花平纹	材料
瓷釉	材料
夹丝珠地	材料
灰色丝菱形提花	材料
铁索	材料
气煤	材料
棉梯级珠地提花	材料
海盐	材料
斑蝥素	材料
松木	材料
硬煤	材料
煤气	材料
棉面棉底法国罗纹	材料
氟环唑	材料
预应力孔道压浆剂	材料
双面化纤布	材料
地毯面料	材料
二氯苯氧乙酸	材料
甘露糖醇	材料
棉双面	材料
玻璃钢	材料
方糖	材料
柞丝绸	材料
琨	材料
乙醇	材料
双股珠地	材料
混凝土防碳化涂料	材料
全羊毛纱	材料
珠地法国罗纹	材料
分散染料	材料
帛	材料
圈绒	材料
棉谷波领	材料
聚氨酯防水涂料	材料
木代尔密根拉架平纹	材料
抓毛卫衣	材料
潲水油	材料
棉夹纱珠地	材料
砂浆	材料
铁丝网	材料
样布单染	材料
天然树脂	材料
乙虫腈	材料
赛璐珞	材料
格子提花	材料
米通面料	材料
红糟	材料
茴蒿素	材料
烧花布	材料
酪蛋白磷酸肽	材料
数字资产	材料
涤网眼布	材料
自动间提花布	材料
防紫外线面料	材料
镪水	材料
甲酚	材料
间灰丝中色间平领	材料
天然纺织原料	材料
剃须膏	材料
粮油	材料
单纱灯拉	材料
混合氨基酸镁	材料
止滑布	材料
硅噻菌胺	材料
杀虫单	材料
朽木	材料
蔬根平拉	材料
精棉单卫衣	材料
生橡胶	材料
绫类	材料
棉双纱罗纹	材料
纯涤平纹拉架	材料
硅铝酸钠	材料
羽绒布	材料
木糖醇酐单硬脂酸酯	材料
毛玻璃	材料
毛晴纱	材料
棉花胎	材料
纯棉平纹布	材料
水泥浆	材料
净色珠地	材料
塑胶	材料
屋脊瓦	材料
脊瓦	材料
硅灰石	材料
米粉	材料
柴草	材料
二十碳烯酮	材料
纳米面料	材料
植绒	材料
硝酸钠	材料
楠木	材料
低聚糖素	材料
小格子	材料
棉领	材料
豆瓣楠	材料
机器油	材料
盐酸	材料
粗花呢	材料
面底棉不抓毛卫衣	材料
条网眼布	材料
疏根色纱排间平拉	材料
单面珠地	材料
烯丙苯噻唑	材料
稃	材料
木代尔密根平拉	材料
棉棉马眼布	材料
棉花灰双纱拉架	材料
氮肥	材料
氨基寡糖素	材料
杂布	材料
高压锅炉管	材料
灯芯	材料
低弹波比布	材料
人造丝氨纶	材料
夹层玻璃	材料
塑料	材料
南韩涤纶丝	材料
棉套	材料
高聚物快速结构修补料	材料
黄杨木	材料
轻石油	材料
室外厚型钢结构防火涂料	材料
春茶	材料
朱砂	材料
原棉	材料
茶	材料
竹节平纹棉	材料
氧化苦参碱	材料
棉拉架平纹八哥单	材料
璐	材料
色丁	材料
电敏纸	材料
丝绒	材料
软木	材料
普中板	材料
聚合物抗裂抹面砂浆	材料
液晶	材料
桤木	材料
柚木	材料
涤美丽	材料
棉灯芯	材料
薄型刨花板	材料
其他服装辅料	材料
棉横间平纹	材料
导汗直条	材料
沙司	材料
棉单面珠地	材料
木代尔横间密根平拉	材料
纱	材料
叶绿素铜钠盐叶绿素铜钾盐	材料
高聚物沥青防水涂料	材料
化学纤维	材料
细纱	材料
白报纸	材料
棉涤纶卫衣	材料
貂皮	材料
茶砖	材料
预深预鲜	材料
机油	材料
羊皮革	材料
泡沫镍	材料
甲拌磷	材料
棉双纱单珠	材料
碳纤维	材料
精棉罗拉	材料
帽绳	材料
制冷剂	材料
不碎玻璃	材料
地面砖	材料
双糖	材料
苯基苯酚钠盐	材料
氟啶虫酰胺	材料
毛边材	材料
锌合金	材料
山铁罗竹	材料
天然气	材料
琥珀酸二钠	材料
核酸	材料
浆糊	材料
虱螨脲	材料
灰质	材料
亚麻系列面料	材料
黑丝珠地	材料
棉涤移圈样品面布	材料
松碱柴油	材料
装饰布	材料
仿纸	材料
玉帛	材料
壬菌铜	材料
苯乙烯	材料
自然资源	材料
钢板	材料
棕毛	材料
精棉拉架平纹都德利单	材料
不发火细石混凝土	材料
柔性有机防火堵料	材料
蜂蜡	材料
煤气管	材料
罗纹打鸡布	材料
苯硫威	材料
乳糖	材料
全棉拉架平纹密根	材料
申嗪霉素	材料
绿茶	材料
棉纱	材料
单面拉架平纹布	材料
拉架平纹	材料
噁霜灵	材料
磁性瓷	材料
柈子	材料
棉密根拉架平纹单	材料
废钢	材料
铁环	材料
锰粉	材料
陶土	材料
衬衫料子	材料
毛边纸	材料
仲丁胺	材料
色丝珠地平纹布	材料
彩瓷	材料
尼龙丝	材料
铁链	材料
氢化油	材料
纺织加工	材料
氰氨化钙	材料
罗纹单染棉	材料
双胍三辛烷基苯磺酸盐	材料
盐	材料
液化天然气	材料
焊料	材料
无机肥料	材料
氯丹	材料
弹簧钢	材料
纯涤珠地布	材料
地虫硫磷	材料
填缝剂	材料
甲壳素纤维	材料
定向刨花板	材料
聚合物防腐砂浆	材料
渗透结晶防水涂料	材料
浴巾	材料
提花平纹	材料
聚羧酸减水剂	材料
涤抽针罗纹	材料
油灰	材料
棉棉间涤提花布	材料
钴酸锂	材料
异型钢	材料
甜面酱	材料
扁钢	材料
杀螨特	材料
毛毯	材料
花灰平拉	材料
号提花布	材料
棉棉间水波平纹	材料
砖坯	材料
色纱方砖布	材料
聚羧酸减水剂粉剂	材料
白甜菜糖	材料
二氧化铅	材料
绨	材料
人棉拉架平纹批	材料
蜡光纸	材料
高岭土	材料
青花瓷	材料
