毛呢帽	衣物
女式休闲皮鞋	衣物
男丝袜	衣物
儿童短袜	衣物
领带夹	衣物
鞋拔	衣物
保安帽	衣物
长统袜	衣物
人造革	衣物
牛皮革	衣物
雪地靴	衣物
羊皮革	衣物
后帮机	衣物
羊绒手套	衣物
高尔夫鞋	衣物
服饰代理	衣物
其他丝巾	衣物
驴皮革	衣物
运动鞋	衣物
练功鞋	衣物
减肥鞋	衣物
运动帽	衣物
鞋跟	衣物
鞋材化工	衣物
鞋垫	衣物
服饰加工	衣物
赛车帽	衣物
男包系列	衣物
靴子	衣物
其他童鞋	衣物
中统袜	衣物
袜子	衣物
多功能鞋	衣物
乾祥服饰旗舰店	衣物
结帮机	衣物
成品鞋代理	衣物
女包系列	衣物
运动手套	衣物
贝雷帽	衣物
游泳帽	衣物
丝袜裤	衣物
童鞋	衣物
鞋楦	衣物
钢包头工作鞋	衣物
剖层机	衣物
炎焱妖服饰	衣物
塑料拖鞋	衣物
马皮革	衣物
丝绒围巾	衣物
羊毛围巾	衣物
浸水助剂	衣物
合成胶粘剂	衣物
飞行鞋	衣物
仿羊绒围巾	衣物
保暖鞋	衣物
皮革加工设备	衣物
男式休闲布鞋	衣物
晴纶围巾	衣物
女式中靴	衣物
首饰包装	衣物
耐酸碱鞋	衣物
其他类型功能鞋	衣物
前帮机	衣物
光亮剂	衣物
涤丝提花领带	衣物
真丝大方巾	衣物
服饰项目合作	衣物
库存领带	衣物
男式凉鞋	衣物
其他运动帽	衣物
冰鞋	衣物
钓鱼帽	衣物
按摩鞋	衣物
其他生活帽	衣物
皮拖鞋	衣物
雨鞋	衣物
帽子手套二件套	衣物
军帽	衣物
其他运动手套	衣物
真丝印花领带	衣物
刻楦机	衣物
电工作鞋	衣物
裳尚芊	衣物
女式休闲仿皮鞋	衣物
男靴	衣物
其他皮革化学品	衣物
丝绒手套	衣物
库存鞋材	衣物
雪纺围巾	衣物
其他鞋底	衣物
涂饰剂	衣物
鞋辅件	衣物
制鞋设备	衣物
腰带	衣物
皮革	衣物
其他领带	衣物
门童帽	衣物
其他休闲鞋	衣物
围巾帽子手套套件	衣物
童运动鞋	衣物
猪皮革	衣物
一次性拖鞋	衣物
风雪帽	衣物
橡胶鞋底	衣物
婴儿鞋	衣物
皮帽	衣物
库存帽子	衣物
三角丝巾	衣物
领花	衣物
压底机	衣物
披肩	衣物
鱼皮革	衣物
鞋机配件	衣物
其他靴子	衣物
皮包头工作鞋	衣物
滑雪运动手套	衣物
自行车手套	衣物
其他皮革	衣物
女棉袜	衣物
鞋花	衣物
其他工作手套	衣物
穿刺饰	衣物
女式凉鞋	衣物
男棉袜	衣物
工作鞋	衣物
其他围巾帽子手套套件	衣物
高尔夫运动手套	衣物
乾祥	衣物
厨师帽	衣物
鞋油	衣物
五趾袜	衣物
人棉围巾	衣物
手饰	衣物
手套	衣物
防尘帽	衣物
围巾	衣物
丝巾	衣物
裘皮围巾	衣物
鞋模	衣物
工艺鞋	衣物
量革机	衣物
增高鞋	衣物
鞋扣	衣物
库存围巾	衣物
炎焱妖	衣物
浸灰剂	衣物
慢跑鞋	衣物
吊饰	衣物
沙滩鞋	衣物
鞋乳	衣物
针织工作手套	衣物
腰饰	衣物
鞋成型机	衣物
童拖鞋	衣物
生活帽	衣物
足球鞋	衣物
篮球鞋	衣物
女式休闲布鞋	衣物
脱脂剂	衣物
涂层工作手套	衣物
尼龙手套	衣物
男式正装皮鞋	衣物
帽子围巾二件套	衣物
女式高靴	衣物
儿童腰带	衣物
工作手套	衣物
鞋底	衣物
太阳帽	衣物
特种工作手套	衣物
真丝提花领带	衣物
橄榄球帽	衣物
制鞋机械	衣物
绒帽	衣物
职业帽	衣物
休闲鞋	衣物
织布腰带	衣物
鞋带	衣物
毛绒拖鞋	衣物
童靴	衣物
库存鞋	衣物
真皮女靴	衣物
真丝小方巾	衣物
民族帽	衣物
太阳镜	衣物
时装帽	衣物
女式正装皮鞋	衣物
普通针织手套	衣物
多功能擦地拖鞋	衣物
二手制鞋设备	衣物
腰带配件	衣物
棒球运动手套	衣物
毡帽	衣物
拖鞋	衣物
压花机	衣物
网羽运动鞋	衣物
凉鞋	衣物
头饰	衣物
其他未分类	衣物
其他功能鞋	衣物
围巾手套二件套	衣物
加脂剂	衣物
针织线帽	衣物
修鞋设备	衣物
高尔夫球帽	衣物
其他时尚配饰	衣物
金属腰带	衣物
鞋材鞋件	衣物
男式休闲皮鞋	衣物
仿皮带	衣物
布制工作手套	衣物
库存手套	衣物
童帽	衣物
男式休闲仿皮鞋	衣物
女短丝袜	衣物
男式正装仿皮鞋	衣物
鞋蜡	衣物
羊绒围巾	衣物
女式凉拖鞋	衣物
裁断机	衣物
仿丝大方巾	衣物
烂花绒围巾	衣物
其他库存服饰	衣物
钉跟机	衣物
脚饰	衣物
其他皮革加工设备	衣物
舞蹈鞋	衣物
高跟鞋	衣物
其他时装帽	衣物
其他工作鞋	衣物
鞋眼机	衣物
成品鞋加工	衣物
乾祥服饰	衣物
皮革化学品	衣物
其他鞋材化工	衣物
鞋钉	衣物
袋鼠皮革	衣物
帽子围巾手套三件套	衣物
安全帽	衣物
雨帽	衣物
皮制工作手套	衣物
塑料腰带	衣物
真皮带	衣物
其他凉鞋	衣物
乔丹篮球鞋	衣物
鞋件代理	衣物
仿丝小方巾	衣物
男式凉拖鞋	衣物
皮带扣	衣物
童皮鞋	衣物
儿童连裤袜	衣物
鞋材	衣物
仿丝长巾	衣物
连裤袜	衣物
防静电工作鞋	衣物
其他拖鞋	衣物
睡帽	衣物
棒球帽	衣物
挤水机	衣物
礼仪手套	衣物
摇立绒手套	衣物
涤丝印花领带	衣物
鞋件	衣物
其他正装鞋	衣物
鞣剂	衣物
成品鞋	衣物
库存服饰	衣物
服饰手套	衣物
正装鞋	衣物
帽子	衣物
鼓乐队帽	衣物
浸酸剂	衣物
女式低靴	衣物
童凉鞋	衣物
领结	衣物
乳胶工作手套	衣物
鞋件加工	衣物
护士帽	衣物
合成革	衣物
压合机	衣物
全棉围巾	衣物
其他鞋辅件	衣物
木拖鞋	衣物
皮革服饰手套	衣物
扣饰	衣物
真丝长巾	衣物
库存袜子	衣物
混纺围巾	衣物
片皮机	衣物
解放鞋	衣物
