巨款	货币
假币	货币
瓜拉尼	货币
银票	货币
日元	货币
林吉特	货币
美分	货币
黎巴嫩镑	货币
马拉维克瓦查	货币
里亚尔	货币
瑞典克朗	货币
银行存款	货币
假钱	货币
洛蒂	货币
兹罗提	货币
悬赏额	货币
约旦第纳尔	货币
阿富汗尼	货币
迪拉姆	货币
强势日元	货币
找头	货币
一元钞票	货币
银币	货币
美金	货币
优待券	货币
日圆	货币
铜子儿	货币
钢蹦儿	货币
元宝	货币
古铜币	货币
代币	货币
图格里克	货币
沙特	货币
硬货	货币
不良贷款	货币
利昂	货币
大洋	货币
伪钞	货币
外钞	货币
外汇储备	货币
信用放款	货币
银锭	货币
现汇	货币
钞	货币
赌资	货币
提成	货币
贷	货币
澳门币	货币
港纸	货币
马尔他里拉	货币
本币	货币
电子货币	货币
定期存款	货币
瑞士法朗	货币
银洋	货币
主币	货币
辅助货币	货币
人民币	货币
票子	货币
本位货币	货币
通货	货币
活期存款	货币
利比亚第纳尔	货币
余款	货币
一大把钱	货币
中非金融共同体法郎	货币
彩金	货币
加拿大元	货币
肯尼亚镑	货币
百慕大元	货币
现金	货币
悬赏	货币
钞票	货币
硬币	货币
土耳其里拉	货币
奥地利先令	货币
坦桑尼亚先令	货币
新币	货币
印度尼西亚卢比	货币
铜币	货币
付款	货币
零用现金	货币
新台币	货币
非洲金融共同体法郎	货币
冤枉钱	货币
福林	货币
新索尔	货币
几内亚法郎	货币
列弗	货币
银行券	货币
子	货币
科多巴	货币
克罗扎多	货币
善款	货币
重金	货币
格罗兹	货币
卢森堡法郎	货币
压岁钱	货币
卢旺达法郎	货币
列伊	货币
一分钱	货币
阿尔及利亚第纳尔	货币
澳大利亚元	货币
法郎	货币
玻利维亚诺	货币
科摩罗法郎	货币
比索	货币
押款	货币
现大洋	货币
塔卡	货币
津巴布韦元	货币
元	货币
加币	货币
荷兰盾	货币
银圆	货币
红包	货币
里拉	货币
英镑	货币
镪	货币
智利比索	货币
现钱	货币
便士	货币
赠款	货币
港币	货币
克瓦查	货币
多布拉	货币
大钱	货币
比尔	货币
贷款	货币
古钱	货币
金币	货币
洋	货币
刀币	货币
越盾	货币
私蓄	货币
纸票	货币
基普	货币
铜板	货币
瑞士法郎	货币
闲钱	货币
西班牙比塞塔	货币
补发付款	货币
伦皮拉	货币
赠金	货币
高利贷	货币
芬兰马克	货币
赏封	货币
韩币	货币
塞浦路斯镑	货币
特立尼达和多巴哥元	货币
本位币	货币
贯	货币
银钱	货币
摩洛哥迪拉姆	货币
丹麦克朗	货币
牙买加元	货币
巨资	货币
欧元	货币
比利时法郎	货币
比塞塔	货币
奥斯特拉尔	货币
克朗	货币
锱铢	货币
斯里兰卡卢比	货币
基那	货币
德国马克	货币
外币	货币
越南盾	货币
干净的钱	货币
贺仪	货币
铢	货币
现	货币
五元钞票	货币
纪念币	货币
零花钱	货币
美钞	货币
东加勒比元	货币
余钱	货币
泰铢	货币
澳元	货币
加元	货币
贺金	货币
房屋贷款	货币
零用	货币
塞迪	货币
埃斯库多	货币
活钱	货币
爱尔兰镑	货币
铸币	货币
努尔特鲁姆	货币
马克	货币
布隆迪法郎	货币
巴林第纳尔	货币
现洋	货币
铜元	货币
饭票	货币
新比索	货币
利比里亚元	货币
吉布提法郎	货币
百元钞票	货币
马达加斯加法郎	货币
镍币	货币
脏钱	货币
赃款	货币
零钱	货币
戈比	货币
货币	货币
铜钿	货币
零花	货币
冥钞	货币
袁大头	货币
埃及镑	货币
瑞尔	货币
新以色列谢克尔	货币
餐券	货币
新元	货币
苏丹镑	货币
中非金融合作法郎	货币
朝鲜元	货币
零吉	货币
现款	货币
钱币	货币
币	货币
优惠券	货币
尼泊尔卢比	货币
铜钱	货币
圭亚那元	货币
侨汇	货币
卢比	货币
哥伦比亚比索	货币
铜圆	货币
垫款	货币
助学贷款	货币
低息贷款	货币
苏里南盾	货币
索马里先令	货币
拉菲亚	货币
科郎	货币
聘金	货币
塞舌尔卢比	货币
银两	货币
港元	货币
汇款	货币
伪币	货币
零用钱	货币
苏克雷	货币
钱	货币
印度卢比	货币
辅币	货币
一大笔	货币
流通券	货币
奈拉	货币
巴基斯坦卢比	货币
无息贷款	货币
第纳尔	货币
圆	货币
零票	货币
美元	货币
半美元	货币
梅蒂卡尔	货币
假钞	货币
外汇存底	货币
宽扎	货币
新加坡元	货币
格查尔	货币
冥币	货币
喜钱	货币
外汇	货币
缅元	货币
巴波亚	货币
银元	货币
伊拉克第纳尔	货币
房贷	货币
古币	货币
留成外汇	货币
硬通货	货币
布票	货币
大票	货币
镑	货币
德拉克马	货币
韩元	货币
小钱	货币
捐款	货币
钱款	货币
赏金	货币
也门第纳尔	货币
先令	货币
冰岛克朗	货币
台币	货币
玻利瓦尔	货币
阿曼里亚尔	货币
英磅	货币
里兰吉尼	货币
普拉	货币
挪威克朗	货币
二十元钞票	货币
乌干达先令	货币
边币	货币
还款	货币
现钞	货币
两元钞票	货币
卢布	货币
新西兰元	货币
