骨间掌侧肌	身体
左房静脉	身体
眶骨膜	身体
贲门淋巴环	身体
外踝关节面	身体
巩膜	身体
股外侧浅静脉	身体
肩胛上神经	身体
前鼻棘	身体
梨状肌囊	身体
牙合面	身体
岩枕裂	身体
胰十二指肠下淋巴结	身体
鼻切迹	身体
关节突	身体
肩胛提肌	身体
中间腱	身体
镫骨肌支	身体
夹合缝	身体
胰大动脉	身体
肺动脉口	身体
臂前区	身体
垂体	身体
梨状肌	身体
背侧面	身体
脑回压迹	身体
旋股内侧静脉	身体
基本组织	身体
小脑后叶	身体
橄榄后区	身体
大角	身体
臀上动脉	身体
虹膜	身体
肺动脉窦	身体
掌骨间隙	身体
结膜后外侧动脉	身体
颈后区	身体
鼻副软骨	身体
前室间支	身体
腋区	身体
旋肩胛静脉	身体
球囊	身体
形骸	身体
前外侧核	身体
肱尺关节	身体
肋头	身体
枕缘	身体
髂棘	身体
大圆肌腱下囊	身体
舌下神经管内口	身体
额中回	身体
网膜囊下隐窝	身体
中结肠静脉	身体
染色质	身体
枕内隆突	身体
指掌侧总动脉	身体
胃右静脉	身体
唇面	身体
下颌底	身体
穿静脉	身体
子宫颈阴道上部	身体
下颌颈	身体
前庭窗	身体
肋横突外侧韧带	身体
脊髓圆锥	身体
尾状叶	身体
小腿后肌间隔	身体
耳区	身体
深静脉	身体
主动脉弓	身体
筛沟	身体
腓骨长肌	身体
椎动脉	身体
伸肌	身体
颞下嵴	身体
有机质	身体
三叉神经节	身体
耳甲	身体
上半月小叶	身体
穹窿连合	身体
后膜壶腹	身体
腹膜	身体
环杓关节	身体
胰十二指肠上淋巴结	身体
腰曲	身体
交感根	身体
牙槽管	身体
颞下回	身体
茎突凸	身体
突触后部	身体
苍白球支	身体
尾头核	身体
骨迷路	身体
椎弓板	身体
肋锁韧带	身体
血窦	身体
距骨	身体
消化器	身体
臀上淋巴结	身体
儿茶酚胺能神经元	身体
枕外嵴	身体
中轴骨	身体
漏斗核	身体
蝶岩结合	身体
中脑顶盖	身体
腭帆张肌囊	身体
舌下神经管	身体
前部	身体
视前内侧核	身体
灰被	身体
脑桥尾侧网状核	身体
下矢状窦	身体
第一跖骨粗隆	身体
喉小囊	身体
内颗粒层	身体
股直肌	身体
外上髁	身体
膈下静脉	身体
对耳屏肌	身体
脊柱变异	身体
头侧	身体
三叉丘脑束	身体
三角胸肌淋巴结	身体
喉下静脉	身体
包皮腺	身体
大脑皮质	身体
骰骨粗隆	身体
巩膜角膜部	身体
上肢深静脉	身体
尿道	身体
杓间襞	身体
腮腺内丛	身体
胞体	身体
房室静脉	身体
后壁	身体
会阴浅间隙	身体
副神经核	身体
肠系膜上淋巴结	身体
中缝核	身体
赤道	身体
乳头体前核	身体
鼓室小房	身体
附睾管	身体
蜗管隐窝	身体
下丘	身体
膜板	身体
背侧纵束	身体
肠干	身体
舌深动脉	身体
阴茎海绵体神经	身体
足心静脉	身体
舌动脉	身体
十二指肠支	身体
指滑膜鞘	身体
膜化骨	身体
菱形窝	身体
白线支座	身体
髌下支	身体
后正中线	身体
上肢骨	身体
齿状线	身体
腕骨	身体
后角边缘核	身体
脚间池	身体
结肠左曲	身体
顶孔	身体
腮腺筋膜	身体
翼突内外侧板	身体
外唇	身体
小趾短屈肌	身体
肩峰	身体
满身	身体
前关节面	身体
股骨头凹	身体
额叶前静脉	身体
趾骨间关节	身体
肛门外括约肌	身体
鼻翼	身体
前庭水管静脉	身体
外侧板	身体
臂丛	身体
椎神经节	身体
内侧嗅回	身体
比肌力	身体
肋巴扇儿	身体
膀胱旁窝	身体
后层	身体
蜗窗小窝	身体
屈戍关节	身体
听小骨肌	身体
尿道外口	身体
腓肠神经	身体
胫骨粗隆	身体
腹壁下静脉	身体
上肢肌	身体
胸外侧静脉	身体
桡侧	身体
基底沟	身体
头正中静脉	身体
嗅三角	身体
耳郭横肌	身体
近节趾骨	身体
腔隙韧带	身体
滑膜绒毛	身体
顶缘	身体
肱骨	身体
后柱	身体
可塑性	身体
前半月瓣	身体
后膜半规管	身体
肺循环	身体
下颌支	身体
第三脑室脉络丛支	身体
前唇	身体
胰丛	身体
足底内侧神经	身体
效应器	身体
阔肌	身体
外淋巴	身体
会阴深间隙	身体
大细胞部	身体
茎突舌骨肌支	身体
关节盂	身体
鼻棘	身体
腭腺	身体
咽扁桃体	身体
中脑动脉	身体
外侧网状核	身体
前正中线	身体
食管压迹	身体
大脑横裂	身体
颈中心神经	身体
趾足底固有神经	身体
精曲小管	身体
乙状结肠间隐窝	身体
枕下静脉丛	身体
骶岬淋巴结	身体
丘纹上静脉	身体
屈肌支持带	身体
穹窿柱	身体
骶椎	身体
乳头被盖束	身体
掌骨间	身体
锤骨后襞	身体
齿状核门	身体
转子间线	身体
中央后沟	身体
后身	身体
中间楔骨	身体
外侧嗅回	身体
骺线	身体
侧脑室外侧静脉	身体
屁股蛋儿	身体
泪上颌缝	身体
副隐静脉	身体
咬肌粗隆	身体
喙突	身体
髓鞘染色	身体
胼胝体背侧支	身体
乳突导静脉	身体
肩胛切迹	身体
胃丛	身体
下腔静脉口	身体
卫星细胞	身体
桡侧腕短伸肌囊	身体
胫腓关节	身体
横支	身体
内含物	身体
趾背静脉	身体
腔隙中间淋巴结	身体
矢状面	身体
损毁法	身体
骶尾后浅韧带	身体
顶盖延髓束	身体
乳突切迹	身体
大脑大静脉	身体
骨化中心	身体
肾实质	身体
下丘连合	身体
输卵管子宫口	身体
跖骨足底韧带	身体
肋横突上韧带	身体
感受器	身体
白线	身体
睾丸网	身体
胆囊窝	身体
鼻后外侧动脉	身体
间骨板	身体
髌下深囊	身体
桶状胸	身体
环状韧带	身体
三叉神经脊束	身体
舌神经	身体
杓斜肌	身体
颈支	身体
颞突	身体
鼓膜张肌	身体
大脑	身体
联合腱	身体
遍体	身体
咽鼓管咽肌	身体
小脑半球	身体
滑车棘	身体
肋颈	身体
额板障静脉	身体
乳头	身体
腹膜隐窝	身体
锁骨上中间神经	身体
睑前缘	身体
胼胝体缘动脉	身体
足底内外侧神经	身体
短屈肌	身体
脾静脉	身体
肝胰襞	身体
盲部	身体
蜗区	身体
胸骨支	身体
攀缘纤维	身体
骶段	身体
十二指肠水平部	身体
尾状核尾	身体
阴茎海绵体白膜	身体
后内侧核	身体
枕外隆凸	身体
角切迹	身体
心内膜下支	身体
颈下心支	身体
乳头脚	身体
缰外侧核	身体
听诊三角	身体
颈最长肌	身体
界沟	身体
膝横韧带	身体
前庭水管内口	身体
肩带	身体
掌心静脉	身体
心最小静脉孔	身体
硬膜外隙	身体
精阜	身体
精囊	身体
颏区	身体
后段支气管	身体
阴茎海绵体小梁	身体
龙体	身体
网状脊髓束	身体
收展	身体
人体解剖学	身体
耳屏板	身体
前极	身体
段内部	身体
腰棘间肌	身体
被盖中央束	身体
肩胛区	身体
垂体柄	身体
前庭大腺	身体
胫距前部	身体
骶粗隆	身体
上唇动脉	身体
提口角肌	身体
海马槽	身体
半膜肌	身体
附睾附件	身体
腮腺深淋巴结	身体
盆筋膜腱弓	身体
耳前淋巴结	身体
锤骨	身体
踝窝	身体
颏支	身体
头外侧直肌	身体
泪襞	身体
胡须	身体
鼓沟	身体
胫骨前肌	身体
右肺下静脉	身体
肾支	身体
阴茎头	身体
睾丸	身体
泪鼻甲缝	身体
房室口	身体
掌深弓	身体
腱系膜	身体
鸡冠翼	身体
面深静脉	身体
甲状腺上下动脉	身体
左房斜静脉	身体
冈上肌	身体
叶下部	身体
骶髂关节	身体
寰枕关节	身体
腕掌关节	身体
前壶腹神经	身体
前庭支	身体
椎板	身体
无机质	身体
颈深静脉	身体
指骨	身体
砧锤关节	身体
臀前线	身体
颞中动脉沟	身体
陴	身体
蜗轴纵管	身体
侧柱	身体
下唇系带	身体
大多角骨	身体
子宫颈管	身体
鼻外静脉	身体
神经移植	身体
肝镰状韧带	身体
顶叶前动脉	身体
骶外侧动脉	身体
左下肺静脉	身体
约束弓	身体
锁骨下窝	身体
横嵴	身体
顶骨	身体
蜗顶	身体
神经丛	身体
桡侧副动脉	身体
腘浅淋巴结	身体
岩小神经沟	身体
左房室口	身体
腘斜韧带	身体
黄骨髓	身体
关节盂唇	身体
女性内生殖器官	身体
右缘	身体
下颌下淋巴结	身体
跟骨小结节	身体
髌下皮下囊	身体
咽周间隙	身体
腹肌	身体
交感神经节	身体
肝胰壶腹括约肌	身体
鼓室神经	身体
硬膜下隙	身体
肛窦	身体
视网膜鼻侧下小动脉	身体
股薄肌	身体
跗内侧动脉	身体
管内部	身体
下颌下三角	身体
舌底神经节	身体
掌远纹	身体
气管静脉	身体
小角	身体
解剖颈	身体
胰切迹	身体
背侧结节	身体
髂前上下棘	身体
终结	身体
髋骨的固有韧带	身体
扣带回峡	身体
空肠	身体
肌肉群	身体
外侧丘系	身体
腭鞘管	身体
人中	身体
臀淋巴结	身体
小动静脉吻合	身体
旁正中网状核	身体
舟关节面	身体
颞叶前支	身体
三角骨	身体
下项线	身体
右三角韧带	身体
拇对掌肌	身体
茎乳突	身体
上唇系带	身体
网状纤维	身体
玻璃体液	身体
胆碱能神经元	身体
睑板腺	身体
茎突舌肌	身体
耳轮棘	身体
浮尸	身体
蜗水管静脉	身体
切缘	身体
肋横突关节	身体
瞳孔括约肌	身体
后壶腹神经	身体
内眦	身体
第二肝门	身体
臀区	身体
前磨牙	身体
视网膜颞侧下小静脉	身体
视神经管口	身体
阑尾集合淋巴滤泡	身体
囊状隐窝	身体
小脑下静脉	身体
动眼神经	身体
椎内静脉丛盆部	身体
冠状轴	身体
连续突触	身体
项横肌	身体
比目鱼肌线	身体
骨性鼻腔	身体
枕钳	身体
脊神经沟	身体
掌浅静脉弓	身体
骨皮质	身体
半月裂孔	身体
下丘脑外侧区	身体
前脑内侧束	身体
弓状隆起	身体
副甲状腺	身体
外耳道软骨	身体
软骨内成骨	身体
右肋间上静脉	身体
盲肠前动脉	身体
骨盆腔	身体
鼻后孔	身体
中央小叶翼	身体
结肠压迹	身体
甲状舌骨正中韧带	身体
板股前韧带	身体
骨螺旋板	身体
对掌运动	身体
腓骨头前韧带	身体
冠状窦	身体
股四头肌	身体
支气管静脉	身体
耻骨弓	身体
髌外侧支持带	身体
上牙丛	身体
上牙弓	身体
中央沟动脉	身体
双轴关节	身体
肉柱	身体
前囟点	身体
肱二头肌长头腱	身体
耳郭锥状肌	身体
外侧隐窝	身体
动脉圆锥	身体
乳突缘	身体
心尖切迹	身体
胃小凹	身体
翼管支	身体
颞深动脉	身体
膝上内侧动脉	身体
右结肠淋巴结	身体
内耳道	身体
翼状壁	身体
颧上颌缝	身体
牙槽	身体
耳轮	身体
卵巢窝	身体
咽鼓管骨部	身体
缰三角	身体
体毛	身体
锤骨前襞	身体
后尖	身体
第二趾	身体
枕腹	身体
大体解剖学	身体
视神经内鞘	身体
肺韧带	身体
掌侧韧带	身体
髁间前区	身体
睑鼻襞	身体
隆椎	身体
肩峰下囊	身体
前突	身体
瞳孔开大肌	身体
乳晕腺	身体
中央沟	身体
胸锁乳突肌区	身体
侧屈	身体
臀大肌坐骨囊	身体
第四脑室脉络组织	身体
多羽肌	身体
右房静脉	身体
近侧	身体
纤维连结	身体
鼓膜张肌神经	身体
迷走神经前干	身体
脑桥核	身体
上颌静脉	身体
足趾底面	身体
混合神经	身体
大隐静脉	身体
肌支	身体
肋长提肌	身体
筛泪缝	身体
乳头孔	身体
副闭孔动脉	身体
下根	身体
长脚	身体
腚	身体
直窦	身体
胸廓内静脉	身体
小趾对跖肌	身体
距骨头	身体
尖淋巴结	身体
坐骨肛门窝脂体	身体
腭沟	身体
底丘脑核	身体
距小腿前区	身体
耻骨膀胱韧带	身体
胯裆	身体
枕颞支	身体
豆核束	身体
眶下缘	身体
前庭嵴	身体
初级骨化中心	身体
灰质前连合	身体
侧副韧带	身体
脉络丛下静脉	身体
后部	身体
前臂后皮神经	身体
输乳管	身体
舌根	身体
泪缘	身体
丘脑前辐射	身体
内侧髁	身体
椎静脉	身体
拇主要动脉	身体
扪触	身体
丘脑豆状核部	身体
闭孔淋巴结	身体
尿道球静脉	身体
奇神经节	身体
终丝	身体
鼻后上外侧支	身体
膀胱下动脉	身体
腘肌	身体
阑尾口	身体
斜方肌	身体
贲门	身体
髂窝	身体
膈结肠韧带	身体
段间部	身体
胆囊三角	身体
跖屈	身体
腹股沟外侧窝	身体
上纵肌	身体
蝶窦	身体
肋软骨连结	身体
柄胸联合	身体
腕骨间关节	身体
睾丸动静脉	身体
缘部	身体
胸肋辐状韧带	身体
体	身体
尿道内口	身体
旋转	身体
外侧支	身体
脑桥动脉	身体
右肺水平裂	身体
岛阈	身体
星形胶质细胞	身体
附睾上韧带	身体
前列腺底	身体
白质前连合	身体
单孔	身体
桡切迹	身体
下颌关节	身体
外科解剖学	身体
桡侧副韧带	身体
胰支	身体
下丘臂	身体
丘脑下脚	身体
室间隔	身体
上肢	身体
镫骨底	身体
尼氏体	身体
阴蒂悬韧带	身体
幽门平面	身体
尺骨滑车切迹	身体
耻骨结节	身体
内面	身体
面动脉	身体
外侧核群	身体
手背筋膜	身体
内侧苍白球	身体
横部	身体
腘静脉	身体
交叉前沟	身体
耻骨前列腺肌	身体
足底内侧动脉	身体
丘脑间黏合	身体
颈内静脉二腹肌淋巴结	身体
颈动脉沟	身体
脑桥	身体
耳郭肌	身体
月状面	身体
椎骨数目变异	身体
颈回旋肌	身体
周围神经	身体
小动脉	身体
咽鼓管咽襞	身体
眦动脉	身体
上端	身体
小斜角肌	身体
窦房结支	身体
鼻肌	身体
胆囊淋巴结	身体
大结节嵴	身体
掌骨掌侧韧带	身体
小细胞部	身体
髁管	身体
外侧髁上嵴	身体
淋巴管	身体
小骨盆	身体
腓静脉	身体
脊髓小脑后束	身体
房室瓣	身体
脊髓前动脉	身体
髂肌腱下囊	身体
第三脑室脉络组织	身体
山坡	身体
喉上神经	身体
胸骨部	身体
髋臼	身体
脊髓后动脉	身体
前列腺	身体
旋髂深动脉	身体
女尿道	身体
传导通路	身体
筛后动脉	身体
丘脑枕	身体
髂外淋巴结	身体
岛静脉	身体
睫状缘	身体
眉体头尾	身体
肛门	身体
蝶鞍	身体
延髓内侧支	身体
耳郭软骨	身体
面颅骨	身体
女尸	身体
顶下沟	身体
松质	身体
有髓神经纤维	身体
肩肌	身体
坐骨支	身体
外直肌	身体
翼状襞	身体
尿道陷窝	身体
心房吻合支	身体
泌尿器	身体
右上肢	身体
下睑板	身体
胫骨后肌腱鞘	身体
软骨结合	身体
肾盂	身体
辐射冠	身体
甲状腺下动脉	身体
外侧底段支气管	身体
前臂肌	身体
位觉砂膜	身体
后束	身体
肝冠状韧带	身体
大脑轭	身体
网膜带	身体
肺底	身体
核液	身体
椭圆球囊管	身体
气管隆嵴	身体
距下关节	身体
腕后区	身体
尺侧上副动脉	身体
横头	身体
耳轮大肌	身体
支气管树	身体
导水管周围灰质	身体
唇前连合	身体
内囊支	身体
胰十二指肠上动脉	身体
斜径	身体
环枢关节	身体
动眼神经根	身体
中央外侧核	身体
鼻根	身体
腕掌支	身体
肌头	身体
镫骨肌	身体
内脏	身体
小脑	身体
距跟外侧韧带	身体
膀胱子宫陷凹	身体
鞍背	身体
球囊神经	身体
肋膈隐窝	身体
听辐射	身体
核糖体	身体
呼吸器	身体
降支	身体
骨髓	身体
上半规管	身体
前膜半规管	身体
黄斑下小静脉	身体
丘脑带	身体
肋胸膜	身体
腭上颌缝	身体
内脏大神经	身体
腕骨间骨间韧带	身体
髌前腱下囊	身体
颅囟	身体
耳舟隆起	身体
跟骨结节外侧突	身体
蜗螺旋管	身体
额窦	身体
舌咽部	身体
外耳道	身体
背侧被盖核	身体
脊髓段动脉	身体
肋部	身体
蝶棘	身体
滋养管	身体
旁开叉	身体
足背	身体
视网膜视部	身体
咽隐窝	身体
前底段	身体
肝右管	身体
足底外侧动脉	身体
阴茎背	身体
泪湖	身体
自主神经胸部	身体
后弓	身体
耳郭上韧带	身体
消化管	身体
脊神经干	身体
次级骨化中心	身体
肺食管旁淋巴结	身体
矢状轴	身体
肾压迹	身体
内唇	身体
环状软骨咽韧带	身体
下颌后静脉	身体
鱼际纹	身体
上固定	身体
鼻背	身体
腕管	身体
肝十二指肠韧带	身体
腹内侧核	身体
中央	身体
内侧壁	身体
楔前叶	身体
腭舌弓	身体
下泌涎核	身体
额叶底内侧动脉	身体
肌体	身体
膝后区	身体
肛直肠线	身体
乳	身体
椎静脉丛	身体
迷走神经后干	身体
耳前神经	身体
股四头肌腱	身体
后外侧核	身体
胃后动脉	身体
阴道前庭	身体
三角襞	身体
穹窿下器	身体
深部	身体
左肺上叶	身体
股二头肌	身体
纵隔后淋巴结	身体
胸锁关节	身体
掌骨体	身体
半环线	身体
颞下沟	身体
感觉神经	身体
透明隔后静脉	身体
豆钩韧带	身体
上颌面	身体
前列腺纤维囊	身体
方形小叶前部	身体
缘嵴	身体
尿生殖膈	身体
腮腺管	身体
肾上腺下动脉	身体
右卵巢静脉	身体
脑桥小脑纤维	身体
四分法	身体
头肩肘手胯膝足	身体
髂肋肌	身体
胆囊静脉	身体
垂直轴	身体
腓动脉	身体
后房	身体
反转韧带	身体
嵌合	身体
咽支	身体
清亮囊泡	身体
膀胱后淋巴结	身体
腹侧核群	身体
下壁	身体
输尿管间襞	身体
后室间支	身体
神经节支	身体
股后皮神经	身体
内侧膝状体核	身体
脊膜支	身体
室管膜	身体
穿皮神经	身体
尺骨冠突	身体
滑车切迹	身体
肩胛下支	身体
肋沟	身体
蚓上静脉	身体
尿生殖膈上筋膜	身体
尺神经掌支	身体
后半月瓣	身体
面神经颊支	身体
前囟	身体
内侧丘系交叉	身体
旋外	身体
卵巢固有韧带	身体
非对称突触	身体
寰枢外侧关节	身体
子宫动脉	身体
颏棘	身体
基底层	身体
眼球	身体
脑神经	身体
下腹部	身体
齿突凹	身体
后半规管	身体
颧眶动脉	身体
足背静脉弓	身体
前脚	身体
前庭锥体	身体
斜方韧带	身体
动脉环	身体
骶前孔	身体
动脉韧带淋巴结	身体
颈外动静脉脉	身体
腘面	身体
翼肌凹	身体
胫后动脉	身体
前缘	身体
后角球	身体
输精管壶腹	身体
右缘静脉	身体
正中核	身体
皱眉肌	身体
茎乳静脉	身体
枕支	身体
枕下神经	身体
硬脑膜窦	身体
横径	身体
外颗粒层纹	身体
视网膜睫状体部	身体
二腹肌	身体
乳突窦入口	身体
阴囊后神经	身体
髂结节	身体
中间神经节	身体
臂外侧上皮神经	身体
会阴深横肌	身体
指掌侧固有神经	身体
前庭上区	身体
阴茎	身体
臀部	身体
外侧髁上线	身体
髋臼唇	身体
右腰淋巴结	身体
乳房下区	身体
迷走神经耳支交通支	身体
隔侧尖	身体
膀胱外侧淋巴结	身体
水平裂	身体
海绵窦支	身体
胃小弯	身体
头长肌	身体
肱二头肌	身体
颞肌嵴	身体
尖顶	身体
枕额肌	身体
口角	身体
晶状体后面	身体
耳轮切迹肌	身体
晶状体赤道	身体
正中弓状韧带	身体
方叶	身体
交叉上核	身体
矮胖型	身体
橄榄	身体
乳突角	身体
囊支	身体
尸	身体
假单极	身体
下橄榄核门	身体
四肢骨	身体
外侧段支气管	身体
泪腺	身体
晶状体质	身体
骨小梁	身体
主支气管	身体
马尾	身体
球状核	身体
胸膜肺区	身体
喉上神经内外支	身体
枕内结合	身体
鳞乳突缝	身体
喉结皮下囊	身体
右下肺静脉	身体
下身	身体
肝总管	身体
伸肌下支持带	身体
尖段	身体
肩胛下神经	身体
睑内侧连合	身体
肾上腺	身体
脾切迹	身体
单关节	身体
右结肠静脉	身体
咬肌	身体
指骨底	身体
蝶导静脉孔	身体
左腹下神经	身体
胃左静脉	身体
耳后肌	身体
切牙管	身体
颈外动脉神经	身体
身体	身体
颞上下沟	身体
阴蒂脚	身体
会阴缝	身体
胸导管	身体
蜗背侧核	身体
肋下神经	身体
小脑镰	身体
耵聍	身体
闭塞部	身体
籽骨	身体
后跟关节面	身体
膈面	身体
肋间血管	身体
髂外动静脉	身体
蝶枕结合	身体
耳下淋巴结	身体
纵隔支	身体
主动脉后淋巴结	身体
迷路动脉	身体
气管支气管上淋巴结	身体
锁骨上窝	身体
提肛肌	身体
激素	身体
堆积	身体
接触抑制	身体
髋臼切迹	身体
肝蒂	身体
右缘支	身体
软腭	身体
上颌牙槽突	身体
胸内筋膜	身体
杓状软骨底	身体
肘窝	身体
椭圆囊斑	身体
单极神经元	身体
胃支	身体
筛骨垂直板	身体
前列腺窦	身体
幽门窦	身体
胎毛	身体
骺软骨	身体
甲下皮	身体
泪骨	身体
骶尾后深韧带	身体
电突触	身体
外踝前动脉	身体
海马沟	身体
喙肩韧带	身体
喉下神经交通支	身体
多裂肌	身体
阴蒂筋膜	身体
腓浅神经	身体
脊髓根	身体
内侧嵴	身体
上颌骨	身体
毛流	身体
膈神经	身体
前伸	身体
内侧段动脉	身体
第一肋胸肋结合	身体
骶棘韧带	身体
肋结节	身体
外侧结节	身体
晶状体皮质	身体
股中间肌	身体
底段下静脉	身体
横窦沟	身体
睫后长动脉	身体
腱划	身体
对称突触	身体
下丘脑脊髓纤维	身体
舌下阜	身体
耳郭韧带	身体
肛柱	身体
茎突咽肌支	身体
股丛	身体
虹膜大环	身体
背阔肌	身体
回肠	身体
奥奴弗罗维奇核	身体
延髓网状脊髓束	身体
中介核	身体
滑车神经支	身体
腭圆枕	身体
骶管裂孔	身体
板障	身体
前半身	身体
足趾背面	身体
绒球脚	身体
阑尾动脉	身体
眼球壁	身体
骨膜	身体
肺泡	身体
跖骨间隙	身体
腰方肌	身体
右腰干	身体
菱形肌	身体
结节核	身体
跗骨间关节	身体
胃底	身体
小腿骨间膜	身体
子宫右角	身体
复羽状肌	身体
眶突	身体
脑根	身体
颈丛	身体
内侧部	身体
海绵体静脉	身体
下颌管	身体
锁骨下肌	身体
鼻上颌缝	身体
肩胛颈	身体
侧副三角	身体
腹部	身体
男性外生殖器官	身体
大翼	身体
跟外侧支	身体
软骨间连结	身体
外膜	身体
腰丛	身体
直小动脉	身体
顶叶静脉	身体
前单腿开叉	身体
尺腕掌侧韧带	身体
蝶嘴	身体
结肠系膜淋巴结	身体
房水	身体
额切迹	身体
胰颈	身体
肌浆	身体
内分泌系统垂直轴	身体
胆囊管	身体
齿状丘脑束	身体
股外侧皮神经	身体
甲状颈干	身体
髂支	身体
面颅	身体
胃十二指肠动脉	身体
臀中皮神经	身体
最后区	身体
豆状核下部	身体
颧神经交通支	身体
足底深动脉	身体
脉管丛	身体
后端	身体
被盖	身体
阴蒂深静脉	身体
前交通动脉	身体
神经系	身体
原发骨化点	身体
平行肌	身体
骨细胞	身体
舌下神经管静脉丛	身体
腹股沟淋巴结	身体
收肌	身体
红核	身体
泪突	身体
大脑窝	身体
脊髓后静脉	身体
胸骨的锁切迹	身体
甲状腺中静脉	身体
口裂	身体
岩枕软骨结合	身体
岩小神经	身体
环池	身体
肋头关节内韧带	身体
后唇	身体
下颌下腺	身体
肝门	身体
动眼神经核	身体
脐内侧韧带	身体
锁骨下静脉	身体
枕骨髁	身体
肌腹	身体
方形韧带	身体
膛	身体
腓骨长肌腱沟	身体
犁鼻软骨	身体
胫骨粗隆皮下囊	身体
下颌舌骨肌	身体
皮质核束	身体
隆起	身体
短纽	身体
道上小凹	身体
阑尾淋巴结	身体
锯状缘	身体
环状软骨气管韧带	身体
肾副动脉	身体
膝下内侧动脉	身体
鼓膜前隐窝	身体
下颌切迹	身体
牙周纤维	身体
腹股沟管	身体
髂内动静脉	身体
肌皮神经	身体
骨胶原纤维束	身体
椭圆囊	身体
胸锁乳突肌	身体
舌骨舌肌	身体
中线核群	身体
膝关节	身体
短骨	身体
耳支	身体
枕内隆凸	身体
后股	身体
三叉神经脑桥核	身体
腹上区	身体
肢骨外上髁	身体
生殖股神经生殖支	身体
肌部	身体
甲状腺峡部	身体
乙状结肠淋巴结	身体
腓骨肌上支持带	身体
冠状位	身体
垂直	身体
原小脑	身体
豆核襻	身体
上前段动脉	身体
大脑回	身体
副突	身体
肛门内括约肌	身体
消化腺	身体
中缝苍白核	身体
长屈肌腱沟	身体
耳郭前韧带	身体
缝匠肌	身体
尖牙隆起	身体
髂腰韧带	身体
迟牙	身体
乳头体核	身体
腔静脉窦	身体
右板	身体
扣带回	身体
舌下动脉	身体
边缘系	身体
脑蛛网膜	身体
椎间关节	身体
腚沟	身体
寰枢关节	身体
支气管肺门淋巴结	身体
纵隔静脉	身体
内侧纵束	身体
腹下丛	身体
肋纵隔隐窝	身体
腭小孔	身体
前室间静脉	身体
外半规管凸	身体
舌下腺大管	身体
心室静脉	身体
腭扁桃体	身体
鼻毛	身体
跖趾关节	身体
蝶轭	身体
输卵管壶腹	身体
中鼻道	身体
颞叶中间支	身体
膜壁	身体
跗骨背侧韧带	身体
断面解剖学	身体
尿道动脉	身体
骶神经节	身体
缰连合	身体
喉上神经内支交通支	身体
睫状静脉	身体
阴蒂	身体
睫状短神经	身体
黄斑下小动脉	身体
髁间外恻结节	身体
肝中静脉	身体
胼胝体嘴	身体
直部	身体
尺侧腕伸肌腱鞘	身体
内侧背核	身体
触觉小珠	身体
颞深后动脉	身体
缰核脚间束	身体
子宫颈阴道部	身体
基底静脉	身体
鼻嵴	身体
膈下淋巴结	身体
桡侧腕长伸肌	身体
横切面	身体
外侧皮支	身体
后段动脉	身体
房室支	身体
脂肪囊	身体
卵圆孔静脉丛	身体
巨细胞网状核	身体
带状层	身体
外侧苍白球	身体
睫状神经支	身体
耳屏上结节	身体
上甲状旁腺	身体
咽鼓管圆枕	身体
会厌软骨	身体
单轴关节	身体
头棘肌	身体
视网膜鼻侧上小动脉	身体
晶状体囊	身体
右叶	身体
肩锁韧带	身体
盆膈下筋膜	身体
后角底	身体
脑膜返支	身体
虹膜角膜角	身体
脑膜支交通支	身体
前外侧囟	身体
下甲状旁腺	身体
半关节面	身体
睑内侧动脉	身体
脑桥中缝	身体
跖骨底	身体
小叶间静脉	身体
子宫	身体
横弓	身体
鼻外侧支	身体
胸骨结合	身体
室间孔	身体
掌骨背侧韧带	身体
旋后	身体
下筛斑	身体
骶髂前韧带	身体
间脑	身体
结肠支	身体
前腺支	身体
底丘脑	身体
骨间前静脉	身体
气血屏障	身体
食管颈段	身体
垂体上动脉	身体
味蕾	身体
齿状韧带	身体
骶尾外侧韧带	身体
乳峰	身体
足背中间皮神经	身体
颞上沟	身体
枕大神经	身体
锁骨上神经	身体
内侧底段	身体
睑外侧动脉	身体
下颌体	身体
冠状动脉	身体
移动	身体
翼切迹	身体
上牙槽后动脉	身体
外板	身体
拇长伸肌	身体
椎间面	身体
神经通路	身体
前支	身体
中枢支	身体
脚桥被盖网状核	身体
浅支	身体
端脑	身体
蝶筛隐窝	身体
声门裂	身体
斜坡	身体
外侧部	身体
嗅束沟	身体
颧支	身体
下后锯肌	身体
鼓室上隐窝	身体
节前神经纤维	身体
扁桃体上窝	身体
第三脑室脉络丛	身体
气管软骨	身体
鹰嘴腱内囊	身体
基底外侧部	身体
阴毛	身体
膈下动脉	身体
鹰嘴窝	身体
上唇	身体
筛后孔	身体
房间隔	身体
外髓板	身体
腹壁浅静脉	身体
前庭面	身体
髂耻弓	身体
脑桥横行纤维	身体
翼外肌	身体
咽后间隙	身体
胃网膜左淋巴结	身体
心丛	身体
腰身	身体
腓骨头	身体
总腱环	身体
浅筋膜	身体
骨胶原纤维	身体
鼻内支	身体
腱膜	身体
小细胞网状核	身体
睑内侧韧带	身体
腓深神经	身体
前交叉韧带	身体
肾筋膜	身体
膀胱垂	身体
骨骼	身体
鼻旁窦	身体
十二指肠悬肌	身体
睑前面	身体
耻骨间盘	身体
脊柱静脉	身体
延髓	身体
肩峰支	身体
楔舟关节	身体
旋前圆肌	身体
缰内侧核	身体
耻尾肌	身体
颅后窝	身体
桡骨体	身体
听区	身体
关节	身体
顶枕支	身体
腔隙内侧淋巴结	身体
子宫左缘	身体
消化系统	身体
髋臼上沟	身体
胫腓	身体
肝固有动脉	身体
闰绍细胞	身体
盲肠	身体
下丘脑核支	身体
静脉窦	身体
阑尾静脉	身体
视网膜虹膜部	身体
眼球内膜	身体
指腱鞘	身体
内侧结节	身体
真皮	身体
胸膜上膜	身体
闭孔外肌	身体
胸廓筋膜	身体
小角舌肌	身体
眼上静脉	身体
蝶上颌缝	身体
肾柱	身体
腓总神经	身体
小腿三头肌	身体
筛泡	身体
外侧唇	身体
副交感根	身体
后丘脑	身体
锁骨下襻	身体
上颌体	身体
穹窿体	身体
臀下静脉	身体
神经盘	身体
上颞线	身体
肾后筋膜	身体
睑裂	身体
复关节	身体
眶隔	身体
内侧髁上嵴	身体
臀上下神经	身体
窦房结	身体
淋巴管瓣	身体
视神经血管环	身体
楔间关节	身体
闭孔前结节	身体
收肌管	身体
外侧楔骨	身体
股神经	身体
神经内膜	身体
左三角韧带	身体
听小骨韧带	身体
蝶骨部	身体
股骨头	身体
涡静脉	身体
卵巢悬韧带	身体
前韧带	身体
椎间联合	身体
眶面	身体
肋剑突韧带	身体
足底	身体
翼丛	身体
背侧副橄榄核	身体
头静脉	身体
椎弓间连结	身体
脊神经根丝根丝	身体
交感部	身体
左腰干	身体
腹主动脉丛	身体
额神经	身体
膀胱体	身体
颏隆凸	身体
小唾液腺	身体
肩胛下窝	身体
乳突孔	身体
髌底	身体
冈下肌腱下囊	身体
颊咽部	身体
颊动脉	身体
牙尖	身体
肋膜	身体
提上睑肌	身体
脏腹膜	身体
鼓窦	身体
小脑前叶	身体
肝左动静脉	身体
跖背动脉	身体
顶切迹	身体
舌下腺	身体
舌咽神经交通支	身体
固有盆腔	身体
心耳	身体
贲门切迹	身体
胃短静脉	身体
乳房旁淋巴结	身体
肌质	身体
腭咽弓	身体
下半身	身体
大脑外侧窝	身体
眼球外肌	身体
肱深动脉	身体
后交通动脉	身体
分泌神经元	身体
成纤维细胞	身体
茎突鞘	身体
肾前筋膜	身体
睫状体	身体
下固定	身体
辐状纤维	身体
坐骨肛门窝	身体
尺侧返动脉	身体
翼咽部	身体
底段总静脉	身体
前列腺支	身体
反折头	身体
腱包膜	身体
晶状体纤维	身体
耻骨后间隙	身体
前底段支气管	身体
下肢深静脉	身体
内上髁	身体
外锥体细胞层	身体
大收肌	身体
额叶前内侧支	身体
右肺中叶	身体
腹主动脉	身体
胸棘肌	身体
乳突小管	身体
三角肌筋膜	身体
腺支	身体
臀内侧皮神经	身体
内侧嗅纹	身体
外骨壶腹	身体
颈髓灰质	身体
下颞线	身体
肌核	身体
咽鼓管软骨	身体
蝶缘	身体
神经部	身体
蛛网膜下隙	身体
蝶腭切迹	身体
脑膜支	身体
臂后区	身体
滑膜壁	身体
下迷小管	身体
会阴浅隙	身体
骶外侧嵴	身体
颈动脉壁	身体
颞骨	身体
生殖系统	身体
蝶顶窦	身体
十二指肠上部	身体
尿生殖膈上下筋膜	身体
岩部尖	身体
肠肌丛	身体
杓状会厌襞	身体
颈椎棘突间韧带	身体
垂体下动脉	身体
后正中沟	身体
肱二头肌桡骨囊	身体
乳腺小叶	身体
盲肠后淋巴结	身体
皮静脉	身体
颏结节	身体
下颌孔	身体
旁绒球	身体
幽门	身体
骨连结	身体
甲状腺奇静脉丛	身体
前庭球静脉	身体
额叶中内侧支	身体
髋骨	身体
小指展肌	身体
冠状缝	身体
鼻内侧支	身体
髓核	身体
岩大神经沟	身体
耳甲隆起	身体
下颌舌骨线	身体
肋提肌	身体
臂筋膜	身体
唇联合	身体
内侧楔骨	身体
顶盲端	身体
肛神经	身体
锁骨体	身体
肋横突韧带	身体
泌尿系统	身体
岩部前面	身体
浆膜心包	身体
膝关节肌	身体
副交感神经节	身体
膈腹支	身体
颞叶岛盖	身体
扁桃体窝	身体
左脚	身体
甲郭	身体
桡骨茎突	身体
面横静脉	身体
女阴	身体
胸肌支	身体
肾囊静脉	身体
颧眶孔	身体
前庭蜗神经	身体
小脑上脚	身体
淋巴结	身体
氨基丁酸能神经元	身体
右睾丸静脉	身体
外侧壁	身体
舌深静脉	身体
胸腔	身体
上胫腓关节	身体
眶上缘	身体
巩膜静脉窦	身体
趾短屈肌	身体
坐骶弓	身体
咽缩肌	身体
后腹	身体
海绵间窦	身体
骶外侧支	身体
阴蒂包皮	身体
内直肌	身体
舌下神经伴行静脉	身体
顶叶支	身体
冠状窦口	身体
次裂	身体
冠状面	身体
耳舟	身体
颏下点	身体
胼胝体	身体
中央后回	身体
指骨间关节	身体
排泄管	身体
腹股沟浅淋巴结	身体
房室沟	身体
锁切迹	身体
髂总外侧淋巴结	身体
小腿骨间神经	身体
腭垂肌	身体
髌上囊	身体
髁间内侧结节	身体
鼻烟壶	身体
泪腺动脉吻合支	身体
回旋肌	身体
鼻翼大软骨	身体
短肌	身体
大骨盆	身体
臂旁外侧核	身体
三角部	身体
方部	身体
闭孔内肌神经	身体
胫骨髁间隆起	身体
大脑中深静脉	身体
肝淋巴结	身体
牙乳头	身体
三叉结节	身体
椎管	身体
牙周膜	身体
视网膜内侧小静脉	身体
耳状面	身体
气管支气管下淋巴结	身体
距骨体	身体
髂外中间淋巴结	身体
脾门	身体
小脑下后动脉	身体
肌筋膜	身体
肱肌	身体
骨间前神经	身体
结膜上穹	身体
回盲襞	身体
外侧底段	身体
胫后返动脉	身体
手指骨间关节	身体
处女膜	身体
腋后线	身体
动脉沟	身体
肋	身体
硬膜	身体
肋间后静脉	身体
脐动脉	身体
柳腰	身体
股骨外上髁	身体
肋间最上动脉	身体
楔束	身体
甲关节面	身体
咬肌筋膜	身体
髂股韧带	身体
第二肋	身体
椎外前静脉丛	身体
楔间足底韧带	身体
喙肱肌	身体
胸主动脉	身体
颅盖	身体
椎下切迹	身体
睫前静脉	身体
额鳞	身体
子宫部	身体
下肢带连结	身体
右室前静脉	身体
身子	身体
小趾	身体
眦静脉	身体
泪腺静脉	身体
锥体束	身体
掌浅横韧带	身体
掌骨底	身体
距小腿后区	身体
交叉韧带	身体
躯	身体
耻骨	身体
胸膛	身体
皮质网状束	身体
肋颈干	身体
内脏丛	身体
颈膨大	身体
胃压迹	身体
脑干	身体
心尖	身体
肩胛下淋巴结	身体
下缘	身体
后内侧中央动脉	身体
阴囊前支	身体
贵要静脉	身体
颞浅动脉	身体
突触前部	身体
膀胱面	身体
下髓帆	身体
下滑膜	身体
副膈神经	身体
鼻咽道	身体
自主神经盆部	身体
额筛缝	身体
下段	身体
肱头	身体
心切迹	身体
升主动脉	身体
睾丸纵隔	身体
上丘	身体
下牙龈支	身体
寰枕前膜	身体
顶下小叶	身体
正中神经	身体
反射弧	身体
股内侧浅静脉	身体
腓肠外侧皮神经	身体
乳头肌	身体
骨脚	身体
背侧	身体
肱桡肌	身体
颈上心支	身体
髂外静脉	身体
多形细胞层	身体
神经节	身体
会阴神经	身体
椎间隙	身体
膨体	身体
肝门静脉右支	身体
项筋膜	身体
颞叶前动脉	身体
板内核群	身体
顶上小叶	身体
锁骨上小窝	身体
剑胸结合	身体
牙根间隔	身体
肛静脉	身体
肾上腺上动脉	身体
板层	身体
颈胸神经节	身体
外壶腹神经	身体
静脉导管	身体
副交感神经	身体
锤骨颈	身体
耻骨肌线	身体
齿突尖	身体
背肌	身体
环状关节面	身体
额颧缝	身体
食管裂孔	身体
犁嘴管	身体
阴茎襻状韧带	身体
镫骨膜	身体
下腔静脉	身体
阴茎体	身体
前庭小腺	身体
腰干	身体
前庭下区	身体
鼻黏膜	身体
右半月瓣	身体
颈静脉窝	身体
半规管基底膜	身体
半奇静脉	身体
锥隆起	身体
髁间线	身体
颞深前动脉	身体
胸肋面	身体
臀肌	身体
泪小管壶腹	身体
鼓膜	身体
食管胸段	身体
回盲乳头	身体
距舟背侧韧带	身体
外科颈	身体
颞叶后支	身体
阴茎背浅静脉	身体
肺泡囊	身体
骨间背侧肌	身体
胃体	身体
颞上下回	身体
后根动脉	身体
枕内前结合	身体
单骨脚	身体
上牙槽中支	身体
泪乳头	身体
下胫腓关节	身体
阴道褶	身体
砧骨	身体
斜纤维	身体
拮抗肌	身体
附着板	身体
荧光组织化学法	身体
骨质疏松症	身体
小脑上动脉	身体
下关节突	身体
脑膜静脉	身体
中干	身体
中央中核	身体
背侧支	身体
盲肠血管襞	身体
岩小神经管裂孔	身体
体被	身体
鼓镫连结	身体
味孔	身体
上体	身体
腰骶干	身体
扣带沟	身体
寰椎部	身体
通身	身体
上牙槽前动脉	身体
纤维环	身体
羽肌	身体
砧骨体	身体
跟结节	身体
杏仁前区	身体
髂总淋巴结	身体
颞中回	身体
肾上腺丛	身体
尾椎	身体
提睾肌动脉	身体
鼻堤	身体
滑膜襞	身体
腹股沟管浅环	身体
梨状细胞层	身体
胸横肌	身体
螺旋孔列	身体
胸髂肋肌	身体
额窦中隔	身体
骨外膜	身体
右脚	身体
毛细淋巴管	身体
膀胱	身体
中央静脉	身体
下颌舌骨沟	身体
额叶	身体
上舌段	身体
融合不全	身体
膀胱上动脉	身体
胸回旋肌	身体
腹股沟淋巴管	身体
喉上静脉	身体
冈下肌	身体
升动脉	身体
腹外侧区	身体
旋髂浅静脉	身体
顶区	身体
小腿后区	身体
闭孔支	身体
杓关节面	身体
右心耳	身体
血管膜部	身体
板障支	身体
蝶筛缝	身体
软骨基质	身体
腕尺侧副韧带	身体
远节指骨	身体
三叉神经压迹	身体
结肠右曲	身体
髁导静脉	身体
副脾	身体
环状软骨板	身体
舟骨	身体
肛提肌	身体
额上颌缝	身体
伞襞	身体
横突间韧带	身体
岩部后缘	身体
肝圆韧带切迹	身体
蝶下颌韧带	身体
脑膜前支	身体
臂内侧肌间隔	身体
腭棘	身体
基底核	身体
下肋凹	身体
颞中静脉	身体
乳房外侧支	身体
内踝关节面	身体
中间神经	身体
肾动脉	身体
眉峰	身体
左脐静脉	身体
毛细胞	身体
前庭水管外口	身体
腹壁下动脉	身体
桥延体核	身体
颏肌	身体
长收肌	身体
自主神经支	身体
膝交叉韧带	身体
呼吸区	身体
口腔黏膜	身体
髂耻隆起	身体
结膜	身体
骨腭	身体
后室间沟	身体
泪小管	身体
翼静脉丛	身体
蜗支	身体
桡动脉	身体
胸腺支	身体
盆膈上筋膜	身体
主动脉下淋巴结	身体
旁中央动脉	身体
鼓室丛	身体
枕鳞	身体
脾动静脉	身体
滑车	身体
开放部	身体
杓会厌襞	身体
趾长屈肌腱鞘	身体
肩胛背动脉	身体
自由上肢连结	身体
牙支	身体
前穿质	身体
肩胛上动脉	身体
直肠上淋巴结	身体
岩支	身体
结膜环	身体
胰尾	身体
腹下部	身体
面神经	身体
翼上颌裂	身体
附肢骨骼	身体
直肠横襞	身体
会厌软骨茎	身体
中脑	身体
旁睾	身体
右肺	身体
上回旋	身体
淋巴	身体
舌骨后囊	身体
阴茎缝	身体
桡侧腕屈肌	身体
伸长细胞	身体
纵层	身体
胸骨心包韧带	身体
盆会阴部	身体
星点	身体
椎动脉丛	身体
旋支	身体
缝匠肌腱下囊	身体
距跟舟关节	身体
腋淋巴结	身体
颏舌肌	身体
枕窦	身体
臀沟	身体
人字点	身体
短脚	身体
外鼻	身体
肱淋巴结	身体
咽鼓管峡	身体
背侧丘脑	身体
楔束核	身体
鼓鳞裂	身体
血管腔隙	身体
甲状腺提肌	身体
骰骨	身体
包皮系带	身体
外踝支	身体
后交叉韧带	身体
脉络丛	身体
甲状会厌韧带	身体
叶内部	身体
肺动脉干	身体
额叶后内侧支	身体
副头静脉	身体
三角肌粗隆	身体
丘系三角	身体
球囊隐窝	身体
上段动脉	身体
胸肌筋膜	身体
脊神经丛	身体
前庭内侧核	身体
男乳房	身体
甲状腺	身体
盆壁筋膜	身体
舌背静脉	身体
趾骨底	身体
红核橄榄束	身体
闭孔内肌腱下囊	身体
尿道舟状窝	身体
透明软骨结合	身体
前穿质支	身体
咽下缩肌	身体
巩膜外动脉	身体
股骨	身体
口轮匝肌	身体
拇长展肌	身体
下纵肌	身体
锥状叶	身体
眼球内轴	身体
指中间纹	身体
后底段支气管	身体
结肠半月襞	身体
舌腺	身体
手指背面	身体
核浆	身体
左锁骨下干	身体
胪	身体
入球小动脉	身体
骨间返动脉	身体
大圆肌	身体
肛门括约肌	身体
旋髂浅动脉	身体
内髓板	身体
甲状舌骨外侧韧带	身体
蝶小舌	身体
跖骨骨间韧带	身体
筛筋膜	身体
被盖腹侧交叉	身体
腰内脏神经	身体
下牙槽神经	身体
手指	身体
腓骨	身体
胰十二指肠下动脉	身体
丘脑间粘合	身体
迷走神经背核	身体
楔舟背侧韧带	身体
横突间	身体
左心室	身体
尺骨体	身体
棘间韧带	身体
环甲关节	身体
肠脂垂	身体
跟突	身体
一身	身体
蜗窗	身体
掌长肌	身体
基底静脉丛	身体
视网膜颞侧上小静脉	身体
隔缘束	身体
鼻腺	身体
肋间内膜	身体
左主支气管	身体
内耳	身体
齿状回	身体
九分法	身体
舌骨上支	身体
颞下窝	身体
蛛网膜粒	身体
轴位	身体
冠状韧带	身体
髂腰静脉	身体
颞深静脉	身体
屈肌	身体
听结节	身体
钩突	身体
骶中间嵴	身体
岩上窦沟	身体
外环骨板	身体
皮肌	身体
腋动脉	身体
胃泡	身体
直肠子宫陷凹	身体
喉返神经	身体
附睾体	身体
胫骨前肌腱鞘	身体
腭腱膜	身体
交叉池	身体
牙根管	身体
腭垂	身体
胸肋部	身体
缘上回	身体
肝尾状叶	身体
肋椎关节	身体
颈肌	身体
心血管系统	身体
关节半月板	身体
斜角肌	身体
尖后段	身体
最上鼻甲	身体
正中旁小叶	身体
咀嚼肌	身体
囊内韧带	身体
心包支	身体
茎突咽肌	身体
中枢神经系统	身体
胸廓	身体
膝神经节	身体
总骨脚	身体
颈外侧上深淋巴结	身体
肋颈嵴	身体
颞面	身体
穿动脉	身体
伴行静脉	身体
旋肱前动脉	身体
轴突输送	身体
运动根	身体
足底静脉弓	身体
结间束	身体
股外侧肌间隔	身体
拇指	身体
棘间平面	身体
牙根尖	身体
前褶柱	身体
耻骨支	身体
会阴横韧带	身体
小脑延髓池	身体
韧带	身体
玉体	身体
阴部神经	身体
韧带连接	身体
第二螺旋板	身体
下颌角	身体
颅顶肌	身体
足背内侧皮神经	身体
肾髓	身体
筛骨嵴	身体
长纽	身体
泪点	身体
颅前窝	身体
嗅区	身体
股环	身体
肋横突孔	身体
膜部	身体
结节漏斗束	身体
臀下神经	身体
骶内脏神经	身体
茎突	身体
浅淋巴管	身体
环甲关节囊	身体
食管腹段	身体
耻股韧带	身体
大脑前动脉	身体
膝上外侧动脉	身体
腹直肌鞘	身体
集合淋巴滤泡	身体
上壁	身体
扁桃体囊	身体
胸锁乳突肌支	身体
颈静脉突	身体
面神经丘	身体
右纤维环	身体
鼻骨间缝	身体
磨牙	身体
转子间嵴	身体
皮质脊髓前束	身体
膀胱尖	身体
上矢状窦沟	身体
外膜半规管	身体
肽能神经元	身体
骨半规管	身体
囊韧带	身体
动脉周围丛	身体
髁突	身体
筛窦	身体
大唾液腺	身体
腭正中缝	身体
下丘脑沟	身体
足内侧缘	身体
左睾丸静脉	身体
桡侧腕短伸肌	身体
舌会厌外侧襞	身体
中叶支	身体
蚓锥体	身体
后穿质	身体
肱骨滋养动脉	身体
输尿管支	身体
内侧根	身体
室管膜细胞	身体
泪前嵴	身体
软骨性部	身体
环指	身体
耳轮脚	身体
终池	身体
下牙弓	身体
奶	身体
头上下斜肌	身体
肱二关肌内侧沟	身体
橄榄脊髓束	身体
耻骨阴道肌	身体
胸骨上窝	身体
额区	身体
跟骰关节	身体
肘肌	身体
腹股沟浅环	身体
第五跖骨粗隆	身体
下支	身体
牙腔	身体
髌骨	身体
腹股沟深淋巴结	身体
鼻中隔支	身体
髂前下棘	身体
筛小房	身体
趾足底总动脉	身体
浅静脉	身体
关节腔	身体
足底腱膜	身体
伸肌上支持带	身体
胸骨旁线	身体
内侧支	身体
屁股	身体
喉纤维弹性膜	身体
枕外隆凸点	身体
蚓小结	身体
股骨滋养动脉	身体
小指	身体
壶腹沟	身体
后支	身体
跗骨	身体
位觉砂	身体
右颈干	身体
三叉神经脊束核	身体
胼胝体沟	身体
寰椎右侧块	身体
枕横沟	身体
上髁	身体
深淋巴管	身体
肛尾韧带	身体
锁骨上内侧神经	身体
中央灰质	身体
暗带	身体
松果体	身体
骨盆上口	身体
髂内外动脉	身体
主动脉窦	身体
胸口	身体
舌系带	身体
胸腹壁静脉	身体
内支	身体
颈静脉壁	身体
耻骨直肠肌	身体
鼻甲嵴	身体
盂唇	身体
后角尖	身体
坐骨直肠窝	身体
男性生殖器	身体
腱鞘	身体
阔筋膜张肌	身体
阴囊	身体
网膜结节	身体
脊髓蛛网膜	身体
腭帆张肌神经	身体
左室后静脉	身体
后斜角肌	身体
鼻中隔软骨	身体
腹腔丛	身体
眶内侧缘	身体
输卵管腹腔口	身体
蜗轴螺旋脉	身体
关节面	身体
咬肌神经	身体
肱三头肌	身体
镫骨	身体
下切迹	身体
肾上腺中动脉	身体
胸骨甲状肌	身体
颈横动脉	身体
牙冠	身体
腹壁上静脉	身体
肾乳头	身体
脊髓网状束	身体
交感干神经节	身体
小脑核	身体
胸段	身体
尺侧	身体
小肠	身体
胸骨线	身体
前壁	身体
颅内部	身体
小脑活树	身体
股骨髌面	身体
鼻腭长神经	身体
比目鱼肌腱弓	身体
枢椎	身体
美臀	身体
肩胛下区	身体
丘脑髓纹	身体
臀面	身体
子宫腺	身体
内分泌系	身体
轴轴突触	身体
三叉神经	身体
甲状舌骨韧带	身体
玻璃体	身体
前尖	身体
主动脉旁淋巴结	身体
环状软骨弓	身体
顶盖脊髓束	身体
颈前深淋巴结	身体
枕板障静脉	身体
扁肌	身体
右支气管纵隔干	身体
骶骨	身体
胸心神经	身体
下神经节	身体
眶区	身体
胸主动脉丛	身体
纤维层	身体
关节血管网	身体
泌尿生殖系	身体
主动脉峡	身体
侧脑室内侧静脉	身体
平面关节	身体
肩峰网	身体
泪腺核	身体
脾隐窝	身体
尺神经沟	身体
额孔	身体
脑颅	身体
蝶骨	身体
前庭神经节	身体
胰前动脉	身体
小脑绒球	身体
含气小房	身体
神经膜	身体
咽中缩肌	身体
房室交点	身体
脊背	身体
中央前沟	身体
颈动脉窦	身体
跟骨结节	身体
肌突	身体
脊神经	身体
膀胱三角	身体
下凹	身体
扁桃体小窝	身体
单羽状肌	身体
肺段支气管	身体
上凹	身体
前臂旋后	身体
角膜	身体
肋间外肌	身体
桡骨粗隆	身体
胸骨柄	身体
茎突舌骨韧带	身体
翼钩沟	身体
睫后短动脉	身体
降眉肌	身体
直回	身体
腰部	身体
后褶柱	身体
脑膜中静脉	身体
鳞部	身体
自主神经丛	身体
泪沟	身体
橄榄后沟	身体
睫状神经节	身体
上牙槽前支	身体
腹白线	身体
颈神经	身体
颈椎	身体
额泪缝	身体
结肠旁沟	身体
颏下静脉	身体
苔藓纤维	身体
腰骶丛	身体
前骨半规管	身体
枕叶静脉	身体
矢状位	身体
膜脚	身体
鼓室	身体
咽静脉	身体
视网膜颞侧上小动脉	身体
弓状纤维	身体
丘纹下静脉	身体
屈伸	身体
弧影	身体
副神经干	身体
肋头关节	身体
下颌舌骨肌线	身体
下颌舌骨肌支	身体
楔跖骨间韧带	身体
跗横关节	身体
胸肺支	身体
眶上静脉	身体
盖壁	身体
前床突	身体
颈长肌	身体
肛区	身体
腘淋巴结	身体
距骨外侧突	身体
小趾展肌	身体
弓状动脉	身体
鼻腭神经	身体
大脑镰	身体
楔状结节	身体
舌横肌	身体
咽肌层	身体
皮质脑桥束	身体
腹膜外筋膜	身体
乳突窦	身体
前升支	身体
双极神经元	身体
缘结节	身体
肠管旁淋巴结	身体
侧部	身体
筛骨迷路	身体
鼻区	身体
胃网膜左动脉	身体
左肺下叶	身体
内分泌系统	身体
腰最下动脉	身体
臀上静脉	身体
连结核	身体
茎突下颌韧带	身体
舌支	身体
子宫腔	身体
肌外膜	身体
上唇支	身体
膝中动脉	身体
喉上动脉	身体
耻骨上支	身体
被覆上皮	身体
左下肢	身体
三角肌区	身体
上支	身体
交叉沟	身体
小带纤维	身体
后外侧沟	身体
小脑蚓	身体
滑车神经核	身体
咽鼓管	身体
髓腔	身体
多腹肌	身体
外侧索	身体
肘深淋巴结	身体
肩胛下动脉	身体
跖背静脉	身体
口腔腺	身体
卵巢系膜	身体
食管	身体
神经元	身体
副半奇静脉	身体
环杓侧肌	身体
乳房区	身体
小指对掌肌	身体
关节囊	身体
坐骨神经伴行动脉	身体
中斜角肌	身体
子宫系膜	身体
睾丸丛	身体
下肢	身体
脏胸膜	身体
外侧	身体
中轴骨骼	身体
肝门静脉	身体
眼睑	身体
浆细胞	身体
盆神经节	身体
左肺上叶支气管	身体
骨盆倾斜度	身体
额支	身体
额钳	身体
腰横突间外侧肌	身体
脊柱缘	身体
小肚子	身体
翼腭神经节	身体
幽门下淋巴结	身体
杓间切迹	身体
腹股沟管深环	身体
膀胱上窝	身体
身	身体
豆掌韧带	身体
前庭蜗器	身体
坐骨小孔	身体
界嵴	身体
籽软骨	身体
足底静脉网	身体
颈内动静脉	身体
射精管	身体
正中神经返支	身体
胯下	身体
软脑膜	身体
颞叶后动脉	身体
岩大神经	身体
舌骨下囊	身体
骶正中动脉	身体
上段支气管	身体
会阴	身体
胃短动脉	身体
筛后神经	身体
冠状沟	身体
蝶窦中隔	身体
腰小肌	身体
胫骨前肌腱下囊	身体
耳轮尾	身体
旋肱后静脉	身体
奶子	身体
面丘	身体
舌下襞	身体
静脉韧带裂	身体
外侧软骨板	身体
岬下托	身体
弓状韧带	身体
乳头区	身体
鼻前庭	身体
不规则骨	身体
骨间关节	身体
面神经颈支	身体
腕前区	身体
上颌窦裂孔	身体
蜗神经	身体
环状突	身体
左腔静脉襞	身体
小脑幕支	身体
心房中间支	身体
直接连结	身体
头臂静脉	身体
口唇	身体
牙槽骨	身体
膈脚	身体
耳前静脉	身体
咽腔	身体
悬雍垂	身体
内囊前肢	身体
节制索	身体
直小静脉	身体
外展	身体
丘脑束	身体
气管肌	身体
骨性部	身体
精索内筋膜	身体
乳突	身体
拇长伸肌腱鞘	身体
髌下脂体	身体
腭小动脉	身体
鼻翼小软骨	身体
下颌窝	身体
螺旋支	身体
跳跃韧带	身体
鼻中隔	身体
胰上淋巴结	身体
腹股沟三角	身体
肺面	身体
分子层纹	身体
下部	身体
髂骨翼	身体
胸脯子	身体
中央核	身体
嵌入蛋白	身体
蝶岩软骨结合	身体
耳郭	身体
跟舟足底韧带	身体
深支	身体
前正中裂	身体
肝左静脉	身体
中缝背核	身体
多轴关节	身体
心神经节	身体
鼓部	身体
神经束	身体
镰状韧带	身体
耳郭斜肌	身体
骶淋巴结	身体
肩峰端	身体
前角	身体
胴	身体
肠系膜	身体
尿道球腺管	身体
乳突囟	身体
棘孔	身体
浅头	身体
蝶突	身体
灰结节	身体
致密部	身体
咽鼓管半管	身体
下关节面	身体
舌下神经核	身体
胰头	身体
尖牙	身体
胸骨体	身体
乙状结肠	身体
男性内生殖器	身体
臂后皮神经	身体
阴唇后静脉	身体
顺向变性	身体
心包横窦	身体
肉膜	身体
肱静脉	身体
右肺下叶	身体
环纤维	身体
跟皮下囊	身体
舌下神经	身体
椎骨	身体
骨间前动脉	身体
横突间肌	身体
腕辐状韧带	身体
骶丛	身体
中鼻甲	身体
掌骨头间静脉	身体
桡骨小头半脱位	身体
胫侧副韧带	身体
掌侧	身体
舌肌	身体
肺支	身体
前索	身体
颞极	身体
降部	身体
椎弓上下切迹	身体
深层	身体
输卵管系膜	身体
外侧髁	身体
神经追踪法	身体
隔区	身体
尺侧腕伸肌	身体
泪切迹	身体
神经胶质细胞	身体
盲肠前淋巴结	身体
右主支气管	身体
脏面	身体
龈乳头	身体
房室结	身体
耳郭结节	身体
舌黏膜	身体
束间束	身体
静脉间结节	身体
胸腺	身体
髂后上棘	身体
肺泡管	身体
心血管系	身体
卵圆孔	身体
眶外侧缘	身体
视前外侧核	身体
外侧沟	身体
盆膈上下筋膜	身体
颈动脉小球	身体
掌指关节	身体
舌面干	身体
叶间动脉	身体
髂前上棘	身体
股深静脉	身体
密质	身体
三角窝	身体
胸肋关节内韧节	身体
胸肌区	身体
腹内斜肌	身体
心包静脉	身体
红骨髓	身体
十二指肠纵襞	身体
颈棘肌	身体
大结节	身体
腭外静脉	身体
罗蓝核	身体
纤维软骨环	身体
回结肠动脉	身体
神经	身体
蝶窦口	身体
牙根髓	身体
掌中纹	身体
趾足底总神经	身体
前庭水管	身体
趾甲	身体
面淋巴结	身体
动眼神经沟	身体
腘弓状韧带	身体
掌短肌	身体
耵聍腺	身体
耳蜗动脉丝球	身体
第二肋间后动脉	身体
肾旁脂体	身体
舌会厌正中襞	身体
面神经管膝	身体
皮下组织	身体
阴茎颈	身体
胫距后部	身体
大脑叶	身体
枕核	身体
载距突	身体
舌缘	身体
巩膜外隙	身体
遗存	身体
下鼻道	身体
颅骨膜	身体
绒球	身体
跟骰韧带	身体
股三角	身体
主动脉裂孔	身体
肾门	身体
小叶间小管	身体
闭孔动脉	身体
食管静脉	身体
关节结节	身体
子宫口	身体
第三枕神经	身体
脑动脉	身体
胰淋巴结	身体
睾丸附件	身体
杏仁腹侧通路	身体
睫状神经节交通支	身体
胰静脉	身体
鞘突	身体
前段	身体
靶细胞	身体
腔静脉沟	身体
脊柱区	身体
大脑面	身体
颅底点	身体
喙锁韧带	身体
虹膜小环	身体
髁状突	身体
三叉神经支	身体
下直肌	身体
上泌涎核	身体
眶下神经	身体
舌盲孔	身体
接触区	身体
髂内动脉	身体
晶状体轴	身体
漏斗腱	身体
声门	身体
沟后部	身体
背阔肌腱下囊	身体
真骨盆	身体
锥体	身体
锁骨中线	身体
结膜前动脉	身体
腹壁浅动脉	身体
躯壳	身体
下肢骨	身体
前庭神经核	身体
阴茎脚	身体
大脑弓状纤维	身体
距骨沟	身体
大脑脚静脉	身体
臀上神经	身体
外侧陷窝	身体
软骨连结	身体
后角固有核	身体
胸最长肌	身体
眼球血管膜	身体
额下沟	身体
胃结肠韧带	身体
内眦静脉	身体
右肺动脉	身体
切牙骨	身体
松果体上隐窝	身体
心传导系统	身体
甲咽部	身体
枕颞沟	身体
胰下淋巴结	身体
内踝前动脉	身体
十二指肠上襞	身体
终板旁回	身体
下吻合静脉	身体
联络神经元	身体
间位核	身体
第三掌骨茎突	身体
枕极	身体
颏下淋巴结	身体
下牙丛	身体
滑膜	身体
面神经核	身体
肋骨	身体
骶髂骨间韧带	身体
单膜脚	身体
固定肌	身体
枕内嵴	身体
外侧腺支	身体
橄榄核套	身体
指骨头	身体
鼓阶	身体
蚓结节	身体
输卵管漏斗	身体
前庭阶	身体
椎体钩	身体
耳垂	身体
舟状窝	身体
脑膜中动脉吻合支	身体
小脑窝	身体
小脑幕缘支	身体
奇静脉弓	身体
左肺动脉	身体
扣带	身体
外侧角	身体
神经外膜	身体
心包斜窦	身体
唇后连合	身体
上睑提肌	身体
阴茎根	身体
阴囊缝	身体
外侧缘静脉	身体
半腱肌	身体
肱二头肌腱	身体
肱骨滑车	身体
耳前切迹	身体
乙状窦	身体
泪钩	身体
血肉之躯	身体
尾皮支持带	身体
肺上叶	身体
骰关节面	身体
眉弓	身体
临床解剖学	身体
指背神经	身体
筛板	身体
蜗管鼓壁	身体
脐外侧襞	身体
肌学	身体
胫骨体	身体
右下肢	身体
节后神经纤维	身体
继发骨化点	身体
海马伞	身体
声带肌	身体
肱骨头	身体
阴道旁淋巴结	身体
阴茎浅筋膜	身体
犁骨鼻后孔嵴	身体
弓状核	身体
枕小神经	身体
回盲瓣	身体
翼突脑膜动脉	身体
旋肱后动脉	身体
椎体静脉	身体
翼状韧带	身体
骶岬	身体
侧脑室下静脉	身体
棘间肌	身体
肠面	身体
乙状结肠系膜	身体
中筛斑	身体
指甲	身体
下睑弓	身体
肋外侧支	身体
副胰	身体
巩膜外层	身体
龈沟	身体
叶状乳头	身体
指伸肌腱	身体
锥体交叉	身体
尸体	身体
盆膈	身体
神经毡	身体
肱骨体	身体
泪阜	身体
甲状软骨孔	身体
阴蒂背动脉	身体
肝左叶	身体
胃网膜右淋巴结	身体
跖骨头	身体
前固有束	身体
旋肱前静脉	身体
腹后核	身体
犁状肌	身体
鼻背动脉	身体
颈前浅淋巴结	身体
视上连合	身体
腭中缝	身体
头半棘肌	身体
胃胰襞	身体
椎内后静脉丛	身体
动脉韧带	身体
咳嗽	身体
第一肋	身体
板障管	身体
红核脊髓束	身体
颈外侧淋巴结	身体
输卵管支	身体
颈静脉结节	身体
系统解剖学	身体
胫侧	身体
上舌段支气管	身体
长骨	身体
左室后支	身体
股骶弓	身体
无名质	身体
网膜孔淋巴结	身体
鼓小棘	身体
贲门部	身体
胸廓连结	身体
屈戌关节	身体
骨间缘	身体
内侧髁上线	身体
肩胛下横韧带	身体
脊髓丘脑侧束	身体
梨状隐窝	身体
茎突舌骨肌	身体
桡骨	身体
前臂前区	身体
滑车神经交叉	身体
腋动静脉	身体
支气管肺段	身体
枕骨	身体
内侧头	身体
颞区	身体
尾骨血管体	身体
中央部	身体
滑液	身体
尸首	身体
突触小体	身体
前列腺小囊	身体
主动脉小球	身体
腱间结合	身体
足底方肌	身体
静脉	身体
上滑膜	身体
腹腔淋巴结	身体
脑桥嘴侧网状核	身体
腹膜襞	身体
蚓垂	身体
直肠静脉丛	身体
贵要正中静脉	身体
前纵隔	身体
右冠状动脉	身体
盖膜	身体
粘滞性	身体
扁桃体	身体
蜗神经核	身体
视神经外鞘	身体
应用解剖学	身体
下角	身体
胫舟部	身体
单小叶	身体
二叠体旁核	身体
左颈干	身体
眶口	身体
颞横沟	身体
腭嵴	身体
室周纤维	身体
网膜孔	身体
尺神经	身体
毛细管	身体
肋结节关节面	身体
双轴性椭圆关节	身体
阔筋膜	身体
鞍结节	身体
最上项线	身体
上牙槽神经	身体
趾骨滑车	身体
交感神经	身体
小脑静脉	身体
拇长屈肌腱鞘	身体
全身	身体
脐正中韧带	身体
骰舟足底韧带	身体
腋中线	身体
矢状缘	身体
突触小泡	身体
腋神经	身体
小带间隙	身体
子宫静脉丛	身体
腰升静脉	身体
小胶质细胞	身体
腹横筋膜	身体
锁骨下动静脉沟	身体
下腹	身体
跟骨沟	身体
骨盆轴	身体
神经根	身体
掌骨头	身体
中间神经元	身体
肌间隔	身体
终神经节	身体
六大关节	身体
舟状窝瓣	身体
小转子	身体
肺下静脉	身体
寰枕外侧韧带	身体
中耳	身体
关节盘	身体
半月瓣弧缘	身体
窦样管	身体
跖骨深横韧带	身体
尾状核体	身体
腕背网	身体
胃右淋巴结	身体
输卵管伞	身体
结节间沟	身体
前连合	身体
眶上裂	身体
脉络膜	身体
肾皮质	身体
坐骨棘	身体
输卵管	身体
斜裂	身体
喉咽支	身体
膀胱逼尿肌	身体
尖牙窝	身体
竖脊肌	身体
降下唇肌	身体
上项线	身体
膀胱颈	身体
阴蒂头	身体
腰神经节	身体
腹股沟区	身体
纤维膜	身体
下橄榄核	身体
展肌	身体
颗粒囊泡	身体
趾骨	身体
外侧段动脉	身体
外耳	身体
尿道球腺	身体
阴道神经	身体
阴茎海绵体	身体
界线	身体
畸形	身体
椎前淋巴结	身体
岬沟	身体
肺段支气管支	身体
腹膜外间隙	身体
下回旋	身体
乳糜池	身体
心包膈静脉	身体
肋锁韧带压迹	身体
主动脉外侧淋巴结	身体
白质后连合	身体
上腹部	身体
会阴深隙	身体
左板	身体
腓侧	身体
十二指肠旁襞	身体
会厌结节	身体
筛前动脉	身体
颏孔	身体
胸长神经	身体
颈动脉杈	身体
岩上窦	身体
左上肢	身体
尺骨粗隆	身体
卵圆孔瓣	身体
舟骨结节	身体
直肠子宫肌	身体
头上斜肌	身体
视网膜	身体
胰十二指肠上后动脉	身体
脑桥基底部	身体
坐骨结节	身体
甲上皮	身体
筛前孔	身体
颈曲	身体
左肺下叶支气管	身体
腰板儿	身体
切迹	身体
肾面	身体
躯干	身体
头状骨	身体
放射自显影术	身体
髌前筋膜下囊	身体
锁骨上外侧神经	身体
中央凹	身体
顶叶后动脉	身体
网状小脑纤维	身体
会阴动脉	身体
短中央动脉	身体
中间线	身体
舌下神经三角	身体
颞叶中动脉	身体
闭孔嵴	身体
灰交通支	身体
蛛网膜颗粒	身体
牙髓	身体
骶区	身体
前皮支	身体
颈外动脉	身体
旁巨细胞网状核	身体
小脑体	身体
髂骨	身体
远节指骨粗隆	身体
舌背	身体
岩鼓裂	身体
下叶上支	身体
岛部	身体
耳郭尖	身体
舌体	身体
细支气管	身体
骶副交感核	身体
舌骨下肌	身体
内侧皮支	身体
晶状体前极	身体
顶内沟	身体
髂耻囊	身体
乳头丘脑束	身体
咽鼓管支	身体
尾状叶支	身体
分隔索	身体
中枢神经系	身体
胆小管	身体
后外侧中央动脉	身体
颈外侧核	身体
口区	身体
腰段	身体
喉咽	身体
胃网膜右动脉	身体
颈内静脉	身体
下丘脑皮质纤维	身体
尿道海绵体白膜	身体
关节突关节	身体
腕掌背侧韧带	身体
脉络带	身体
蜗水管	身体
趾长屈肌	身体
额上沟	身体
眼球外轴	身体
胸骨	身体
水蛇腰	身体
椎动脉神经	身体
关节唇	身体
面神经交通支	身体
髁间窝	身体
后连合	身体
桡头	身体
长肌	身体
上肢带骨	身体
结肠旁淋巴结	身体
肾上腺压迹	身体
臂旁核	身体
骨间后神经	身体
嗅脑	身体
距状沟支	身体
楔前动脉	身体
星形细胞	身体
臀上下动脉	身体
开大肌	身体
骨密质	身体
肩关节	身体
腭面	身体
中央前沟动脉	身体
滑车上静脉	身体
环转	身体
眶上神经	身体
鼻外支	身体
蜗水管外口	身体
足骨	身体
腓骨短肌	身体
房室结支	身体
腱环	身体
示指桡侧动脉	身体
嵴上平面	身体
棕榈襞	身体
顶叶	身体
对耳屏耳轮裂	身体
岩枕结合	身体
前庭神经	身体
小结	身体
灰质柱	身体
三角凹	身体
斜头	身体
前庭襞	身体
尺头	身体
面神经管凸	身体
左肾上腺静脉	身体
气管支	身体
筛区	身体
肌层	身体
阴茎中隔	身体
鼻中膈支	身体
砧骨上韧带	身体
胸骨关节面	身体
膈神经节	身体
板前支	身体
十二指肠后隐窝	身体
黄斑	身体
分子层	身体
皮支	身体
海绵窦部	身体
舌静脉	身体
桡腕背侧韧带	身体
距腓后韧带	身体
海马足	身体
前背侧核	身体
跟腱囊	身体
耻骨前列腺韧带	身体
平行纤维	身体
额叶静脉	身体
小角咽部	身体
澌	身体
前庭迷路	身体
大菱形肌	身体
斜线	身体
鼓室前动脉	身体
蛛网膜下腔	身体
新小脑	身体
丘脑腹后外侧核	身体
小梁网	身体
枕后点	身体
前半规管	身体
淋巴导管	身体
蝶筛结合	身体
额顶岛盖	身体
小肠绒毛	身体
后根	身体
耳屏肌	身体
闭孔	身体
内踝面	身体
胃网膜右静脉	身体
附睾下韧带	身体
腭鞘沟	身体
螺旋动脉	身体
直肠中丛	身体
气管隆突	身体
腰支	身体
注射造影剂	身体
内收	身体
乳房内侧支	身体
筛斑	身体
双髁状关节	身体
尾状核静脉	身体
大脑中动脉	身体
泌尿生殖系统	身体
后脊梁	身体
小角结节	身体
乳沟	身体
阑尾系膜	身体
肩峰皮下囊	身体
侧副管	身体
卵巢丛	身体
小结节	身体
前斜角肌结节	身体
胰横动脉	身体
正中沟	身体
颈中神经节	身体
头最长肌	身体
楔间背侧韧带	身体
隐静脉裂孔	身体
脾淋巴结	身体
纤维鞘交叉部	身体
阴蒂背深静脉	身体
周围神经系	身体
外侧丘系核	身体
长屈肌	身体
尾状叶动脉	身体
翼突下颌缝	身体
跗骨骨间韧带	身体
中央后沟动脉	身体
回结肠淋巴结	身体
结膜半月襞	身体
腹腔干	身体
滑车上神经	身体
盆筋膜	身体
巨噬细胞	身体
侧脑室	身体
十二指肠上曲	身体
第四脑室外侧隐窝静脉	身体
上颌结节	身体
切牙孔	身体
虹膜襞	身体
牙结节	身体
内脏神经纤维	身体
肺沟	身体
左心耳	身体
阴道支	身体
肾小管	身体
硬脑膜	身体
肠系膜下淋巴结	身体
假骨盆	身体
中间支	身体
软骨细胞	身体
压迹	身体
肌质网	身体
坐骨韧带	身体
传出神经纤维	身体
耻骨弓状韧带	身体
腮腺导管	身体
腓切迹	身体
半膜肌囊	身体
回盲口	身体
耻骨嵴	身体
前列腺筋膜	身体
人字缘	身体
耻骨肌	身体
楔形核	身体
远侧	身体
颈前静脉	身体
蜗水管内口	身体
丘脑室旁核	身体
跖肌	身体
腭大孔	身体
腕骨沟	身体
肾窦	身体
小脑上脚交叉	身体
最长肌	身体
足底浅弓	身体
吻合管	身体
屁股蛋子	身体
颧骨额突	身体
小脑裂	身体
直肠上动脉	身体
心压迹	身体
间接连结	身体
黏膜下丛	身体
小脑上静脉	身体
髂肌	身体
死尸	身体
足底长韧带	身体
跟骨	身体
肋下平面	身体
小脑幕底支	身体
阴唇系带	身体
颅中窝	身体
内侧唇	身体
胼胝体膝	身体
咽峡支	身体
右肺上静脉	身体
外踝窝	身体
硬腭	身体
前腹	身体
深头	身体
膈上淋巴结	身体
胸廓上口	身体
舌中隔	身体
髂间淋巴结	身体
后囟	身体
楔骨	身体
小多角骨	身体
掌深静脉弓	身体
耳前肌	身体
鱼际	身体
臀裂	身体
鼓膜张肌半管	身体
胆囊动脉	身体
髋臼横韧带	身体
鼻缘	身体
结膜静脉	身体
阴部外静脉	身体
腰杆子	身体
颞下面	身体
泪腺窝	身体
二腹小叶	身体
锁胸筋膜	身体
鹅足囊	身体
小腿前肌间隔	身体
前庭球	身体
会阴曲	身体
颈内静脉前淋巴结	身体
舌滤泡	身体
蛛网膜	身体
被盖区	身体
下体	身体
蝶骨小翼	身体
指骨体	身体
右腹下神经	身体
膝关节网	身体
颧颞孔	身体
耳界切迹	身体
臀肌腱膜	身体
锁骨下动脉丛	身体
幽门后淋巴结	身体
上斜肌	身体
小鱼际	身体
嘴侧线形核	身体
膈胸膜	身体
腹前壁腹膜	身体
豌豆骨	身体
软骨膜	身体
心小静脉	身体
软骨间部	身体
心中静脉	身体
附肢骨连结	身体
臀大肌	身体
外踝前韧带	身体
骨性结合	身体
旋髂深静脉	身体
颈动脉管内口	身体
胸神经	身体
第四脑室髓纹	身体
胰背动脉	身体
腋缘	身体
脑桥中缝核	身体
甲状旁腺	身体
精囊腺	身体
肩胛下肌腱下囊	身体
内颗粒层纹	身体
副泪腺	身体
鼻唇淋巴结	身体
外面	身体
颊咽筋膜	身体
肋切迹	身体
磨牙腺	身体
锥状肌	身体
额骨	身体
环杓后韧带	身体
喉肌	身体
肛梳	身体
内分泌腺	身体
髂内静脉	身体
足背静脉网	身体
白质	身体
枕叶外侧动脉	身体
甲状腺下静脉	身体
楔形下核	身体
腓关节面	身体
锥突	身体
巨上骨	身体
胃左淋巴结	身体
轴树突触	身体
阴部内静脉	身体
盂上结节	身体
纤维鞘环状部	身体
气管支气管淋巴结	身体
膈上动脉	身体
外踝面	身体
大脑纵裂	身体
肩胛下肌	身体
第四趾	身体
脾肾韧带	身体
终动脉	身体
嗅回静脉	身体
肋下静脉	身体
肾上腺素能神经元	身体
大脑髓质	身体
小叶间动脉	身体
骨壶腹	身体
角膜缘	身体
阴囊前静脉	身体
眼球纤维膜	身体
肋巴骨	身体
外侧背核	身体
骶结节	身体
神经垂体	身体
人体组成	身体
副交感部	身体
奇静脉弓淋巴结	身体
内脏神经系	身体
髓质	身体
颈静脉孔	身体
腹腔神经节	身体
斜坡支	身体
巩膜筛板	身体
手舟骨	身体
脂肪组织	身体
骨化点	身体
乳腺	身体
小隐静脉	身体
直肠尾骨肌	身体
声襞	身体
周围神经系统	身体
拇短伸肌腱	身体
大脑脚底	身体
古小脑	身体
阴茎包皮	身体
镫骨头	身体
舌下面	身体
阴囊后支	身体
阴蒂深动脉	身体
关节头	身体
肾叶	身体
臀中肌	身体
内侧副橄榄核	身体
骶骨岬	身体
舌骨	身体
中间带	身体
尾状叶左管	身体
动脉导管	身体
骨性口腔	身体
跟骰背侧韧带	身体
骨盆	身体
脯	身体
独立带	身体
镰状缘	身体
颧面支	身体
屏状核	身体
心包膈动脉	身体
肝右动静脉	身体
肋间内肌	身体
第四脑室带	身体
下段动脉	身体
外踝皮下囊	身体
盆腔	身体
腭咽肌	身体
躯体	身体
大脑下静脉	身体
壶腹嵴	身体
泪囊窝	身体
逆向变性	身体
巩膜静脉	身体
腺实质	身体
牙根	身体
后索	身体
乳房	身体
弹性纤维	身体
蓝斑下核	身体
后正中隔	身体
三角肌下囊	身体
蜗窗嵴	身体
手指骨	身体
顶乳突缝	身体
子宫端	身体
膜半规管	身体
前庭下核	身体
腹膜后隙	身体
钩束	身体
迷小管	身体
上关节面	身体
大脑后动脉	身体
脚间纤维	身体
滋养动脉	身体
颈部	身体
眼肌动脉	身体
正中神经掌支	身体
齿突	身体
声门下腔	身体
喉前庭	身体
腔静脉外侧淋巴结	身体
距状沟	身体
旋股外侧动脉	身体
皮质	身体
尺侧下副动脉	身体
上肢浅静脉	身体
导静脉	身体
心最小静脉	身体
鼻前棘	身体
坐股韧带	身体
臂外侧肌间隔	身体
舌骨上肌	身体
网膜囊前庭	身体
大脑浅静脉	身体
蜗神经交通支	身体
上支持筋膜	身体
前核群	身体
翼管	身体
小阴唇	身体
自由上肢骨	身体
含气骨	身体
道上棘	身体
骶尾前韧带	身体
睑外侧连合	身体
降口角肌	身体
乳头体外侧核	身体
胼胝体周池	身体
空肠动脉	身体
胸心支	身体
月骨	身体
肋头嵴	身体
内囊后肢	身体
卵巢支	身体
下唇	身体
寰椎左侧块	身体
髂腹股沟神经	身体
网状结构	身体
腓肠静脉	身体
额嵴	身体
乙状结肠动脉	身体
肋间外膜	身体
咽丛	身体
前列腺峡	身体
掌骨深横韧带	身体
小翼	身体
翼点	身体
耳前支	身体
表皮	身体
被盖背侧交叉	身体
黏膜	身体
前庭韧带	身体
咬肌动脉	身体
大脑内静脉	身体
耳蜗	身体
颈前区	身体
拇短屈肌	身体
重力弓	身体
盂肱韧带	身体
后极	身体
环状软骨食管腱	身体
腓骨头后韧带	身体
浅层	身体
大网膜	身体
臂内侧皮神经	身体
膈神经核	身体
内侧缘	身体
拇收肌	身体
主动脉旁体	身体
切牙	身体
蜗轴底	身体
翼棘韧带	身体
骨间总动脉	身体
盲肠襞	身体
下丘脑垂体束	身体
鼻黏膜嗅区	身体
腹侧	身体
子宫圆韧带动脉	身体
女性生殖器	身体
室上嵴	身体
侧角	身体
腹直肌	身体
胸腺静脉	身体
联络纤维	身体
前内侧核	身体
眶下沟	身体
肘骨间囊	身体
膜性结构	身体
嵌入性牙周膜	身体
嗅结节	身体
骶尾关节	身体
楔骰足底韧带	身体
脐正中襞	身体
下丘脑支	身体
基嵴	身体
额桥束	身体
后外弓状纤维	身体
颊腺	身体
睫状冠	身体
球囊斑	身体
阴茎海绵体腔	身体
前庭上核	身体
三角韧带	身体
翼外肌神经	身体
纵隔部	身体
枕颞外侧回	身体
板障静脉	身体
咽上缩肌	身体
大脑动脉环	身体
睑支	身体
视神经管	身体
房室束	身体
锁骨部	身体
十二指肠降部	身体
腋淋巴管丛	身体
环椎	身体
子宫圆韧带	身体
迷走神经三角	身体
肺下叶	身体
颈外动脉丛	身体
枕骨斜坡	身体
舌骨体	身体
股支	身体
自主神经节	身体
唇部	身体
臂外侧下皮神经	身体
环状襞	身体
肋下动脉	身体
跟骰关节附横关节	身体
输卵管端	身体
神经核	身体
肘关节肌	身体
蝶鳞缝	身体
枕角	身体
髂腹下神经	身体
内踝支	身体
突触	身体
髂胫束	身体
颅骨的连结	身体
内侧丘系	身体
臀	身体
小腿	身体
下颌下腺凹	身体
前庭区	身体
桥池	身体
气管腺	身体
肺上下静脉	身体
筋膜	身体
氧化应激	身体
舌下腺凹	身体
晶状体辐射	身体
胸脯	身体
十二指肠下曲	身体
股中间皮神经	身体
右房室口	身体
卵巢	身体
旋内	身体
乳突区	身体
盆脏筋膜	身体
后角	身体
颏下动脉	身体
镫骨肌神经	身体
外支	身体
膀胱横襞	身体
颞筋膜	身体
尿道旁管	身体
手骨	身体
提上唇肌	身体
大肚子	身体
丘脑后辐射	身体
附脐静脉	身体
睫状长神经	身体
舌回	身体
枕叶内侧动脉	身体
后降支	身体
后面	身体
下睑静脉	身体
底丘脑束	身体
胆囊	身体
颌下腺	身体
副椎静脉	身体
玻璃体动脉	身体
胆囊体	身体
前列腺静脉丛	身体
远固定	身体
腰静脉	身体
下叶支	身体
骶髂后韧带	身体
颞骨鳞部	身体
茎乳动脉	身体
拇指腕掌关节	身体
脑桥网状脊髓束	身体
跗外侧动脉	身体
岛动脉	身体
岩小窝	身体
脐部	身体
自由下肢	身体
尿道腺	身体
闭孔神经	身体
空肠静脉	身体
回盲上隐窝	身体
外侧底支	身体
趾足底静脉	身体
脊髓顶盖束	身体
肚皮	身体
枕动脉沟	身体
脊髓前静脉	身体
髂嵴	身体
咽鼓管沟	身体
牙龈支	身体
小指伸肌	身体
颈内静脉肩胛舌骨肌淋巴结	身体
楔骰关节	身体
结肠	身体
生殖支	身体
脊髓橄榄束	身体
降结肠系膜	身体
甲体	身体
锁骨上大窝	身体
纵隔前淋巴结	身体
跗跖背侧韧带	身体
骨间足底肌	身体
四肢	身体
脊柱	身体
矢状缝	身体
隐缘	身体
砧镫关节	身体
下颌角点	身体
筛漏斗	身体
输尿管丛	身体
心包腔	身体
距骨滑车	身体
关节凹	身体
交通前部	身体
鼓室黏膜	身体
后升支	身体
血管膜	身体
下颌联合	身体
骨骼肌	身体
尾段	身体
第四脑室脉络丛支	身体
尿道球动脉	身体
横突棘肌	身体
展旁核	身体
孤束	身体
尺切迹	身体
小脑后切迹	身体
角环韧带	身体
提睾肌	身体
枕静脉	身体
输卵管襞	身体
桡骨颈	身体
肛管	身体
踝关节	身体
升部	身体
外直肌腱膜	身体
半月襞	身体
溶酶体	身体
肝总动脉	身体
盂下结节	身体
会阴浅筋膜	身体
结节间平面	身体
腰大肌	身体
裆	身体
胫前静脉	身体
尿道阴道括约肌	身体
后段	身体
薄束核	身体
自由下肢骨	身体
舌正中沟	身体
牙骨质	身体
腓肠肌	身体
睾丸输出小管	身体
骨间膜	身体
切牙窝	身体
鼻泪管口	身体
腱交叉	身体
足底深弓	身体
睑静脉	身体
橄榄耳蜗束	身体
上根	身体
心肌层	身体
鼓膜支	身体
眶下孔	身体
三叉神经中脑束	身体
会阴支	身体
星状小静脉	身体
距小腿关节	身体
结肠右肝曲	身体
对耳轮横沟	身体
神经系统	身体
尸身	身体
生物膜	身体
犁骨楔状部	身体
颞中动脉	身体
锥体细胞层	身体
气管前层	身体
中央骨	身体
胃左动脉	身体
怀	身体
跖骨间关节	身体
近节指骨	身体
肋间隙	身体
口腔前庭	身体
骶椎腰化	身体
泪后嵴	身体
浆膜下丛	身体
腔子	身体
粗隆	身体
脑膜副支	身体
淋巴管丛	身体
髂总动静脉	身体
逆向轴突输送	身体
颈深淋巴结	身体
内侧弓状韧带	身体
肛门内外括约肌	身体
背脊	身体
圆孔	身体
丘脑前结节	身体
输精管丛	身体
兴奋性突触	身体
蚓叶	身体
乳晕	身体
漏斗隐窝	身体
内踝网	身体
前根	身体
硬脊膜	身体
输尿管口	身体
下纵隔	身体
前结节	身体
股内侧区	身体
最外囊	身体
视隐窝	身体
旋股内侧动脉	身体
腔静脉前淋巴结	身体
脉络丛后内侧支	身体
牙槽突	身体
下牙槽动脉	身体
肋条	身体
梳状肌	身体
腰骶连结	身体
咽鼓管腭襞	身体
肩胛背静脉	身体
心大静脉	身体
喉下动脉	身体
自主神经系	身体
跖骨体	身体
结肠系膜	身体
伸展性	身体
足背外侧皮神经	身体
连合管	身体
视网膜中央静脉	身体
跖骨	身体
骨学及关节学	身体
骨松质	身体
皮下部	身体
蜗管外壁	身体
枕颞内侧回	身体
皮脂腺	身体
尾状核尾支	身体
脑岛	身体
颞上回	身体
环杓后肌	身体
上腔静脉	身体
锤骨头	身体
前庭球动脉	身体
腰髂肋肌	身体
解剖学	身体
男尿道	身体
蜗神经节	身体
蝶颧缝	身体
下腹下丛	身体
膈上静脉	身体
牙根尖孔	身体
甲状腺上动脉	身体
手指间关节	身体
小角软骨	身体
股骨颈	身体
肠系膜下丛	身体
蝶骨大翼	身体
腹外斜肌	身体
直动脉	身体
楔前回	身体
后角颈	身体
上丘脑	身体
颈静脉弓	身体
外踝	身体
喉前淋巴结	身体
上肢带连结	身体
闭孔筋膜	身体
臀下皮神经	身体
隐神经	身体
颊神经	身体
网状核	身体
犁鞘沟	身体
运动系	身体
房室隔	身体
卵巢伞	身体
钩骨	身体
裂孔	身体
细胞器	身体
胆囊底	身体
前外侧面	身体
跟腓韧带	身体
腹后内外侧核	身体
椎前层	身体
瘦长型	身体
蝶甲	身体
桡尺连结	身体
虹膜动脉小环	身体
腹壁下淋巴结	身体
外侧束	身体
经线	身体
椎孔	身体
静脉沟	身体
膀胱前淋巴结	身体
颈内动脉丛	身体
胴体	身体
顶支	身体
前膜壶腹	身体
拇短展肌	身体
破裂孔	身体
阴蒂体	身体
沟缘束	身体
乳房体	身体
肋间臂神经	身体
卵圆窝	身体
顶部	身体
联动关节	身体
胸膜食管肌	身体
十字隆起	身体
胼胝体压部	身体
主动脉	身体
内耳道底	身体
胸大肌	身体
耻骨下支	身体
智牙	身体
外侧半月板	身体
滑膜层	身体
髌韧带	身体
长伸肌	身体
掌背静脉	身体
浅肱动脉	身体
乙状结肠静脉	身体
左结肠淋巴结	身体
外侧膝状体核	身体
舌下神经管外口	身体
脑干静脉	身体
壁腹膜	身体
中副动脉	身体
前端	身体
泪囊穹	身体
丘脑支	身体
髁窝	身体
肝裸区	身体
阴道动脉	身体
颈动脉管外口	身体
鼓室神经膨大	身体
滑液囊	身体
前股	身体
耳颞神经交通支	身体
背外侧束	身体
耳甲艇	身体
髌前皮下囊	身体
三叉神经中脑核	身体
气管旁淋巴结	身体
弹性	身体
腓肠肌外侧头腱下囊	身体
腹后侧核	身体
下半月小叶	身体
胸肋关节	身体
内锥体细胞层	身体
子宫旁组织	身体
肌腱	身体
弹簧韧带	身体
肘前区	身体
颈静脉上球	身体
骶后孔	身体
翼部	身体
斜角带	身体
腓骨肌总腱鞘	身体
骶骨底	身体
上腹下丛	身体
股内侧肌	身体
精索外筋膜	身体
胸小肌	身体
收肌结节	身体
阴唇后神经	身体
腔隙外侧淋巴结	身体
胸腰筋膜	身体
腭横襞	身体
上舌支	身体
颞横回	身体
前庭静脉	身体
上睑板肌	身体
跟腱	身体
假单极神经元	身体
子宫阴道丛	身体
纵隔胸膜	身体
鼻唇沟	身体
小脑叶片	身体
牙冠髓	身体
前段动脉	身体
腭大神经	身体
外侧固有束	身体
上牙龈支	身体
阴阜	身体
小脑小球	身体
胸导管弓	身体
升支	身体
十二指肠小乳头	身体
板内核	身体
旋股外侧静脉	身体
副乳房	身体
小静脉	身体
半棘肌	身体
短头	身体
髌网	身体
女阴裂	身体
喉下神经	身体
肋间后动脉	身体
岛环状沟	身体
肝左管	身体
巩膜沟	身体
鼓室静脉	身体
颈鼓神经	身体
对耳屏	身体
锁骨下部	身体
肱骨横韧带	身体
滑车凹	身体
颅腔	身体
前外弓状纤维	身体
鼻咽	身体
肺静脉	身体
上睑板	身体
腹外斜肌腱膜	身体
耻骨膀胱肌	身体
巩膜固有质	身体
腹后外侧核	身体
腱下囊	身体
子宫底	身体
盂肱关节	身体
网膜囊上隐窝	身体
肝右叶	身体
后纵隔	身体
血管环	身体
鼓索交通支	身体
十二指肠下隐窝	身体
颅缝	身体
静脉瓣	身体
小肠系膜	身体
裂孔疝	身体
声韧带	身体
臀大肌转子囊	身体
拇长伸肌腱	身体
关节软骨	身体
外耳道神经	身体
子宫左角	身体
鼻中隔前支	身体
胃脾韧带	身体
肋叉子	身体
颈棘间肌	身体
神经递质	身体
牙周支	身体
足趾	身体
左结肠动脉	身体
隐支	身体
颊脂体	身体
生殖股神经	身体
枕导静脉	身体
腰动脉	身体
掌浅弓	身体
牙龈	身体
胫跟部	身体
头发	身体
外耳道软骨切迹	身体
足弓	身体
肾大盏	身体
结肠缘动脉	身体
脉管学	身体
骨部	身体
甲状舌骨肌	身体
收肌腱裂孔	身体
胫骨滋养动脉	身体
桡尺远侧关节	身体
左支气管纵隔干	身体
鼻骨	身体
尺骨	身体
血脑屏障	身体
寰枢正中关节	身体
虹膜角膜角隙	身体
滑车关节	身体
胸骨上骨	身体
鼻睫神经	身体
上斜肌腱鞘	身体
睾丸静脉	身体
浮肋	身体
背内侧核	身体
后缩	身体
颈鼓动脉	身体
岩下窦沟	身体
跟骨结节内侧突	身体
十二指肠大乳头	身体
阴道穹	身体
梭状肌	身体
鼓膜后隐窝	身体
皮质红核束	身体
顶枕动脉	身体
颈外侧浅淋巴结	身体
外侧头	身体
耻坐支不长合	身体
前斜角肌	身体
旋后肌	身体
后外侧后核	身体
乳头体中间核	身体
中缝隐核	身体
肠系膜间丛	身体
下睑	身体
麦粒软骨	身体
肩胛下静脉	身体
脑脊膜	身体
锁骨下肌沟	身体
轴突	身体
肌滑车	身体
侧脑室脉络丛支	身体
梭形肌	身体
外侧后核	身体
肝血窦	身体
结膜后内侧动脉	身体
直肠膀胱膈	身体
左半月瓣	身体
前内侧面	身体
上颌窦	身体
囊外韧带	身体
奶头	身体
脊髓丘脑前束	身体
肝右静脉	身体
淋巴滤泡	身体
肌束膜	身体
膝下外侧动脉	身体
板内部	身体
泪腺神经	身体
膝降动脉	身体
腓骨头尖	身体
尺神经交通支	身体
辣根过氧化物酶法	身体
额极	身体
棘上韧带	身体
大脑前静脉	身体
肾上腺静脉	身体
阴道尿道隆嵴	身体
脉络丛上静脉	身体
哈佛氏系统	身体
动脉弓	身体
锤纹	身体
犁鼻器	身体
环状软骨	身体
胃右动脉	身体
右纤维三角	身体
抑制性突触	身体
骶管	身体
皮沟	身体
乳突淋巴结	身体
上皮组织	身体
左缘支	身体
膀胱底	身体
结缔组织	身体
附肢骨	身体
白膜	身体
乙状窦沟	身体
臀肌间囊	身体
幽门上淋巴结	身体
跟网	身体
胶原纤维	身体
纤维束	身体
穹窿脚	身体
上角	身体
肝肾韧带	身体
下唇动脉	身体
下斜肌	身体
左纤维环	身体
耻骨韧带	身体
脊柱裂	身体
颈动脉结节	身体
胫腓连结	身体
提肌圆枕	身体
肩胛线	身体
外骨半规管	身体
脚间窝	身体
感觉上皮	身体
海马	身体
垂直板	身体
牙槽弓	身体
遗骸	身体
臀小肌	身体
前臂正中静脉	身体
前底支	身体
右心室	身体
内踝皮下囊	身体
环甲肌支	身体
垂体窝	身体
前距关节面	身体
肌腔隙	身体
呼吸膜	身体
下干	身体
髂丛	身体
肝中间静脉	身体
胸肌淋巴结	身体
右束支	身体
肩胛骨	身体
滑车上动脉	身体
遗骨	身体
肺上静脉	身体
方形小叶	身体
内侧纵弓	身体
舌骨会厌韧带	身体
冠突	身体
腭大动脉	身体
肋突	身体
附睾小叶	身体
纵纤维	身体
阴蒂系带	身体
镰状突	身体
上鼻甲	身体
锤骨外侧韧带	身体
眶板	身体
颊面	身体
翼内肌神经	身体
茎乳孔	身体
睑后缘	身体
结肠系膜带	身体
股方肌神经	身体
腮腺管乳头	身体
遗体	身体
晶状体核	身体
肱三头肌腱下囊	身体
内弓状纤维	身体
肌内膜	身体
舌骨下淋巴结	身体
胸背动脉	身体
回肠支	身体
转子皮下囊	身体
耻区	身体
后结节	身体
关节肌	身体
耳神经节	身体
龈缘	身体
色素部	身体
耻骨联合	身体
小脑皮质	身体
桡侧返动脉	身体
颞深神经	身体
灰质后连合	身体
岛盖部	身体
跗骨窦	身体
鼻后上内侧支	身体
结肠面	身体
尿生殖系统腹膜	身体
肘淋巴结	身体
大角咽部	身体
腱弓	身体
闭孔膜	身体
鼓大棘	身体
子宫体	身体
髂总静脉	身体
内脏学	身体
跖骨背侧韧带	身体
桡静脉	身体
内淋巴	身体
后半身	身体
右上肺静脉	身体
舌尖	身体
躯体神经纤维	身体
右肺下叶支气管	身体
十二指肠上隐窝	身体
腓侧副韧带	身体
大脑外侧窝池	身体
腓骨肌滑车	身体
运动解剖学	身体
连合纤维	身体
卵巢皮质	身体
拇长展肌和拇短伸肌腱鞘	身体
下舌段	身体
趾短伸肌	身体
坐骨大切迹	身体
肋头辐状韧带	身体
阴道静脉丛	身体
睾丸小隔	身体
口角轴	身体
岩部	身体
单位膜	身体
中间内侧核	身体
回盲下隐窝	身体
头后小直肌	身体
胃左动静脉	身体
膝前区	身体
结膜下穹	身体
上橄榄核	身体
桡骨环状韧带	身体
指近远侧纹	身体
终部	身体
颏横肌	身体
颧弓	身体
动脉	身体
趾滑膜鞘	身体
颈深动脉	身体
锁骨支	身体
腭小神经	身体
楔间骨	身体
松果体隐窝	身体
眼副器	身体
第二趾背内侧神经	身体
趾骨足底韧带	身体
心底	身体
钩椎关节	身体
蝶嵴	身体
内耳门	身体
侧块	身体
延髓脑桥沟	身体
颞窝	身体
眶下管	身体
腕背支	身体
卵巢门	身体
喉关节	身体
鼓膜脐	身体
主动脉瓣	身体
肺动脉瓣	身体
转子窝	身体
股骨外侧髁	身体
腹股沟韧带	身体
后关节面	身体
下颌舌骨肌神经	身体
自主神经	身体
透明隔板	身体
膀胱丛	身体
环甲肌	身体
缝骨	身体
月状沟	身体
距跟关节	身体
轮匝带	身体
起点	身体
阴茎背深静脉	身体
后骨半规管	身体
喉口	身体
岛中央沟	身体
脑膜后动脉	身体
轮匝肌	身体
三尖瓣	身体
睑结膜	身体
大脑部	身体
前臂外侧缘	身体
股骨头韧带	身体
上半身	身体
左心房	身体
水平部	身体
蝶腭孔	身体
主动脉沟	身体
肌膈静脉	身体
耳大神经	身体
左纤维三角	身体
内侧半月板	身体
齿状红核束	身体
传出神经元	身体
透明隔	身体
褶柱	身体
喉软骨	身体
丝状乳头	身体
上段	身体
骨质疏松	身体
股外侧肌	身体
肠丛	身体
斜方体	身体
舌骨下支	身体
膺	身体
尿道海绵体	身体
钩骨钩	身体
颏神经	身体
前列腺丛	身体
后中间沟	身体
直肠壶腹	身体
尿道球	身体
小丘	身体
下结节	身体
颞浅神经	身体
前内侧中央动脉	身体
颈横突间后肌	身体
侧脑室脉络丛	身体
眶下区	身体
胸锁乳突肌静脉	身体
阴茎背动脉	身体
白交通支	身体
神经末梢	身体
笑肌	身体
肠系膜下静脉	身体
下舌支	身体
甲状舌骨肌支	身体
胸骨膜	身体
胰尾动脉	身体
大脑水管	身体
耳郭后韧带	身体
上牙槽后支	身体
中央淋巴结	身体
横线	身体
尿生殖区	身体
脾动脉	身体
膀胱旁淋巴结	身体
臀中肌转子囊	身体
蚓下静脉	身体
髂总内侧淋巴结	身体
锥体系	身体
毛细淋巴管网	身体
眶下裂	身体
颈动脉鞘	身体
旧皮质	身体
牙冠腔	身体
骨端	身体
胸棘间肌	身体
生理性弯曲	身体
胸肌	身体
红核支	身体
腓肠肌内侧头腱下囊	身体
孤立淋巴滤泡	身体
壶腹憩室	身体
腓侧副热带	身体
颈内静脉外侧淋巴结	身体
颧大肌	身体
腹股沟上内侧浅淋巴结	身体
附睾	身体
椎体间连结	身体
视上核	身体
直肠下丛	身体
透射电镜术	身体
杓状软骨尖	身体
枕颞内外侧回	身体
冈上窝	身体
外侧段	身体
终纹	身体
椭圆关节	身体
后筛窦	身体
肌浆网	身体
黄韧带	身体
叶支气管	身体
前面	身体
心房	身体
小结节嵴	身体
眶筋膜	身体
腹腔支	身体
剑突	身体
腕骨间	身体
下鼻甲	身体
上缘	身体
椭圆囊壶腹神经	身体
皮质脊髓束	身体
楔回	身体
胶状质	身体
胼胝体下区	身体
耳轮小肌	身体
距跟内侧韧带	身体
神经滋养血管	身体
颈动脉窦支	身体
弓状线	身体
阴蒂海绵体神经	身体
睑外侧韧带	身体
面神经膝	身体
掌骨	身体
鼓室盖	身体
门静脉	身体
缘支	身体
腰	身体
侧副支	身体
杏仁体支	身体
泪部	身体
舌乳头	身体
肋间最上静脉	身体
指背动脉	身体
肚	身体
颈横静脉	身体
背	身体
长屈肌腱鞘	身体
高尔基复合体	身体
前锯肌粗隆	身体
尺侧副韧带	身体
椎前部	身体
腭帆提肌	身体
阴茎深静脉	身体
视网膜中央动脉	身体
眼轮匝肌	身体
楔骰背侧韧带	身体
锁骨的胸骨端	身体
肚子	身体
股内侧肌间隔	身体
第四脑室外侧孔	身体
肺叶支气管	身体
尾丛	身体
外翻	身体
尖支	身体
颅底内面	身体
旧小脑	身体
胸骨端	身体
幽门前静脉	身体
腹后内侧核	身体
动眼神经支	身体
肱二头肌腱膜	身体
杓横肌	身体
鸡冠	身体
前臂	身体
酥胸	身体
粘膜层	身体
叶间面	身体
皮肤	身体
大脑脚	身体
腘肌下隐窝	身体
中央旁核	身体
脉络裂	身体
颈段	身体
翼肌支	身体
筛嵴	身体
下丘脑外侧核	身体
额腹	身体
岩深神经	身体
髂胫束粗隆	身体
咽后淋巴结	身体
卵圆窝缘	身体
桡骨颈桡骨粗隆	身体
蝶囟	身体
咽鼓管咽口	身体
立毛肌	身体
颧小肌	身体
腓骨肌下支持带	身体
玻璃体管	身体
乳突旁突	身体
拇背外侧神经	身体
嗅球	身体
阴唇前支	身体
骨内膜	身体
闭孔内肌	身体
下颌小舌	身体
胸椎	身体
双羽状肌	身体
紧张部	身体
视上区	身体
上神经节	身体
中央管	身体
舌扁桃体	身体
腹股沟上外侧浅淋巴结	身体
小网膜	身体
桡腕掌侧韧带	身体
真肋	身体
短伸肌	身体
三角嵴	身体
灰质连合	身体
右淋巴导管	身体
银染色	身体
冈下窝	身体
小指短屈肌	身体
下前段动脉	身体
肉身	身体
尾状叶右管	身体
腓骨头关节面	身体
颧淋巴结	身体
肝胃韧带	身体
尖后段支气管	身体
后纵韧带	身体
滑液鞘	身体
内囊	身体
翼窝	身体
肝肾隐窝	身体
中轴骨连结	身体
鼓室下动脉	身体
蜗孔	身体
海绵体部	身体
盆部	身体
腘窝	身体
内踝	身体
海马旁回	身体
凹间韧带	身体
胸	身体
纤维结缔组织	身体
腮腺浅淋巴结	身体
睫状环	身体
鼻额静脉	身体
外颗粒层	身体
提睾肌筋膜	身体
鼓室小管	身体
舌下前置核	身体
眼球鞘	身体
视区	身体
中央内侧核	身体
喉咽部	身体
上纵隔	身体
瞳孔	身体
甲状舌管	身体
坐骨	身体
桡腕关节	身体
纤维软骨	身体
翼突外侧板	身体
鼓环	身体
人字缝	身体
侧缘	身体
外踝网	身体
盆塘	身体
腰椎	身体
神经纤维	身体
膈纵隔隐窝	身体
拇展肌	身体
腋毛	身体
岩部下面	身体
趾骨背侧韧带	身体
下丘核	身体
隔侧乳头肌	身体
胫神经	身体
脑桥小脑三角	身体
甲状腺峡	身体
肝圆韧带裂	身体
骶外侧静脉	身体
副胰管	身体
软膜	身体
枕平面	身体
禽距	身体
外侧纵弓	身体
股管	身体
软骨部	身体
肩胛上动脉神经	身体
指纤维鞘	身体
臀后线	身体
牙槽间隔	身体
多极神经元	身体
小脑幕	身体
黄斑上小动脉	身体
尾神经	身体
上切迹	身体
膜迷路	身体
上睑	身体
躯干骨	身体
晶状体前面	身体
颅骨	身体
足外侧缘	身体
胰体	身体
泪腺排泄小管	身体
肠系膜上静脉	身体
菱脑峡	身体
听小骨关节	身体
粘多糖蛋白	身体
孖肌	身体
胸背静脉	身体
后缘	身体
腭帆	身体
会阴浅深隙	身体
脊髓小脑前束	身体
髂脊	身体
胰十二指肠上前动脉	身体
跟支	身体
小脑扁桃体支	身体
视器	身体
颧面孔	身体
旋肩胛动脉	身体
外侧突	身体
假肋	身体
延髓静脉	身体
左上肺静脉	身体
骶正中静脉	身体
腰区	身体
传导路	身体
枕叶	身体
上肢带	身体
阴道	身体
阴茎背神经	身体
前庭器	身体
输尿管	身体
会厌软骨前脂体	身体
腓骨头骨间缘	身体
板股后韧带	身体
内脏大小神经	身体
下丘脑	身体
附睾头	身体
胫前淋巴结	身体
山顶	身体
中节趾骨	身体
豆状乳头	身体
阴囊后静脉	身体
对耳轮	身体
脑颅骨	身体
脐区	身体
大转子	身体
束状回	身体
伏隔核	身体
纤维心包	身体
会阴中心腱	身体
免疫细胞化学	身体
上睑弓	身体
螺旋襞	身体
胸锁后韧带	身体
动脉导管三角	身体
顶枕缝	身体
前庭裂	身体
气管杈	身体
腹腔动脉	身体
足关节	身体
右支	身体
总膜脚	身体
软骨区	身体
小脑下脚	身体
尿道面	身体
鼓膜壁	身体
头后大直肌	身体
横突部	身体
肝丛	身体
上丘灰质层	身体
乳突小房	身体
翼管静脉	身体
颞下颌关节静脉	身体
交通后部	身体
阴部内动脉	身体
长头	身体
子宫阔韧带	身体
颈升动脉	身体
二尖瓣	身体
传入神经元	身体
切牙缝	身体
会阴肌	身体
蜗轴螺旋管	身体
牙槽轭	身体
翼钩	身体
尼氏染色	身体
楔束副核	身体
腰骶膨大	身体
头下斜肌	身体
树突棘	身体
交通支	身体
顶枕颞桥束	身体
腺上皮	身体
股动脉	身体
连合下器	身体
恒牙	身体
三叉神经节支	身体
脚间核	身体
腓骨长肌足底腱鞘	身体
表在蛋白	身体
颈静脉孔内突	身体
耻骨上韧带	身体
内侧髓板	身体
薄束结节	身体
脊髓固有束	身体
甲杓肌	身体
关节窝	身体
锁骨	身体
鬓角	身体
鼓乳裂	身体
处女膜痕	身体
椎外后静脉丛	身体
肾髓质	身体
唇支	身体
颞下颌关节	身体
趾骨体	身体
骨间嵴	身体
额角	身体
足底侧	身体
牙间隙	身体
前臂外侧皮神经	身体
蜗轴板	身体
胼胝体辐射	身体
舌骨大小角	身体
阴茎深动脉	身体
顶导静脉	身体
犁骨翼	身体
杓状软骨	身体
闭孔沟	身体
左房室孔	身体
卵巢系膜缘	身体
板前部	身体
关节学	身体
睑部	身体
肺动脉	身体
胸膜顶	身体
椭圆凹	身体
结膜囊	身体
锤骨上韧带	身体
寰椎横韧带	身体
髂尾肌	身体
腱膜下疏松组织	身体
中央旁小叶	身体
局部解剖学	身体
膜内成骨	身体
鞍膈	身体
梨状孔	身体
外侧髓板	身体
拇短伸肌	身体
第四脑室脉络丛	身体
腕掌掌侧韧带	身体
旋前	身体
基底动脉	身体
脱氧葡萄糖法	身体
子宫颈旁组织	身体
外侧韧带	身体
蜗腹侧核	身体
三角窝隆起	身体
胸廓内动脉	身体
骶骨尖	身体
迷路静脉	身体
舌垂直肌	身体
甲周膜	身体
蜗轴	身体
晶状体上皮	身体
下颌关节脱位	身体
神经再生	身体
趾骨头	身体
睾丸鞘膜	身体
血管周围纤维囊	身体
甲根	身体
掌腱膜	身体
肝支	身体
弓形动脉	身体
灰质	身体
骨盆下口	身体
脏层	身体
颗粒小凹	身体
化学神经解剖学	身体
翼突	身体
骶神经	身体
结肠袋	身体
指伸肌和示指伸肌腱鞘	身体
腰肋韧带	身体
内嗅区	身体
右头臂静脉	身体
阴蒂海绵体	身体
口腔	身体
毛交叉	身体
胸廓下口	身体
上结节	身体
腹膜外隙	身体
迷路	身体
顶枕沟	身体
蛛网膜下池	身体
胫腓后韧带	身体
腓肠	身体
颞顶肌	身体
脐环	身体
上泌延核	身体
精索	身体
桡骨头	身体
透明隔腔	身体
肌三角	身体
胸背神经	身体
闭孔后结节	身体
颞骨岩部	身体
卵巢髓质	身体
骨原细胞	身体
上纵束	身体
大脑半球	身体
锥体外系	身体
肩锁关节	身体
尾骨角	身体
断层解剖学	身体
回盲瓣口	身体
前庭窗小窝	身体
直径	身体
枕窦沟	身体
轴浆流	身体
肛尾神经	身体
后背	身体
前降支	身体
体循环	身体
肘正中静脉	身体
肾小体	身体
翼管神经	身体
鼻部	身体
唾液腺	身体
睫前动脉	身体
方形膜	身体
斜方线	身体
胆总管	身体
前庭小脑束	身体
黑质支	身体
锁间韧带	身体
坐骨体	身体
盆面	身体
第一肋间后动脉	身体
输精管动脉	身体
踝沟	身体
动眼神经副核	身体
下肢浅静脉	身体
冰冻蚀刻	身体
小脑下前动脉	身体
腹股沟下浅淋巴结	身体
内侧底支	身体
直肠下动脉	身体
闭孔内肌坐骨囊	身体
额状轴	身体
晶状体	身体
腺垂体	身体
上关节突	身体
鼻甲海绵丛	身体
鼓切迹	身体
化学突触	身体
鼻骨中隔	身体
锥状结节	身体
中指	身体
关节血管环	身体
肠系膜上神经节	身体
内板	身体
虹膜动脉大环	身体
咽升动脉	身体
趾背神经	身体
腭帆张肌	身体
腹股沟镰	身体
视前区	身体
靶器官	身体
手背静脉网	身体
头臂干	身体
中间腰淋巴结	身体
左肋间上静脉	身体
胰十二指肠淋巴结	身体
前骨壶腹	身体
微绒毛	身体
鼻后棘	身体
头肌	身体
胃区	身体
腹股沟内侧窝	身体
肠系膜淋巴结	身体
视网膜颞侧下小动脉	身体
肌膈动脉	身体
止点	身体
迷路壁	身体
下睑板肌	身体
岩孔	身体
鼓索小管鼓室口	身体
睫状突	身体
主动脉后半月瓣	身体
顶间骨	身体
轴体突触	身体
外侧面	身体
尺骨桡切迹	身体
髂后下棘	身体
切牙乳头	身体
嗅沟	身体
二腹肌支	身体
前列腺小管	身体
下睑支	身体
后外侧裂	身体
下牙支	身体
腹腔	身体
蝶腭动脉	身体
精直小管	身体
泌尿器官	身体
指掌侧总神经	身体
无髓神经纤维	身体
外囊	身体
腹股沟支	身体
上干	身体
副腮腺	身体
附睾支	身体
肉膜肌	身体
接触脑脊液神经元	身体
肾大小盏	身体
室间隔支	身体
胸横突间肌	身体
掌深支	身体
颈外侧区	身体
蝶额缝	身体
右结肠动脉	身体
胸锁前韧带	身体
阴部管	身体
眶肌	身体
咽峡	身体
胸肌间淋巴结	身体
玻璃体膜	身体
结节间腱鞘	身体
肠系膜上丛	身体
上外侧面	身体
上丘臂	身体
内囊膝	身体
上筛斑	身体
骨鼻中隔	身体
上直肌	身体
坐骨神经	身体
肠系膜中央淋巴结	身体
肋间神经	身体
直肠上丛	身体
食管支	身体
横突孔	身体
颈外侧下深淋巴结	身体
上叶支	身体
会厌谷	身体
足底外侧神经	身体
直肠	身体
后骨壶腹	身体
细胞间质	身体
尾骨肌	身体
胸部	身体
柄胸结合	身体
肘关节	身体
锁骨下静脉沟	身体
鼻前外侧支	身体
阴囊中隔	身体
棘突	身体
髋臼缘	身体
椎间盘	身体
头皮	身体
耳后神经	身体
甲状腺淋巴结	身体
脊髓节段	身体
子宫静脉	身体
第二鼓膜	身体
耳郭后沟	身体
心室	身体
听小骨	身体
鼓索	身体
球结膜	身体
尾小凹	身体
尖段支气管	身体
喉腔	身体
额囟	身体
幽门管	身体
膝静脉	身体
咽囊	身体
枕三角	身体
前腹侧核	身体
板后部	身体
结节区	身体
子宫颈	身体
上前段	身体
胃面	身体
分歧韧带	身体
肝圆韧带	身体
心内膜	身体
小腿关节	身体
外侧嗅纹	身体
舟骨粗隆	身体
锁骨下肌神经	身体
椎上下切迹	身体
横突肋凹	身体
腹膜后间隙	身体
滑车下神经	身体
肌梭	身体
壶腹骨脚	身体
原裂	身体
交叉肌	身体
左肺心切迹	身体
内侧韧带	身体
胆总管括约肌	身体
下颌骨	身体
角环肌	身体
胫腓前韧带	身体
人身	身体
肺丛	身体
小腿前区	身体
筛前神经	身体
左腰淋巴结	身体
距跟骨间韧带	身体
扣带支	身体
扁平足	身体
网膜囊	身体
椎前静脉	身体
第四脑室正中孔	身体
滑膜脂垫	身体
肋头关节面	身体
子宫旁淋巴结	身体
连合尖	身体
颧颞支	身体
视网膜鼻侧上小静脉	身体
尿生殖膈下筋膜	身体
胃大弯	身体
肩关节囊	身体
蝶顶缝	身体
关节支	身体
腰眼	身体
腋窝	身体
下丘脑后核	身体
玻璃体基质	身体
眼神经	身体
前方内侧	身体
连合核	身体
前臂筋膜	身体
髌尖	身体
掌骨骨间韧带	身体
颈横神经	身体
弹性圆锥	身体
胸骨角	身体
近固定	身体
颈下心神经	身体
后旁正中核	身体
突角触前膜	身体
鼻根点	身体
三叉神经腔	身体
腘动脉	身体
岛叶	身体
成骨细胞	身体
眼下静脉	身体
比目鱼肌	身体
胃前支	身体
腓肠动脉	身体
前外侧中央动脉	身体
前跟关节面	身体
肩峰关节面	身体
颈静脉切迹	身体
甲床	身体
指间关节	身体
后外侧囟	身体
楔束结节	身体
上睑静脉	身体
睫状襞	身体
适中型	身体
半月瓣小结	身体
颅结合	身体
外侧膝状体支	身体
出球小动脉	身体
趾长伸肌	身体
咽外侧间隙	身体
左房室瓣	身体
前乳头肌	身体
颗粒层	身体
镫骨襞	身体
小圆肌	身体
椎内前静脉丛	身体
降结肠	身体
原皮质	身体
唇腺	身体
股深动脉	身体
奇静脉	身体
中脑水管	身体
楔舟足底韧带	身体
内淋巴管	身体
菌状乳头	身体
尿道嵴	身体
颊支	身体
下降	身体
肺静脉口	身体
哈佛氏骨板	身体
升结肠	身体
跟舟韧带	身体
枕囟	身体
前臂旋前	身体
鼓索襞	身体
气管前淋巴结	身体
面神经管	身体
颅底外面	身体
阴蒂背浅静脉	身体
肩胛上静脉	身体
胸膜腔	身体
上部	身体
棘肌	身体
盲孔	身体
斜索	身体
缘层	身体
内侧束	身体
髓纹	身体
胸核	身体
左肺	身体
苍白球	身体
多巴胺能神经元	身体
上矢状窦	身体
颧突	身体
感觉根	身体
网状部	身体
尿道海绵体小梁	身体
颈筋膜	身体
筛孔	身体
杏仁体	身体
中床突	身体
下端	身体
肋短提肌	身体
骶曲	身体
旋腓骨支	身体
鼓室丛交通支	身体
橄榄小脑纤维	身体
环杓关节囊	身体
臀小肌转子囊	身体
股前区	身体
中筛窦	身体
主动脉口	身体
第三转子	身体
鼻泪管	身体
胼胝体后静脉	身体
怪网	身体
大脑中浅静脉	身体
肱骨髁	身体
附睾窦	身体
咽颅底筋膜	身体
豆状核后部	身体
软骨	身体
舌前腺	身体
起核	身体
上后锯肌	身体
明带	身体
距骨后突	身体
迷走神经	身体
股二头肌下腱下囊	身体
神经元变性	身体
示指	身体
蝶角	身体
椭圆囊隐窝	身体
韧带连结	身体
腓骨体	身体
室旁垂体束	身体
腭降动脉	身体
远中面	身体
眶隆起	身体
腰三角	身体
幕切迹	身体
下颌圆枕	身体
腹膜会阴筋膜	身体
股二头肌腱	身体
背外侧被盖区	身体
腹环	身体
直肠膀胱肌	身体
横束	身体
硬膜外脂肪	身体
主动脉前淋巴结	身体
腹外侧核	身体
足底韧带	身体
裸区	身体
耳软骨峡	身体
海马结构	身体
骰舟背侧韧带	身体
小梁	身体
肋间最内肌	身体
蜗管	身体
近中面	身体
趾背动脉	身体
口咽	身体
咽鼓管扁桃体	身体
掌心动脉	身体
淋巴干	身体
臂旁内侧核	身体
睑外侧缝	身体
孤束核	身体
股二头肌上囊	身体
髂腰肌	身体
浅部	身体
后底段	身体
翼肌粗隆	身体
枕骨大孔	身体
岩下窦	身体
臀上皮神经	身体
提携角	身体
左冠状动脉	身体
面肌	身体
掌背动脉	身体
外眦	身体
牙颈	身体
传入神经纤维	身体
顶核	身体
颈上心神经	身体
腰神经	身体
左头臂静脉	身体
二腹肌窝	身体
直肠上下动脉	身体
手关节	身体
水平面	身体
怀抱	身体
纤维软骨联合	身体
耻骨联合面	身体
膜壶腹	身体
舌咽神经	身体
肝静脉	身体
车轴关节	身体
运动神经元	身体
肠系膜根	身体
骶翼	身体
腹侧被盖区	身体
睾丸动脉	身体
带旁核	身体
下肢带骨	身体
肩峰角	身体
滑膜囊	身体
豌豆骨关节	身体
喙肱韧带	身体
颈鼓小管	身体
尺动脉	身体
内侧隆起	身体
咽穹	身体
髁上突	身体
胸肌静脉	身体
小腹	身体
自主神经系统	身体
杓会厌部	身体
去甲肾上腺素能神经元	身体
指掌侧静脉	身体
甲状会厌部	身体
耳屏	身体
角膜顶	身体
左束支	身体
骨质	身体
直肠尿道肌	身体
腭筛缝	身体
髂骨体	身体
下颌骨髁突	身体
腓骨肌上下支持带	身体
翼突内侧板	身体
第四脑室	身体
动脉网	身体
网膜	身体
菱形核	身体
十二指肠上动脉	身体
犁骨	身体
后窦	身体
泪河	身体
膀胱静脉丛	身体
内眦动脉	身体
室间隔肌部	身体
肠系膜上动脉	身体
旋前肌粗隆	身体
结膜腺	身体
鞘间隙	身体
肋角	身体
股环隔	身体
内侧膝状体	身体
海绵体中隔	身体
髂总淋巴管	身体
岩大神经管裂孔	身体
角回动脉	身体
定点	身体
脊柱部	身体
后脚	身体
外膜壶腹	身体
砧骨窝	身体
靶组织	身体
鞘突剩件	身体
骶棘肌	身体
临床冠	身体
中跟关节面	身体
中央上核	身体
乳腺叶	身体
膀胱静脉	身体
背屈	身体
滋养孔	身体
腋静脉	身体
耳后动脉	身体
眶下动脉	身体
背外侧核	身体
结肠动脉	身体
髋关节	身体
小菱形肌	身体
内侧板	身体
内脏最下神经	身体
外侧脚	身体
颈襻	身体
耳后静脉	身体
下颌头	身体
干骺端	身体
腘肌沟	身体
小脑扁桃体	身体
内侧脚	身体
脑桥静脉	身体
下外侧面	身体
支气管食管肌	身体
枕髁	身体
颈静脉下球	身体
颞线	身体
趾长伸肌腱鞘	身体
心静脉	身体
胸膜	身体
十二指肠后动脉	身体
结构基础	身体
舌面	身体
第三腓骨肌	身体
小腿筋膜	身体
十二指肠压迹	身体
骨骺	身体
肺动脉杈	身体
肌下囊	身体
桡窝	身体
交感干	身体
胰十二指肠静脉	身体
神经胶质	身体
巩膜棕黑层	身体
外耳门	身体
寰枕后膜	身体
绒毛襞	身体
腓神经交通支	身体
三叉神经运动核	身体
大脑脚支	身体
薄束	身体
平缝	身体
黑质	身体
静脉网	身体
乳头体	身体
髂内淋巴结	身体
腱索	身体
咽结节	身体
阴道口	身体
颈前淋巴结	身体
中纵隔	身体
尾骨	身体
上颌神经	身体
主动脉前庭	身体
腓淋巴结	身体
提上唇鼻翼肌	身体
肛动脉	身体
外侧纵纹	身体
尾状核	身体
泪腺动脉	身体
跟区	身体
股静脉	身体
肋体	身体
颈肋	身体
神经回路	身体
突触间隙	身体
枕乳突缝	身体
网膜支	身体
股方肌	身体
颧骨	身体
椎体	身体
子宫右缘	身体
骨干	身体
弓状静脉	身体
室间隔膜部	身体
筋膜下囊	身体
距舟关节	身体
后距关节面	身体
肌膜	身体
半身	身体
釉质	身体
下托	身体
尺骨茎突	身体
感觉神经元	身体
前列腺提肌	身体
副肾上腺	身体
枕淋巴结	身体
小指伸肌腱鞘	身体
左支	身体
尻	身体
半月线	身体
颞支	身体
腹壁上动脉	身体
胃网膜左静脉	身体
后角头	身体
第三脑室	身体
脑桥中脑前静脉	身体
屈肌总腱鞘	身体
横结肠	身体
肱动脉	身体
感觉器	身体
喉室	身体
肝韧带	身体
扫描电镜术	身体
眼动脉	身体
髂外动脉	身体
乳突壁	身体
前臂内侧缘	身体
环咽部	身体
甲状软骨板	身体
背部	身体
伸肌上下支持带	身体
阴唇前静脉	身体
角回	身体
腮腺静脉	身体
直肠阴道隔	身体
胸腔膜	身体
鼓膜上隐窝	身体
迷走神经交通支	身体
颈动脉管	身体
睫状小带	身体
楔状软骨	身体
椎间静脉	身体
坐骨大小切迹	身体
血管	身体
睫状肌	身体
身躯	身体
中叶	身体
颧区	身体
海绵体膜	身体
鼓室上动脉	身体
伸肌支持带	身体
胫骨后肌	身体
舌背支	身体
中距关节面	身体
腹上窝	身体
耳深动脉	身体
岩鳞裂	身体
鼓室后动脉	身体
晶状体后极	身体
脑桥被盖网状核	身体
舌腱膜	身体
楔骰骨间韧带	身体
胃膈韧带	身体
肺浮扬实验	身体
滑车神经	身体
静脉韧带	身体
大阴唇	身体
子宫内膜	身体
颞颧缝	身体
二分髌骨	身体
帽状腱膜	身体
眶下缝	身体
血管丛	身体
室周器	身体
髌下滑膜襞	身体
胼胝体干	身体
手掌	身体
垂体门静脉	身体
胸外侧神经	身体
眶缘	身体
下颌下腺管	身体
支气管	身体
中间外侧核	身体
胃襞	身体
上孖肌	身体
壶腹	身体
鳞顶缝	身体
视辐射	身体
髌内侧支持带	身体
锤凸	身体
肋间前支	身体
面横动脉	身体
扁桃体支	身体
枢椎齿突	身体
距骨颈	身体
盆内脏神经	身体
头前直肌	身体
臀下动脉	身体
羟色胺能神经元	身体
颈内动脉	身体
砧骨后韧带	身体
支气管支	身体
颈阔肌	身体
左肺小舌	身体
子宫峡	身体
丘脑网状核	身体
胃穹窿	身体
耳颞神经	身体
肾丛	身体
后室间静脉	身体
上丘连合	身体
胰下动脉	身体
窦汇	身体
腭大管	身体
上迷小管	身体
眶上动脉	身体
尖后支	身体
皮质内侧部	身体
肾段	身体
锁骨下动静脉	身体
尿道逼尿肌	身体
腓骨颈	身体
巩膜外静脉	身体
腰杆	身体
腭肌和咽门肌	身体
桡神经沟	身体
前房	身体
跟骰足底韧带	身体
额内侧回	身体
耳甲腔	身体
上肋凹	身体
中鼻道前房	身体
右后外侧支	身体
顶结节	身体
小脑谷	身体
指伸肌	身体
旋前方肌	身体
内侧缘静脉	身体
淋巴小结	身体
跖间骨	身体
股骨内上髁	身体
鼻孔	身体
下颌下神经节	身体
乳头突	身体
气管	身体
尿道海绵体腔	身体
输乳管窦	身体
视轴	身体
两侧椎弓骨化中心	身体
自由上肢	身体
免疫电镜法	身体
副闭孔神经	身体
蜗底	身体
尺静脉	身体
锯状缝	身体
降鼻中隔肌	身体
脊柱旁线	身体
距舟韧带	身体
视网膜内侧小动脉	身体
臀肌粗隆	身体
匙突	身体
视交叉	身体
豆状突	身体
延髓中缝	身体
腰椎骶化	身体
下颌咽部	身体
大脑导水管	身体
方形小叶后部	身体
幽门淋巴结	身体
横窦	身体
静脉丛	身体
声带	身体
小腿外侧区	身体
经线纤维	身体
肺根	身体
喙肩弓	身体
肾静脉	身体
腮腺支	身体
下孖肌	身体
漏斗	身体
心房支	身体
颈横突间前肌	身体
骶结节韧带	身体
耳上肌	身体
自主神经腹部	身体
耻骨体	身体
胸骨下角	身体
运动系统	身体
牙槽孔	身体
咽鼓管鼓室口	身体
脑神经节	身体
髌面	身体
颈总动脉	身体
喉结	身体
三角肌	身体
嗅束	身体
乳突上嵴	身体
上唇结节	身体
肩胛冈	身体
终神经	身体
终板血管器	身体
锥体底	身体
额缝	身体
血液	身体
玻璃体房	身体
阴道前庭窝	身体
腕中关节	身体
椎动脉沟	身体
投射纤维	身体
颈夹肌	身体
染色体	身体
腭缝	身体
螺旋器	身体
阴唇后支	身体
异常	身体
前臂内外侧皮神经	身体
腰回旋肌	身体
耳屏间切迹	身体
腔静脉孔	身体
脑干网状结构	身体
坐骨海绵体肌	身体
肾小球	身体
半规管固有膜	身体
扁骨	身体
豆状核	身体
前纵韧带	身体
鹰嘴	身体
顶核桥延束	身体
内侧核群	身体
肱骨小头	身体
底部	身体
额状面	身体
右肺上叶	身体
胸外侧动脉	身体
腱纽	身体
趾腱鞘	身体
颞叶	身体
右心房	身体
颊肌	身体
髂总动脉	身体
股骨体	身体
黄斑上小静脉	身体
深筋膜	身体
项平面	身体
咽门	身体
脾支	身体
乳晕静脉丛	身体
腰横突间内侧肌	身体
颈浅动脉	身体
肋下肌	身体
叶间静脉	身体
椎弓	身体
跗跖足底韧带	身体
跟内侧支	身体
足舟骨	身体
外侧膝状体	身体
尺侧腕屈肌	身体
髂筋膜	身体
肩胛背神经	身体
呼吸性细支气管	身体
突触囊泡	身体
瞳孔缘	身体
腭横缝	身体
眶支	身体
坐骨大孔	身体
尿道括约肌	身体
胸骨舌骨肌	身体
下前段	身体
内侧	身体
蝶犁缝	身体
趾足底固有动脉	身体
示指伸肌	身体
突触小球	身体
少突胶质细胞	身体
会厌	身体
鼻尖	身体
小收肌	身体
眶上孔	身体
会阴浅横肌	身体
尺骨鹰嘴	身体
方形肌	身体
室旁核	身体
回肠静脉	身体
丘脑上辐射	身体
翼棘突	身体
右肺中叶支气管	身体
第三趾	身体
胫前返动脉	身体
内侧底段支气管	身体
前锯肌	身体
内侧段	身体
距腓前韧带	身体
横突	身体
前臂内侧皮神经	身体
肘浅淋巴结	身体
髋臼窝	身体
视网膜下丘脑纤维	身体
隔缘肉柱	身体
回结肠静脉	身体
胰管	身体
前层	身体
腋腔	身体
主动脉球	身体
拇长屈肌	身体
视神经	身体
半羽肌	身体
皮质脊髓侧束	身体
楔小脑纤维	身体
脉管神经	身体
丘系交叉	身体
前根动脉	身体
腋筋膜	身体
阴唇前神经	身体
前弓	身体
盆汤	身体
鼻睫根	身体
指趾骨	身体
臀下淋巴结	身体
滑车上淋巴结	身体
骶盆面	身体
展神经	身体
跗跖关节	身体
闭膜管	身体
回肠动脉	身体
指骨滑车	身体
额结节	身体
颈彭大	身体
后腺支	身体
心肌	身体
腕关节	身体
颈上神经节	身体
腮腺	身体
纵隔	身体
三尖瓣前尖	身体
跗骨足底韧带	身体
前胸	身体
后突	身体
下唇静脉	身体
嗅神经	身体
骶正中嵴	身体
额枕束	身体
十二指肠	身体
前外侧沟	身体
额叶底外侧动脉	身体
心涡	身体
腭舌肌	身体
肝下隐窝	身体
环层	身体
独立缘	身体
延髓外侧支	身体
舌下静脉	身体
腹前核	身体
盲肠后动脉	身体
括约肌	身体
第四脑室盖	身体
终室	身体
腮腺咬肌区	身体
神经原纤维	身体
输精管	身体
项韧带	身体
脾丛	身体
脊髓丘脑束	身体
肠系膜下神经节	身体
下颌缘支	身体
咽静脉丛	身体
上吻合静脉	身体
临床根	身体
右房室瓣	身体
精索被膜	身体
腭骨	身体
脉管系统	身体
寰椎	身体
跖骨头间静脉	身体
楔叶	身体
翼管动脉	身体
中节指骨	身体
颧缘	身体
指浅屈肌	身体
肝纤维附件	身体
枕乳缝	身体
肝胰壶腹	身体
颈髂肋肌	身体
新皮质	身体
女性外生殖器官	身体
疑核	身体
腹膜腔	身体
卵巢动脉	身体
原发	身体
枕动脉	身体
壁胸膜	身体
上腹	身体
右曲动脉	身体
左卵巢静脉	身体
协同肌	身体
枕区	身体
上颌动脉	身体
椎骨连结	身体
长中央动脉	身体
中间线形核	身体
外半规管	身体
幽门部	身体
穹窿	身体
桡侧腕屈肌腱鞘	身体
鼻阈	身体
大脑静脉	身体
肋间淋巴结	身体
手指掌面	身体
杵臼关节	身体
嗅器	身体
锥状韧带	身体
下面	身体
蓝斑核	身体
甲状腺上静脉	身体
锁骨下动脉	身体
十二指肠下襞	身体
视上垂体束	身体
蝶枕软骨结合	身体
水平板	身体
尺骨头	身体
心包前淋巴结	身体
额上回	身体
中央前回	身体
视盘陷凹	身体
筛静脉	身体
内侧纵纹	身体
胸曲	身体
枕下肌	身体
左叶	身体
肋弓	身体
胰岛	身体
睾丸小叶	身体
肋软骨	身体
翼内肌	身体
纵束	身体
视束支	身体
切线神经纤维	身体
乳房悬韧带	身体
顶盖前区	身体
直肠旁淋巴结	身体
脊神经节	身体
远节趾骨	身体
胸上动脉	身体
前柱	身体
束旁核	身体
额窦口	身体
颈动脉三角	身体
肱二关肌外侧沟	身体
脊髓	身体
嗅腺	身体
下舌段支气管	身体
前庭外侧核	身体
固有口腔	身体
枕外隆突	身体
斜方体核	身体
肋间前静脉	身体
壁层	身体
蜗迷路	身体
肾小盏	身体
动静脉吻合	身体
横结肠系膜	身体
耳朵	身体
视网膜鼻侧下小静脉	身体
下颌神经	身体
室间沟	身体
大脑上静脉	身体
筛上颌缝	身体
冠状窦瓣	身体
脑神经核	身体
脉管壁血管	身体
犁骨沟	身体
副交感支	身体
指深屈肌	身体
神经元染质溶解	身体
甲状软骨	身体
腔静脉后淋巴结	身体
蓝斑	身体
阴囊前神经	身体
尿道前列腺部	身体
上丘白质层	身体
咽缝	身体
回盲瓣系带	身体
髁间隆起	身体
薄膜	身体
腹	身体
下颌淋巴结	身体
展神经核	身体
脂膜	身体
齿状核	身体
基底部	身体
脉络丛后外侧支	身体
鼓索小管	身体
肩胛舌骨肌	身体
颞肌	身体
骶角	身体
肝小叶	身体
右锁骨下干	身体
眶脂体	身体
前室间沟	身体
乳突支	身体
叠瓦状	身体
灰结节支	身体
尾状突	身体
斜方肌腱下囊	身体
肌咽鼓管隔	身体
胸神经节	身体
中心腱	身体
臀下线	身体
结肠带	身体
骨盆骶岬	身体
腹皮下静脉	身体
前庭盲端	身体
牙本质	身体
斜部	身体
尾侧	身体
腭升动脉	身体
鞍状关节	身体
远节趾骨粗隆	身体
前段支气管	身体
软脊膜	身体
运动神经	身体
镫骨环状韧带	身体
岛短回	身体
颈静脉神经	身体
阴茎头冠	身体
蚓状肌	身体
侧副沟	身体
锤骨柄	身体
上髓帆	身体
上身	身体
肩胛上横韧带	身体
前列腺部	身体
软骨性外耳道	身体
喉神经襞	身体
肱桡关节	身体
髂窝穿孔	身体
篮细胞	身体
胸肩峰静脉	身体
直肠子宫襞	身体
阴茎头中隔	身体
腱滑膜鞘	身体
足心动脉	身体
颈外静脉	身体
骨间后静脉	身体
胫骨	身体
眶部	身体
手背	身体
桡神经	身体
翼腭窝	身体
肺门	身体
耳轮脚沟	身体
后床突	身体
上唇静脉	身体
钩回静脉	身体
骨间后动脉	身体
小舌	身体
结节	身体
升结肠系膜	身体
下丘脑前核	身体
十二指肠旁隐窝	身体
直肠膀胱陷凹	身体
蜗管前庭壁	身体
肌咽鼓管	身体
球窝关节	身体
右部	身体
胫前动脉	身体
旋后肌嵴	身体
鼻骨孔	身体
肾锥体	身体
岩部静脉	身体
肛提肌腱弓	身体
趾纤维鞘	身体
三角肌支	身体
骶静脉丛	身体
眶回	身体
轮廓乳头	身体
胼胝体背侧静脉	身体
前臂后区	身体
外侧根	身体
肾小囊	身体
肠系膜下动脉	身体
组织	身体
绒球小结叶	身体
边缘叶	身体
掌骨间关节	身体
味器	身体
上颌间缝	身体
身板	身体
副神经	身体
视神经盘	身体
心包外侧淋巴结	身体
软骨化骨	身体
食管丛	身体
冠突窝	身体
感觉器官	身体
肾盏	身体
心包	身体
松弛部	身体
方形结节	身体
正中神经伴行动脉	身体
木乃伊	身体
圆锥乳头	身体
壶腹膜脚	身体
脊支	身体
体腔	身体
荧光素标记法	身体
墓道	身体
脑桥被盖部	身体
肝叶	身体
颈半棘肌	身体
覆膜	身体
内翻	身体
面神经区	身体
前开叉	身体
岩部后面	身体
胃管	身体
舌淋巴结	身体
骨学	身体
泪囊	身体
鼻软骨	身体
腕骨间掌侧韧带	身体
周围支	身体
闭孔静脉	身体
桡尺近侧关节	身体
小凹	身体
弓状嵴	身体
乳头体内侧核	身体
尾状核头	身体
玻璃体窝	身体
岩部前缘	身体
古皮质	身体
人体	身体
长伸肌腱鞘	身体
外侧缘	身体
小脑丘脑束	身体
纤维囊	身体
颈总动脉丛	身体
上面	身体
腹膜外器官	身体
睫毛腺	身体
坐骨小切迹	身体
底段上静脉	身体
周身	身体
耳毛	身体
腕桡侧副韧带	身体
颞浅静脉	身体
锁骨胸肌三角	身体
中央后支	身体
中央旁沟	身体
鼻中隔后支	身体
剑肋角	身体
边缘动脉	身体
眼内部	身体
第三肝门	身体
呼吸系统	身体
终足	身体
直肠下静脉	身体
髂总中间淋巴结	身体
外侧弓状韧带	身体
外淋巴隙	身体
岩部上缘	身体
股后区	身体
右肺上叶支气管	身体
中结肠淋巴结	身体
颏舌骨肌	身体
腺内淋巴结	身体
小腿内侧皮支	身体
视束	身体
螺旋板钩	身体
邻接面	身体
右肾上腺静脉	身体
胸膜隐窝	身体
终纹床核	身体
淋巴系	身体
小胶质	身体
梭形	身体
淋巴系统	身体
大肠	身体
主动脉杈	身体
动脉圆锥支	身体
后固有束	身体
桡骨环状关节面	身体
半月板	身体
脊梁	身体
舌下神经交通支	身体
直肠上静脉	身体
鸡胸	身体
内脏小神经	身体
幽门括约肌	身体
股骨内侧髁	身体
鳞缝	身体
肘后区	身体
耳廓	身体
上腔静脉口	身体
足背动脉	身体
腓骨滋养动脉	身体
胆囊颈	身体
海绵窦	身体
腭突	身体
胸内脏神经节	身体
节间支	身体
髂粗隆	身体
神经束膜	身体
额突	身体
胸肩峰动脉	身体
胫骨内侧髁	身体
大孔	身体
上颌窦支	身体
半月瓣	身体
岛长回	身体
髂腰动脉	身体
副左肾动脉	身体
骺板	身体
枕内后结合	身体
前臂骨间膜	身体
左结肠静脉	身体
肉体	身体
细胞核	身体
额鼻缝	身体
睫毛	身体
胰管括约肌	身体
腓肠内侧皮神经	身体
腭大沟	身体
脑脊液	身体
顺向轴突输送	身体
膈胸膜筋膜	身体
椎间孔	身体
耻骨梳	身体
头部	身体
巴林顿核	身体
楔间骨间韧带	身体
颊肌淋巴结	身体
桡尺	身体
皮下囊	身体
子宫肌层	身体
胸骨肌	身体
胸内侧神经	身体
局部淋巴结	身体
胸骨旁淋巴结	身体
降主动脉	身体
内侧段支气管	身体
锤骨前韧带	身体
皮嵴	身体
沟前部	身体
小脑中央前静脉	身体
髂外内侧淋巴结	身体
牙槽部	身体
颏下三角	身体
腹横肌	身体
骶正中孔	身体
跖浅横韧带	身体
羽状肌	身体
翼内肌神经交通支	身体
下腔静脉瓣	身体
犁鞘管	身体
穿支	身体
齿突尖韧带	身体
前庭神经脊束	身体
肛瓣	身体
边缘系统	身体
毛涡	身体
颧神经	身体
岛回	身体
腹侧网状核	身体
弓状下窝	身体
耻骨梳韧带	身体
受体	身体
中缝大核	身体
粗线	身体
枕前切迹	身体
内侧面	身体
开叉	身体
足背筋膜	身体
砧骨襞	身体
下肢肌	身体
阴蒂背神经	身体
胯	身体
颊区	身体
阴部外动脉	身体
蔓状静脉丛	身体
面静脉	身体
单动关节	身体
头夹肌	身体
上颌突	身体
脐内侧襞	身体
髓鞘	身体
睾丸实质	身体
额下回	身体
透明隔前静脉	身体
翼沟	身体
下纵束	身体
水平	身体
栓状核	身体
胫后静脉	身体
筛突	身体
鼻腔	身体
睑后面	身体
筛切迹	身体
降眉间肌	身体
寰椎十字韧带	身体
梨状肌神经	身体
眉毛	身体
动点	身体
脑膜中动脉沟	身体
甲状腺最下动脉	身体
胫后淋巴结	身体
肝结肠韧带	身体
乳牙	身体
丘脑中央辐射	身体
颏唇沟	身体
内侧软骨板	身体
房间束	身体
中央小叶	身体
内淋巴囊	身体
后底支	身体
颏动脉	身体
喉中间腔	身体
肾神经节	身体
短收肌	身体
髂外外侧淋巴结	身体
前庭脊髓束	身体
扁桃体隐窝	身体
肘关节网	身体
阴茎悬韧带	身体
嗅脑沟	身体
颈内动脉静脉丛	身体
眉间	身体
表面解剖学	身体
未定带	身体
原动肌	身体
胸廓骨	身体
乳头线	身体
矢状	身体
对耳轮窝	身体
上鼻道	身体
腋前线	身体
皮支持带	身体
鼻腭短神经	身体
尺神经手背支	身体
吻合	身体
腕关节面	身体
前庭球中间部	身体
终核	身体
前筛窦	身体
膈下隐窝	身体
后乳头肌	身体
指掌侧固有动脉	身体
股骨大转子	身体
胸半棘肌	身体
十二指肠空肠曲	身体
主动脉肾神经节	身体
内质网	身体
胸骨前区	身体
滑膜关节	身体
大脑沟	身体
纹状体	身体
交互突触	身体
锁骨上部	身体
肺尖	身体
下丘脑前区	身体
分裂韧带	身体
盲肠后隐窝	身体
舌底神经	身体
脉络丛前动脉	身体
前庭	身体
眶沟	身体
肱尺头	身体
环甲正中韧带	身体
耻骨下角	身体
小脑中脚	身体
肱骨外上髁	身体
泪器	身体
中腹部	身体
