娃娃菜包	食品
武定鸡	食品
长青椒	食品
生姜	食品
柚子	食品
罗非鱼	食品
可可	食品
老香芋	食品
温江酥糖	食品
金桔丝	食品
帽山萝卜	食品
枞阳大萝卜	食品
干面条	食品
其他调味品	食品
大白菜	食品
山东冻鸭	食品
红薯叶	食品
花皮西瓜	食品
包心芥菜	食品
欧粉一号	食品
咸鸭蛋个	食品
黄秋葵	食品
肠头	食品
连作	食品
京白菜	食品
迷你西瓜	食品
槟榔子	食品
菱角菜	食品
莲雾	食品
花生酥心糖	食品
如皋董糖	食品
牛腿肉	食品
仙人掌果	食品
鸭肠	食品
大黄姜	食品
津杂三号	食品
四川新姜	食品
进口香蕉	食品
方便米粉	食品
克新一号	食品
美人指	食品
带汁雕梅	食品
桂圆	食品
热白萝卜	食品
速度甜玉米	食品
绿豆芽	食品
一葵玉桂粉瓶	食品
无铅松花蛋个	食品
面条	食品
丝瓜花	食品
巨玫瑰葡萄	食品
食盐	食品
日本桔瓜	食品
富士苹果	食品
冬菜	食品
生菜	食品
肉质果	食品
新鲜黑毛肚	食品
脐橙四号	食品
包浆豆腐块	食品
瓜果类	食品
朗姆酒	食品
西生菜	食品
罐头水果	食品
李锦记财神耗油瓶	食品
寸金	食品
鲜面条	食品
春笋	食品
饼干糕点	食品
儿童钙质饼干	食品
怀来杏脯	食品
普通饵块个	食品
猫爪子菜	食品
富春堂烤薯干	食品
可可果	食品
玉香粉瓶	食品
鹅翅	食品
兰花包	食品
葡萄皮	食品
国产青提	食品
藁城贡面	食品
去皮前腿肉	食品
东升满堂红萝卜	食品
红加仑	食品
矮豇豆	食品
黄玉葱	食品
荷兰豆	食品
清徐葡萄	食品
甜脆包谷米	食品
桑椹	食品
冰糖散	食品
内菠一号	食品
伏特加酒	食品
花边生菜	食品
红皱皮椒	食品
黄飞碟辣椒	食品
海螺罐头	食品
黄喉	食品
小香芹绿	食品
芭蕉叶袋	食品
老干妈水豆豉瓶	食品
凉瓜	食品
疗效糖果	食品
东京绿	食品
岳西茭白	食品
果肉	食品
泡芙	食品
韭菜苔	食品
龙爪菜	食品
碧杉连作	食品
洋花菜	食品
华曦牌白皮鸡蛋	食品
太空椒	食品
四川黄姜	食品
老豆腐	食品
熟猪耳	食品
麻辣酱桶装	食品
海马	食品
东北顶球洋葱	食品
大山药	食品
相思菜板	食品
薯条	食品
孔明菜	食品
芥菜	食品
白果	食品
香悦葡萄	食品
七甸卤腐中罐	食品
广祥泰老抽瓶	食品
芝麻酥糖	食品
黑加仑	食品
神园葡萄	食品
木洞晒枣	食品
椰皇	食品
牛霖	食品
即冲汤料	食品
朝鲜蓟	食品
银针菇	食品
苤茢	食品
鸡肉	食品
带皮后腿肉	食品
海棠果	食品
津春四号	食品
美洲防风	食品
人参菜	食品
果裸	食品
罗汉果个	食品
长治山楂饼	食品
豆类	食品
速冻花菜	食品
长寿沙田柚	食品
甘肃红葱	食品
蜜饯类	食品
丁香榄	食品
咖喱蔬菜	食品
粮食	食品
紫菜提	食品
三道筋	食品
珍珠参	食品
红旱菜	食品
盐焗鸡粉袋	食品
青椒	食品
番杏	食品
荸荠	食品
火碱	食品
枇杷	食品
曹庵草莓	食品
食用油	食品
本地火腿	食品
桂林酥糖	食品
华美二号	食品
薄荷饼糖	食品
草莓	食品
徐舍小酥糖	食品
小核龙眼	食品
鳖类	食品
白芷	食品
大青皮冬瓜	食品
速冻黄瓜	食品
费约果	食品
美国大速生	食品
洗藕	食品
朝鲜蓟富贵菜	食品
鸡油菌	食品
山毛榉坚果	食品
马拉斯奇诺樱桃	食品
大籽水萝卜	食品
宜昌橙	食品
神秘果	食品
辣椒红	食品
畸形水果	食品
青柠	食品
树仔菜	食品
罗平黄姜	食品
蛋制品	食品
满天星把	食品
前腿肉	食品
酒类	食品
葡萄干	食品
沈阳白冰糖	食品
血糖	食品
豆腐皮	食品
茨菇	食品
晋蜜梨	食品
血旺	食品
结球白菜	食品
豆尖	食品
刺角瓜	食品
细米线	食品
薹菜	食品
罗汉菜瓢儿菜	食品
鸡小腿	食品
桂圆肉	食品
咖啡豆	食品
通海豆末糖	食品
莱阳梨	食品
胡萝卜	食品
绿细尖椒	食品
小番茄	食品
无碱鲜面条	食品
什锦果酱瓶	食品
红虾酥心糖	食品
刺青瓜	食品
红山药	食品
大腌菜	食品
庐山香猕猴桃	食品
金花菜	食品
香油米花糖	食品
红杂十八番茄	食品
长春密刺	食品
生态小黄瓜	食品
莲藕	食品
干鸡油菌	食品
罗马直立生菜	食品
地皮菜	食品
枣核	食品
攀枝花袋	食品
大块红糖	食品
大青椒	食品
卡夫奇妙酱瓶	食品
直葱	食品
意大利瓜	食品
哈密瓜汁罐头	食品
雅法橙	食品
黑秀长茄	食品
免疫抗疲劳	食品
梧州早芥蓝	食品
新鲜香茅草	食品
白莲藕	食品
鹅肠草	食品
保健食品	食品
温州蜜橘	食品
沙参	食品
去皮姜	食品
黑豆腐干	食品
白山药	食品
农春大根	食品
红曲米	食品
龙虾酥糖	食品
瓜拿纳	食品
灰挑菜	食品
佛手蜜饯	食品
广州红皮洋葱	食品
九江双蒸酒瓶	食品
红小番茄	食品
川弓	食品
蜜豆甜脆豆	食品
东古白醋瓶	食品
块茎类	食品
早玛瑙	食品
花边生菜唐生菜	食品
去皮茭瓜	食品
包浆豆腐	食品
调味油	食品
味精	食品
梨	食品
黄金梨	食品
细心子	食品
无眼菠萝	食品
富贵菜	食品
大白苦瓜	食品
果汁综合症	食品
进口红蛇	食品
湘西外婆菜	食品
耳羽岩蕨	食品
牛腿瓜	食品
松江兰花小茄	食品
咸蛋黄红太阳袋	食品
莲花白	食品
泥鳅大	食品
睡眠	食品
红参须	食品
仙人掌	食品
新鲜小米辣	食品
河粉包	食品
冷冻粗加工水产品	食品
叶萝卜	食品
翠冠梨	食品
萝卜缨	食品
无核糖枣	食品
伊予柑	食品
脐血橙	食品
芝麻油瓶	食品
日落红色素瓶	食品
内脂豆腐盒	食品
黑木耳	食品
朝优九号	食品
酢橘	食品
绿小米辣	食品
大苦菜	食品
面包糠包	食品
红彩椒	食品
寒兴葱	食品
贡棱豆洋蓟	食品
海蜇丝	食品
山东黄姜	食品
泰国辣鸡汁瓶	食品
彩花把	食品
蒜薹	食品
椰子汁	食品
牛腩	食品
干巴	食品
高邮董糖	食品
墨西哥辣椒	食品
袖珍茄子	食品
大莲花白	食品
后腿瘦肉	食品
榨菜	食品
奥古斯特葡萄	食品
尖蜜拉	食品
红鹰牌海底鸡	食品
树花菜	食品
四鲜烤麸罐头	食品
彩色大椒	食品
酸豆	食品
肘子	食品
枸杞叶	食品
散装榨菜丝件	食品
锦珍豆瓣酱桶	食品
北丰	食品
干豆腐	食品
波波糖	食品
红车厘子瓶	食品
香菜	食品
腐竹	食品
芹菜	食品
沙纸张	食品
粤秀八号黄瓜	食品
小猪脚	食品
李锦记蒜蓉酱瓶	食品
滨城苦瓜	食品
李锦记柱候酱瓶	食品
矮箕青	食品
新杂一号	食品
内江药疗蜜饯	食品
牛舌	食品
南乳瓶	食品
去皮青笋	食品
白菜	食品
金瓜	食品
山霉	食品
糖水荔枝罐头	食品
三文治火腿块	食品
小青菜	食品
鲁花花生油桶	食品
小京白菜	食品
黄杞子	食品
彩色大白菜	食品
山梨	食品
黄胡萝卜	食品
驴肉	食品
进口鸡翅	食品
低糖蜜饯	食品
本地生菜	食品
香蕉西葫芦	食品
长水腌菜	食品
玲珑脆	食品
霍香	食品
双低油菜	食品
桃驳李	食品
红莲蓉	食品
蔬菜制品	食品
贡橘	食品
芫茜粉包	食品
大叶枣	食品
葡萄汁	食品
奶油花生糖	食品
冬瓜	食品
其他食用油	食品
珍珠鸡	食品
护色剂	食品
拟叶	食品
茶饮料	食品
猪尾	食品
鲜干豆	食品
圆豆	食品
盐焗鸡粉盒	食品
沙糖桔	食品
速冻豌豆	食品
晋酥梨	食品
玉溪水晶蜜饯	食品
糖浆	食品
杏核	食品
国产猕猴桃	食品
魁绿猕猴桃	食品
新豆腐皮	食品
茶叶	食品
布鲁诺猕猴桃	食品
小黄瓜	食品
豆瓣酱桶	食品
紫甘蓝	食品
鹌鹑蛋面包	食品
红毛丹	食品
开县锦橙	食品
线杂一号	食品
腰花	食品
橙	食品
糖水洋梨罐头	食品
狮牌吉士粉桶	食品
白萝卜	食品
面包改良剂包	食品
龙骨	食品
家乐辣鲜露瓶	食品
中甘九号	食品
苹果沙司罐头	食品
黑鲢鱼	食品
奶白菜	食品
蜜制品	食品
带皮青笋	食品
绍兴菱	食品
水果	食品
皱叶甘蓝	食品
黄豆芽	食品
江北花生粘	食品
龙凤花卷袋	食品
饵丝	食品
苦凉菜	食品
水果苤蓝	食品
美容	食品
水八鲜	食品
糟辣子	食品
连城地瓜干	食品
桂花楂糕	食品
海沃德猕猴桃	食品
穿穹菜	食品
煮白云豆	食品
细尖椒	食品
黑葡萄	食品
仔排骨	食品
京玉葡萄	食品
田笋	食品
油麦	食品
苹果脯和核桃仁罐头	食品
大石四季仔	食品
平菇	食品
莴笋	食品
中青一号	食品
武植三号	食品
其他保健食品	食品
休闲食品	食品
员工海带丝	食品
贝类	食品
三象牌钻米粉包	食品
竹笋听	食品
苏式蜜饯	食品
中菜罐头	食品
菜子油	食品
西藏红葱	食品
五爪苹果	食品
奉节晚橙	食品
球茎甘蓝	食品
泡豆角	食品
补血	食品
东方神剑辣椒	食品
番西	食品
藏红花菜	食品
碧龙一号	食品
沅陵酥糖	食品
木瓜件	食品
牛肉	食品
芸丰架豆	食品
热带水果鸡蛋果	食品
苦瓠	食品
牛肉球	食品
广东凉瓜	食品
大韭菜	食品
黄瓜留种	食品
咸蛋黄板	食品
香芋	食品
茭白	食品
椰枣	食品
菜花	食品
榨菜袋	食品
咖俐果	食品
柑桔皮	食品
老生姜	食品
蛤蚧	食品
汁瓶	食品
白橙糖	食品
筒子骨	食品
超康美	食品
熟芝麻酱	食品
水萝卜条	食品
金华火腿	食品
花茶	食品
豆豉鲮鱼听	食品
棠梨花	食品
花菜类	食品
芝麻菜	食品
胶州大白菜	食品
鲜冬菇	食品
正义纯猪油桶	食品
榛子	食品
糖米花和糯米饼	食品
启波特雷辣椒	食品
盐小包	食品
猪肉蔬菜卷饼	食品
虾片盒	食品
菜籽油	食品
广东丝瓜	食品
米面类	食品
多塞特纳加	食品
唐山秋瓜	食品
冰片糖	食品
西洋菜	食品
泰国鱼露瓶	食品
夏秋红萝卜	食品
大黄茎	食品
绿茶	食品
小金瓜	食品
红枣	食品
泡姜片	食品
仔姜	食品
青岛架豆	食品
李锦记蒸鱼豉油瓶	食品
五彩胡萝卜	食品
广灵五香瓜子	食品
豌豆粉	食品
甜瓜茎	食品
南瓜	食品
干木耳	食品
灯笼果	食品
夏威夷木瓜	食品
石榴花	食品
台农选三号	食品
减肥	食品
宾川脐橙	食品
鸡精袋	食品
无根豆芽	食品
清水鲜人参罐头	食品
鲮鱼罐头	食品
朝优四号	食品
高桩红皮洋葱	食品
李锦记排骨酱瓶	食品
脆豆腐	食品
板蓝根	食品
老土鸡	食品
茴香尖	食品
上海青	食品
大葱	食品
黑莓	食品
沙姜粉包	食品
红凤菜	食品
茄子渣	食品
红细尖椒	食品
冻沙松尖	食品
瓢儿菜	食品
白花	食品
龙口粉丝袋	食品
进口红提	食品
巨丰葡萄	食品
欧查果	食品
油梨	食品
超级无核葡萄	食品
干黄豆	食品
豆苗	食品
玉米笋	食品
黄花菜	食品
西优十五号	食品
煮红豆	食品
支竹	食品
蛇瓜	食品
红啤梨	食品
皱青椒	食品
甘草粉	食品
拐枣	食品
甜面酱瓶	食品
婴奥	食品
波罗蜜	食品
栗子	食品
金丝瓜	食品
冬季生菜	食品
冰糖	食品
西红柿	食品
刺梨夹心饼干	食品
柠檬黄色素瓶	食品
覆盆子	食品
南康甜柚	食品
天麻	食品
石花菜	食品
春宝萝卜	食品
威化纸包	食品
杏仁片散	食品
金州黄桃	食品
砍花糖	食品
蒜苗	食品
广椒六号	食品
速冻韭菜	食品
折耳根叶	食品
旅游便宴罐头	食品
王菜	食品
山核桃	食品
色拉油	食品
观音莲座蕨	食品
奇异果弥猴桃	食品
李子	食品
冬枣	食品
干桑椹	食品
其他粗加工水产品	食品
鱼翅瓜	食品
苤兰	食品
黑珍珠茄子	食品
咸蛋个	食品
红背菜	食品
陕北红葱	食品
燕麦片	食品
鲜蘑菇	食品
参苓粉饼干	食品
赤肉	食品
青刀豆	食品
椰青	食品
鲫鱼	食品
凤梨	食品
唐排	食品
金瓜卷丹	食品
康乃馨朵	食品
姬松茸	食品
金丝蜜枣	食品
菜薹黑美丽茄子	食品
春不老	食品
巍山蜜饯	食品
沙梨	食品
秦酥梨	食品
曲边线蕨	食品
蒜米	食品
韭葱	食品
粟子	食品
蚕蛹罐头	食品
蔬菜大棚	食品
伽师瓜	食品
腌鸡	食品
粤选一号	食品
冕宁红萝卜	食品
山楂饴糖	食品
厚皮甜瓜	食品
瓜类	食品
鲜西芹	食品
厦门鱼皮花生	食品
炒货类	食品
符离鸡罐头	食品
杏	食品
红牛皮菜	食品
江津米花糖	食品
金手指葡萄	食品
枣子	食品
白糖李	食品
瓠瓜	食品
百草梨膏糖	食品
分蘖洋葱	食品
长岛海鲜罐头	食品
凉拌五彩粉皮	食品
西生菜球生菜	食品
兰撒	食品
四川红桔	食品
黑美丽茄子	食品
香茅	食品
泡椒	食品
金桔	食品
杏子	食品
瀛州金瓜	食品
芜菁甘蓝	食品
带皮白蒜	食品
金象面粉袋	食品
鲜茶树菇	食品
包菜	食品
红小米辣	食品
玉米	食品
清城竹笋	食品
西元西	食品
鸡腿	食品
金芥	食品
海带丝	食品
李锦记精选生抽桶	食品
劲霸牛肉汁瓶	食品
脱水蔬菜	食品
木瓜	食品
桶柑	食品
梧州蜜枣	食品
朝优六号	食品
猪耳朵	食品
水发牛白叶	食品
双汇火腿肠件	食品
金丝琥珀蜜枣	食品
扬州长白芹	食品
郫县豆瓣酱桶装	食品
皱皮椒	食品
补骨饼干	食品
秋葵	食品
早小菊	食品
养肾	食品
老干妈油豆豉瓶	食品
豆腐丝	食品
葡萄柚	食品
嫩豆腐	食品
大背白	食品
奶酪软糖	食品
雪碧瓶	食品
姜饼瓜	食品
酒心巧克力	食品
空心菜通菜	食品
白花豆	食品
瓠瓜留种	食品
长生铁角蕨	食品
红皮萝卜	食品
白果味膏桶	食品
包浆豆腐条	食品
蒜苔	食品
丝瓜	食品
猪肉	食品
劲霸橙汁瓶	食品
小豆羹	食品
花椒叶	食品
带皮前腿肉	食品
淀粉软糖	食品
甜杂二号	食品
窝窝头袋	食品
砍瓜	食品
鸡脯肉	食品
脊肉	食品
酸浆	食品
大茄子	食品
水豆花	食品
椰奶	食品
赞皇大枣	食品
美国无架豇豆	食品
威宁大黄梨	食品
金桃猕猴桃	食品
保健酒	食品
净笋头	食品
牛背筋	食品
三象牌糯米粉包	食品
廉价	食品
西厨海带丝	食品
杨梅罐头	食品
灯珠花	食品
酒水饮料	食品
海菜	食品
琅琊酥糖	食品
黑布仑	食品
呵呵	食品
盖菜	食品
海天金标生抽升	食品
苕尖	食品
其他方便食品	食品
人参果	食品
花垫纸包	食品
甜白酒	食品
迷你黄瓜	食品
芋头	食品
老抽瓶	食品
天和螺粉包	食品
豆面酥糖	食品
红皮南瓜	食品
乳扇	食品
甜菜	食品
春丰芹菜	食品
热情果	食品
黄香瓜	食品
小玫瑰把	食品
粗辣子面	食品
雀豆	食品
苦刺花	食品
秦椒	食品
臭豆腐块	食品
三白西瓜	食品
其他软饮料	食品
吸油纸张	食品
磨前腿肉	食品
汤袋个	食品
菠菜	食品
去皮荸荠	食品
毛芋头	食品
金蛇果	食品
白落葵	食品
猕猴桃	食品
干香菇	食品
磨芋豆腐	食品
塔脚生菜	食品
马蹄肉	食品
三角牌日落红包	食品
红花生米	食品
新洋芋	食品
枸杞和发菜烤麸罐头	食品
薯类	食品
散装香辣酱	食品
桃子	食品
青葱	食品
鞭杆红	食品
烤紫菜袋	食品
其他禽类	食品
滦河米糖	食品
牛尾汤罐头	食品
进口青蛇	食品
二手食品机械	食品
椪柑	食品
中杂四号	食品
豆瓣酱	食品
青蒜苗	食品
红提	食品
黄酒	食品
国产车厘子	食品
荔枝皮	食品
田鸡油软糖	食品
臭参	食品
豇豆	食品
海参皮	食品
蛋鸡	食品
小馒头个	食品
香芋饼件	食品
日本青介辣瓶	食品
月柿	食品
调味酱	食品
挂丝红莴笋	食品
小韭菜	食品
乌鸡	食品
金刚豆	食品
干牛肝菌	食品
海芦笋	食品
小芒果	食品
小香瓜	食品
增味剂	食品
福星果	食品
桑葚	食品
八步红瓜子	食品
甜白酒盒	食品
五花肉片	食品
本地苦瓜	食品
香米饵块个	食品
富硒番薯	食品
好吃来瓜子	食品
去皮毛芋头	食品
腌菜无色素	食品
苘蒿	食品
金针菇	食品
速冻面点	食品
陈蒜苔	食品
面包糖包	食品
红橙	食品
粽子糖	食品
大樱桃	食品
番茄保鲜术	食品
泡藠头	食品
水节菜	食品
桃	食品
萍乡花果	食品
南瓜饼件	食品
鲍鱼汁瓶	食品
橄榄	食品
鲜荔枝	食品
猪板油	食品
佛头果	食品
玉兰牌蛋黄圆	食品
冰豆芽	食品
瓠子	食品
黄豆腐干	食品
白芝麻	食品
禅寺丸柿	食品
七甸散装卤腐	食品
雪蛤	食品
中农十一号	食品
东升樱桃萝卜	食品
巨峰葡萄	食品
骨髓壮	食品
宜良烤鸭	食品
酸枣	食品
地耳菜	食品
绿橙	食品
香豆腐袋	食品
爱伦达尔桔	食品
新椒四号	食品
小唐菜	食品
鹅肉	食品
春白菜	食品
朱师傅果冻袋	食品
金狮奶糖	食品
巴西栗	食品
龙爪菜蕨菜	食品
灰蛋	食品
弥渡腌菜件	食品
鸡脚	食品
金花梨	食品
脆柿	食品
土司面包大条	食品
克新三号	食品
黑油椿	食品
薯片	食品
法国菜花	食品
网纹瓜	食品
羊肉	食品
卷毛韭菜	食品
洗洁精	食品
葫芦瓜	食品
晚丰	食品
源和堂蜜饯	食品
其他食品	食品
水发海带丝	食品
泰国西米瓶	食品
新的柠檬汁瓶	食品
地萝菜	食品
塘葛菜	食品
红皮青蒜	食品
翠丰丝瓜	食品
杰厨豆豉老干妈	食品
金溪藕丝糖	食品
青枣	食品
食用菌罐头	食品
布利塔长茄	食品
新黄心洋芋	食品
香豌豆花	食品
芭蕉花	食品
采芝斋糖果	食品
白洋葱	食品
冠生牌糖果	食品
新泰密刺	食品
法兰西梨	食品
红岗山桃子	食品
彩椒	食品
大红小米辣	食品
老姜	食品
白苣	食品
干豆腐皮	食品
蓝莓	食品
粉葛	食品
蔓越莓	食品
莙达莱	食品
速冻茄子	食品
日本小黄瓜	食品
西洋李子	食品
优质杏仁酥	食品
黑奥林	食品
实友泡打粉桶	食品
广东盐焗香料包	食品
青岛毒韭菜	食品
肉类	食品
瑞士红苹果	食品
疗效水果罐头	食品
绍兴尖叶菠菜	食品
黄柠檬	食品
其他新鲜蔬菜	食品
红心猕猴桃	食品
广东节瓜	食品
酸蘑罐头	食品
夹心饼干	食品
烧豆腐袋	食品
椰子	食品
胡辣椒粉	食品
豆腐菜	食品
五彩椒	食品
马齿菜	食品
万金洋葱	食品
粉苞酸脚杆	食品
巴旦杏	食品
珍珠菜	食品
进口猕猴桃	食品
玉林茶泡	食品
天哥冻鸡脚	食品
罐头食品	食品
狗肉	食品
兰花把	食品
红饭豆	食品
白蘑菇	食品
疳积糕	食品
特种蔬菜	食品
车厘茄	食品
六瓣红	食品
山花根	食品
野生荠菜	食品
鸭舌	食品
华杂四号	食品
姜丝碎泡椒	食品
金耳	食品
干制水产品	食品
无筋豆	食品
水东芥菜	食品
抗氧化剂	食品
金糕	食品
黄河密甜瓜	食品
万宝丝瓜	食品
乳突球属豆腐菜	食品
冰糖橙	食品
罗马花椰菜	食品
霞多丽	食品
李派林急汁瓶	食品
普宁豆酱瓶	食品
望都辣椒	食品
果酱	食品
家兔	食品
特惠哈密瓜	食品
紫圆	食品
方便食品	食品
绿车厘子瓶	食品
泡子藕	食品
小馒头袋	食品
细菜	食品
油麦菜	食品
百折酥糖	食品
青岛高粱饴	食品
泡高原绿小米辣件	食品
秋丰	食品
红皱青椒	食品
鲜沙松尖	食品
提子	食品
饮料	食品
糖类	食品
苦子果	食品
刺齿贯众	食品
怪味胡豆	食品
十月红一号	食品
半红半绿苹果	食品
泡绿小米辣	食品
文山鸡	食品
黑枣	食品
南北杏	食品
调和油	食品
海选一号	食品
新鲜	食品
海水蔬菜	食品
有机蔬菜蒜薹	食品
荚豆	食品
魔芋豆腐	食品
水产罐头	食品
红洋葱	食品
松花蛋个	食品
芝麻酥球	食品
广东黑宗鹅	食品
血压	食品
水豆腐	食品
榨菜丝袋	食品
茼蒿	食品
百香果	食品
原浆	食品
哈雷派尼奥辣椒	食品
马铃薯	食品
洋葱泥罐头	食品
牛尾汤瓶	食品
商务水果	食品
檄树	食品
野沙葱	食品
心里美	食品
乌饭子	食品
海花三号	食品
李锦记豆瓣酱瓶	食品
水发肉皮	食品
肥肉	食品
扇骨	食品
无核小葡萄	食品
肉鸡	食品
天章	食品
大白花	食品
豆薯	食品
芋头花	食品
豆芽菜黄绿	食品
沙姜	食品
巴乾	食品
泽畔藕	食品
采风四号	食品
蚕豆米	食品
风车生粉袋	食品
森林蔬菜	食品
露笋	食品
毛花猕猴桃	食品
莲藕终止叶	食品
实茎芹菜	食品
去皮包谷棒	食品
菠萝	食品
金塘李蜜饯	食品
皇帝蕉	食品
金钱肚	食品
龙眼菜	食品
赛美蓉	食品
张家港凤凰水蜜桃	食品
国产红提	食品
洋丝瓜尖	食品
桉叶糖	食品
猪蹄	食品
七甸老酱	食品
泰国桔	食品
厥根粉袋	食品
芝麻油	食品
空心菜	食品
干梅子	食品
大香菜	食品
泡豇豆	食品
康乃馨把	食品
面粉	食品
深加工类	食品
香辣酱桶装	食品
西优如意	食品
日本豆腐	食品
乳制品	食品
香辣酱	食品
去皮后腿肉	食品
庞寨黑叶荔枝	食品
苏荠	食品
黄彩椒	食品
臭豆腐	食品
童子骨	食品
白芹	食品
白薯	食品
杀好草鱼	食品
速冻土豆	食品
鲜活水产品	食品
锦珍老抽桶	食品
甘蔗	食品
去皮五花肉	食品
茭瓜	食品
火锅面件	食品
老酱	食品
金参果中农二号	食品
花椒	食品
紫太阳花把	食品
芫茜籽	食品
盐包	食品
皖红一号	食品
潘泰甜辣鸡酱瓶	食品
黄豆调和油	食品
散装卤腐	食品
小瓜	食品
好肥肉	食品
茴子白	食品
无花果	食品
芥蓝菜	食品
酸橙	食品
沙枣	食品
广东小唐菜	食品
凉山香椿	食品
青茶	食品
天府花生	食品
四季二号	食品
茄汁瓶	食品
秋蜜桃	食品
冬春白玉萝卜	食品
茄苳	食品
苏州话梅	食品
红阳猕猴桃	食品
新姜	食品
紫茄子	食品
牛油果	食品
金魁猕猴桃	食品
墨茄子	食品
春菜	食品
徐香猕猴桃	食品
净菜	食品
老南瓜	食品
空心魁面	食品
鲜荷叶根	食品
老鸦柿	食品
草芽	食品
槟榔	食品
河曲红葱	食品
核桃花	食品
辽阳塔糖	食品
水果刀	食品
慈菇	食品
黑妹长茄	食品
铁椒一号	食品
洋兰花把	食品
全支猪脚	食品
地门玉米粒瓶	食品
荔蒲芋头	食品
斑纹鸭趾草	食品
西洋芹菜	食品
大蒜头	食品
黑天鹅葡萄	食品
菜喜	食品
鱼干鱼丝	食品
库存食品	食品
台湾香檬	食品
通山五号	食品
去皮洋芋	食品
鲜竹笋	食品
佳蔬	食品
大白兔奶糖	食品
卤肉	食品
里脊肉	食品
好磨肉	食品
袋装水果	食品
火龙果	食品
穗新一号	食品
雪菜	食品
白豆腐干	食品
中甘八号	食品
白兰瓜	食品
鳄梨	食品
瓢瓜	食品
田阳香芒	食品
鲜花椒	食品
烂果	食品
金星无核葡萄	食品
酸笋丝	食品
秋棚一号	食品
儿菜	食品
李属	食品
菜豌豆	食品
华盛顿脐橙	食品
陕油六号	食品
马蹄	食品
蒲江猪油米花糖	食品
云腿奶糖	食品
三宝柑	食品
山嵛菜	食品
肉鸽	食品
果蔬汁	食品
雪岭花椰菜	食品
香芹	食品
光鸭	食品
新红胡萝卜	食品
大蒜米	食品
泥藕	食品
带皮茭瓜	食品
软饮料	食品
荠菜	食品
杜任酥糖	食品
青笋	食品
食品	食品
泥鳅小	食品
奉节脐橙	食品
白皮青蒜	食品
伊面包	食品
紫芥兰	食品
南丰蜜桔	食品
芜荽	食品
白皮青笋	食品
椰菜	食品
水蜜桃	食品
日本盛清酒瓶	食品
枣树	食品
丰脐	食品
速冻芋头	食品
阳江豆豉盒	食品
刺果番荔枝	食品
心型桔子	食品
瑞安白银豆	食品
蔓菁	食品
哈密瓜	食品
紫罗兰把	食品
生鲜水果	食品
羊乳饼	食品
饲料土鸡	食品
浜育	食品
刺五加	食品
水红菱	食品
东风菜	食品
万人迷辣椒油瓶	食品
热冬果	食品
佳粉十七号	食品
锁阳	食品
界荠	食品
弥渡腌菜	食品
弥猴桃	食品
茶树菇	食品
冬笋	食品
四季豆	食品
山药	食品
津选优一号黄瓜	食品
泡高原红小米辣件	食品
芸豆	食品
蜂蜜麻糖	食品
黄桃罐头	食品
鲜沙姜	食品
芹芽	食品
楚红猕猴桃	食品
秋实西芹	食品
双汇午餐肉三文治	食品
店集芹菜	食品
米线	食品
系选美白洋葱	食品
蔬菜罐头	食品
青梗落葵	食品
寿光蔬菜	食品
老鸭	食品
大元	食品
补血酥糖	食品
歌海娜	食品
美玫面粉袋	食品
罗拔鱼胶粉桶	食品
青梗菜	食品
白玉兰饺子面粉袋	食品
皇宫牛肉软罐头	食品
草龙珠	食品
鸭蛋个	食品
大米	食品
津南实芹一号	食品
高粱	食品
联财	食品
大花鲢鱼头	食品
干巴菌拌韭菜花	食品
小黄姜	食品
五字牌桔子硬糖	食品
严州雪梨	食品
香蕉三文鱼卷	食品
江帆牌巧克力酒心糖	食品
黑梅	食品
烟台苹果	食品
白香瓜	食品
番茄	食品
西瓜酱罐头	食品
重庆芝麻片	食品
带皮荸荠	食品
萝卜花	食品
黄皮	食品
黑樱桃	食品
面包	食品
香酥全鸡和烤全鸭罐头	食品
甜面酱	食品
李杏	食品
意大利粉包	食品
鄂猕猴桃三号	食品
黑茶	食品
剥皮板栗	食品
红糖米花糖	食品
无筋四季豆	食品
冬雪圆根萝卜	食品
繁穗苋	食品
臭豆腐小块	食品
冰冻鲜鱿鱼	食品
萝卜叶	食品
内蒙古自治区	食品
腩排	食品
改善视力	食品
太平大蒜	食品
干银耳	食品
乳黄瓜	食品
海天金标生抽瓶	食品
甘蓝	食品
永丰藤蕹	食品
金针菇包	食品
野母鸡	食品
绿小米菜	食品
野生菜类	食品
其他粮食	食品
盛丽辣椒	食品
酸度调节剂	食品
豪吉鸡精包	食品
茴香	食品
伯芬维拉桔	食品
苕粉	食品
紫糯米	食品
金龙花生油桶	食品
带皮毛豆	食品
拉皮	食品
枸杞子	食品
熟红豆	食品
李锦记叉烧酱瓶	食品
老母鸡	食品
北京米花糖	食品
大干木耳	食品
碳酸饮料	食品
其他糖类	食品
速冻辣椒	食品
红乳葡萄	食品
干辣椒	食品
黄豆腐	食品
红辣椒	食品
普通鹅掌件	食品
美人椒	食品
苤蓝	食品
甜杂一号	食品
鸡胗	食品
净西兰花	食品
黒椒碎甄想记瓶	食品
橙子	食品
西洋梨	食品
骨牌蕨	食品
紫背菜	食品
猴头菇	食品
小核桂圆	食品
虎掌菌	食品
贡菜	食品
紫莲花白	食品
带皮独蒜	食品
香椿	食品
红茶	食品
棒棒菜	食品
黑木耳最好	食品
当归	食品
青柠檬	食品
其他蔬菜制品	食品
农牧渔类	食品
木耳菜	食品
廉州桂圆肉	食品
吐鲁番红葡萄	食品
坚果仁	食品
蟠桃	食品
法香	食品
洋鸡蛋件	食品
红豆酱	食品
甘青宁新藏五省区	食品
家乐牌鲜露瓶	食品
早美酥梨	食品
卡姆果	食品
甜百香果	食品
鲜豌豆米	食品
土菌	食品
西瓜	食品
金桔花	食品
散装白酒	食品
什锦酱	食品
王守义孜然粉包	食品
风味豆豉	食品
三头百合	食品
小豆芽	食品
水晶软糖	食品
棒菜	食品
苦芒菜	食品
鲜山药	食品
和田红葡萄	食品
沙棘果	食品
灵芝	食品
鲜柠檬	食品
蛋形巧克力	食品
沙芥菜	食品
冬虫夏草	食品
金星果	食品
柑橘	食品
粗米线	食品
竹荪	食品
南京红皮洋葱	食品
芋头仔	食品
油桃	食品
净板油	食品
卤豆腐干	食品
板豆腐	食品
姜豆豉	食品
方菜	食品
着色剂	食品
本地鸡翅	食品
盐蛋个	食品
白玉春	食品
坚硬	食品
紫皮红薯	食品
广式蜜饯	食品
冬果梨	食品
蜂王软糖	食品
沙松尖	食品
妈妈蔬菜蛋卷	食品
沙田柚	食品
豌豆芽	食品
丰绿猕猴桃	食品
高犹它芹菜	食品
黄姜	食品
甜角	食品
其他鲜活水产品	食品
猴腿菜	食品
鲜鸡油	食品
思念油条	食品
蜂窝肚	食品
辉渠镇	食品
酸菜鱼佐料	食品
树瓜	食品
鱼皮花生	食品
兰花	食品
龙骨菜	食品
广西壮族自治区	食品
尾骨	食品
速冻蒜苔	食品
后腿肉磨	食品
陈皮	食品
沂南黄瓜	食品
华红脐橙	食品
果露酒	食品
紫星	食品
鸡腿件	食品
牛油	食品
宁乡蜜饯	食品
葡萄酒	食品
榴梿属	食品
本地香肠	食品
猪舌	食品
芜箐	食品
绥阳空心面	食品
带壳蚕豆	食品
生猪口条	食品
大豆色拉油	食品
玉米生粉	食品
金龙鱼调和油	食品
化妆水果	食品
白灵菇	食品
紫珍香葡萄	食品
面茭瓜	食品
洋辣椒	食品
中农六号	食品
三花淡奶包	食品
水香菜	食品
宁油十六号	食品
中江挂面	食品
紫菜包	食品
虾类	食品
金钻甜奶油瓶	食品
梨子	食品
杏鲍菇	食品
复果	食品
核桃仁包	食品
南姜	食品
鹅莓	食品
进口车厘子	食品
阳高杏脯	食品
护肝	食品
小烧豆腐	食品
百合罐头	食品
青笋尖	食品
肉干肉脯	食品
五花肉	食品
三华李	食品
杏圆饼干	食品
国产芒果	食品
八角	食品
白果肉包	食品
长腌菜	食品
纳溪泡糖	食品
杭椒	食品
青梅	食品
独蒜米	食品
大红椒	食品
家乐栗粉包	食品
合川桃片	食品
滑菇	食品
胖豆芽	食品
肺菜	食品
南瓜尖	食品
柠檬	食品
武穴酥糖	食品
根韭	食品
干大葱	食品
水发竹笋丝	食品
青尖椒	食品
霸王花	食品
脐橙	食品
特选二号	食品
肉罐头	食品
折耳根	食品
姜柄瓜	食品
后腿肉片	食品
长春大型春萝卜	食品
冰糖葫芦	食品
香蕉	食品
包谷米	食品
建淋弥渡腌菜袋	食品
青花菜	食品
奥巴马椰枣	食品
泡大蒜	食品
口孜大蒜	食品
小苦菜	食品
雁翎笋	食品
乳饼	食品
干猴头菇	食品
超人一号	食品
佛手瓜	食品
中猕一号	食品
鲜香菇	食品
泡大蒜件	食品
魔鬼辣椒	食品
红玫瑰	食品
酸菜鱼佐料件	食品
速冻嫩蚕豆	食品
白茶	食品
速冻南瓜	食品
韩国幼砂糖	食品
鸡油	食品
阳信鸭梨	食品
猪粉肠	食品
三文治火腿条	食品
鹌鹑蛋罐头	食品
朝优一号	食品
黎红花椒油瓶	食品
香橼	食品
天津糕条	食品
红尖椒	食品
津椒三号	食品
巴哈宁哈脐橙	食品
酸浆豆腐	食品
千金洋葱	食品
泰国朝天椒	食品
蛋糕挤花袋包	食品
青蒜叶	食品
广合腐乳瓶	食品
蜜豆	食品
恭城柿饼	食品
硬齿猕猴桃	食品
八宝饭个	食品
荇菜	食品
杀好鱿鱼	食品
美国香瓜	食品
攀枝花	食品
野甜菜	食品
甘蓝菜	食品
山楂果	食品
蟹类	食品
猪小肠	食品
广味香肠	食品
进口青提	食品
水生菜类	食品
磨后腿肉	食品
茂谷柑	食品
尖叶笋	食品
昭通酱	食品
荷兰雪球	食品
中青二号	食品
蚕豆	食品
米勒葡萄	食品
生猪耳	食品
斧头食粉袋	食品
紫苏	食品
其他休闲食品	食品
三黄鸡	食品
蒸肉粉袋	食品
川贝柠檬李	食品
卷粉	食品
豆浆袋	食品
早夏甘蓝	食品
红肉蜜柚苗	食品
哈尔滨面包	食品
袋装鲜百合	食品
北京紫皮洋葱	食品
樱桃	食品
冷冻蔬菜	食品
日本生鱼寿司酱油瓶	食品
冰花酸梅酱瓶	食品
新鲜甜笋	食品
养心菜	食品
八月酥梨	食品
粗加工水产品	食品
柑桔	食品
野山椒瓶	食品
金雀花	食品
甜橙	食品
藻类	食品
小米	食品
浅水藕	食品
泡红椒	食品
车轮黄奶油桶	食品
干果类	食品
花鲢鱼头	食品
紫梅软糖和大虾糖	食品
长酸菜	食品
妙多咖喱膏瓶	食品
去皮老姜	食品
统管糖	食品
白凉粉	食品
汤池老酱	食品
红豆沙	食品
豆芽去头尾	食品
猪耳	食品
红生菜	食品
羊角菜	食品
沙棘	食品
粉丝	食品
粉皮	食品
芝麻花	食品
水蜜桃罐头瓶	食品
芽菜	食品
其他茶叶	食品
蔡家坡紫皮大蒜	食品
马蹄菜	食品
化核加应子	食品
去皮山药	食品
韭黄	食品
五香熟芥	食品
冬瓜糖	食品
干沙姜	食品
翠玉猕猴桃	食品
水发木耳	食品
瓯柑	食品
鹌鹑蛋	食品
香蕉皮	食品
苹果汁	食品
小樱桃红皮萝卜	食品
饮用水	食品
捧瓜	食品
海天草菇老抽升	食品
彩色土豆	食品
香梨	食品
苕酥糖	食品
内酯豆腐盒	食品
鹿肉	食品
乳羊	食品
带绿荔枝	食品
星湖麦芽粉包	食品
内江蜜饯	食品
虫眼菜	食品
鲜百合	食品
嫩小苦菜	食品
海带块	食品
丰水梨	食品
水果罐头	食品
醋粟	食品
啤酒	食品
广芥兰	食品
韭菜	食品
椰子酱和椰子糖	食品
紫色番薯	食品
彭村芥菜	食品
长茄一号	食品
羊奶子	食品
草菇	食品
强儿钙	食品
草鱼	食品
水蕨菜	食品
调味品	食品
荷兰春早花椰菜	食品
海白菜	食品
新奇士橙	食品
稻谷	食品
宣城蜜枣	食品
甲鱼裙边	食品
应季水果	食品
肠子	食品
紫葛叶	食品
大核桂圆	食品
榅桲	食品
速溶茶	食品
汴红一号	食品
小圆筒	食品
清江椪柑	食品
速冻蘑菇	食品
欧盟一号	食品
花生	食品
绿豆	食品
新奇爆米花	食品
净后腿肉	食品
鱼类	食品
软毛甜猕猴桃	食品
龙门年桔	食品
白糖	食品
蛇豆角	食品
胡椒粉	食品
咸味奶油糖	食品
火鸡	食品
水腌菜	食品
红菜苔	食品
青豆角	食品
多味香辣酱桶装	食品
日本大叶菠菜	食品
水萝卜丝	食品
动物油	食品
方便面	食品
火焰菜	食品
佛手柑	食品
香沙芋	食品
后腿肉	食品
淀粉袋	食品
红瑞宝	食品
茶藨子科	食品
煮刀豆	食品
芭蕉叶	食品
土鸭	食品
杏肉	食品
双喜泡打粉桶	食品
保鲜膜进口	食品
高山椒	食品
太太乐味粉包	食品
香笋	食品
娃娃菜袋	食品
宝丰豇豆	食品
鸡肉精膏瓶	食品
豆腐干	食品
奶粉袋	食品
薤白	食品
保健茶	食品
鸭肉	食品
小尖椒	食品
白兰地酒	食品
酸莓	食品
裸仁金瓜	食品
双鹤玫瑰露酒瓶	食品
小苦瓜	食品
苹果皮	食品
白心洋芋	食品
鸭珍	食品
姜糖	食品
带刺小黄瓜	食品
水发猪黄喉	食品
枸杞	食品
青小米辣	食品
荔浦芋头	食品
山竹	食品
冲饮品	食品
甜味剂	食品
石膏粉	食品
碧杉	食品
猪血	食品
红糖散	食品
中国名菜软罐头	食品
蛋黄果	食品
国泰牌鸡精袋	食品
什锦南糖	食品
晚红葡萄	食品
八瓜	食品
蘑菇	食品
大顶苦瓜	食品
竹丝鸡	食品
鸡脚仔	食品
腌小白鱼	食品
三七菜	食品
改善胃肠	食品
漂白水	食品
黄小番茄	食品
白花菜	食品
芦篙	食品
家乐蒜香粉包	食品
水果商	食品
红薯	食品
增稠剂	食品
周口宴席套菜罐头	食品
岳南泡糖	食品
细腌菜	食品
春优五号黄瓜	食品
腌菜包	食品
禽蛋	食品
熊猫牌炼乳瓶	食品
菊花菜	食品
墨科特桔橙	食品
中椒六号辣椒	食品
茨菰	食品
红皮荸荠	食品
广东米酒瓶	食品
长豆角	食品
天府花生酥糖	食品
日本柚子	食品
进口鹅掌件	食品
竹笋丝	食品
秘鲁番荔枝	食品
食珍桔红糕	食品
窝丝糖	食品
尖椒	食品
山莓	食品
辣子尖	食品
砀山梨	食品
白金针菇	食品
西优五号	食品
速冻豇豆	食品
飘香鸡只	食品
麦金托什红苹果	食品
家乐浓缩鸡汁瓶	食品
小葱	食品
相思菜	食品
美极鲜味汁瓶	食品
豆腐	食品
马水桔	食品
乌江榨菜小包	食品
麻酥糖	食品
干葱头	食品
口罩盒	食品
圣女果	食品
皖油十四号	食品
南果梨	食品
西梅	食品
臭菜	食品
排骨肉	食品
酸豆角	食品
呈贡宝珠梨	食品
一般的肥肉	食品
净瘦肉	食品
香茅草	食品
玉兰片	食品
飞碟瓜	食品
纽荷尔脐橙	食品
调节血脂	食品
广东南姜	食品
茄子	食品
麒福礼盒	食品
坚果	食品
绵竹桔片冻糖	食品
蜜柚	食品
欧斯麦蛋卷礼盒	食品
和菜罐头	食品
螺丝菜	食品
地门菠萝罐头瓶	食品
干海带	食品
酸菜	食品
湛江威化饼	食品
凸椪	食品
麦芽糖瓶	食品
韭菜花干巴菌	食品
心灵美	食品
丹富士	食品
什锦酱袋装	食品
灰树花	食品
紫山药	食品
马奶葡萄	食品
水果包装	食品
白豆腐	食品
桂林辣椒酱瓶	食品
绿王	食品
紫发荞粉件	食品
紫草	食品
砂梨	食品
麦饭	食品
江西红皮洋葱	食品
仁	食品
矢富罗莎	食品
中华地参	食品
抚州水蕹	食品
其他冲饮品	食品
红胡罗卜	食品
营养饮品	食品
穗新二号苦瓜	食品
岛山米糖	食品
药酒	食品
象牙芒果	食品
绿花菜	食品
猪皮	食品
各地糖果罐头小食品	食品
生肠	食品
硒砂瓜	食品
长丝瓜	食品
咸金枣	食品
排骨	食品
丰研一号	食品
南京豆	食品
落葵	食品
克新二号	食品
干黄花菜	食品
冰冻鲜花椒	食品
龙爪葱	食品
板栗	食品
肉制品	食品
磨豉酱瓶	食品
南瓜饼	食品
乳鸽只	食品
卷丹	食品
高接梨	食品
牛干巴	食品
番木瓜	食品
新的橙汁瓶	食品
早玫瑰葡萄	食品
西葫芦	食品
小青椒	食品
分葱	食品
小蕨菜	食品
叶用甜菜	食品
大美极雀巢瓶	食品
无籽西瓜	食品
干辣子段	食品
腌藠头	食品
金牛牌奶油蛋卷	食品
海蜇皮	食品
铁椒三号	食品
沙巴珍珠	食品
葡萄	食品
北京黄皮洋葱	食品
竹笋类	食品
苍南槟榔芋	食品
其他食用菌	食品
味椒盐瓶	食品
皇帝贡橘	食品
樱桃萝卜	食品
京丰一号	食品
红糖	食品
红菜	食品
叶菜类	食品
香柠檬	食品
皖蜜猕猴桃	食品
方便粥	食品
野公鸡	食品
白糖云片糕	食品
带皮包谷棒	食品
黄芽白菜	食品
不老泉陈醋瓶	食品
蜂蜜蛋白奶糖	食品
棉花糖	食品
净肠头	食品
鲍鱼菇	食品
油葵	食品
雪莲果	食品
糯米	食品
辽椒四号	食品
三奈	食品
淀粉	食品
水果卡	食品
太和桃脯	食品
速冻芹菜	食品
核桃仁	食品
麻辣萝卜干	食品
番石榴	食品
紫苤蓝	食品
香莳萝	食品
杀好鲫鱼	食品
茯苓饼干	食品
节瓜	食品
杨梅	食品
苍山大蒜	食品
皮蛋个	食品
老干妈水豆豉	食品
笋瓜	食品
龙荔	食品
庆丰	食品
石屏豆腐	食品
柿子	食品
高达椰酱听	食品
猪肝	食品
果冻类	食品
晚棱脐橙	食品
芒果	食品
薄荷	食品
蓉油四号	食品
奶油花生米	食品
香菇	食品
鸡骨架件	食品
后肘	食品
禽类	食品
古越龙山花雕酒瓶	食品
大元须	食品
芭蕉	食品
无核桔	食品
砂糖	食品
劲霸鸡肉汁瓶	食品
腐乳瓶	食品
激素水果	食品
李锦记虾酱瓶	食品
金公主	食品
野生荔枝	食品
狮子王球	食品
日本豆腐件	食品
高粱饴糖	食品
猪手	食品
奶桃	食品
菜薹	食品
虫草花	食品
其他肉类	食品
冲菜	食品
速冻胡萝卜	食品
漂白剂	食品
鲤鱼	食品
野苋	食品
地骷髅	食品
奶油球糖和荔枝硬糖	食品
玉田大白菜	食品
毛叶枣	食品
中农七号	食品
豆芽	食品
其他食品添加剂	食品
白豆蔻	食品
洋丝瓜	食品
卷心菜	食品
冷饮	食品
红肉苹果	食品
赛克赛斯西芹	食品
散叶荠菜	食品
南国梨	食品
香干	食品
羊肚菌	食品
蔬菜春卷	食品
龙眼	食品
福建黄皮洋葱	食品
甜脆豌豆	食品
牛皮菜	食品
老婆饼	食品
橙红色素瓶	食品
糖果	食品
什锦酱罐装	食品
甲鱼	食品
白鲢鱼	食品
芝麻酥心糖	食品
蕹菜	食品
中国蔬菜	食品
花牛苹果	食品
寿森炎	食品
罗岗话梅	食品
豆油	食品
带皮老姜	食品
双桥牌味精	食品
鹅肠	食品
昆仑紫瓜	食品
桥本温州蜜柑	食品
木耳	食品
圣女番茄	食品
干茶树菇	食品
一串铃冬瓜三号	食品
鸳鸯夹心饼	食品
白凤菌	食品
石屏豆腐块	食品
白花生米	食品
毛豆	食品
茉莉花	食品
鸡精	食品
中蔬五号	食品
泡姜	食品
香豆腐	食品
胡襄芹菜	食品
黄豆	食品
小莲花白	食品
陈村枧水桶	食品
大葱蘸酱	食品
石榴	食品
米粉	食品
土鸡蛋	食品
黄灯笼椒	食品
春菠菜	食品
富川蜜枣	食品
鸭蛋	食品
威士忌酒	食品
红小米菜	食品
卷毛韭黄	食品
香柳	食品
甜脆豌豆米	食品
小米菜	食品
莴苣	食品
旅游罐头	食品
奥山红宝石	食品
竹溪二号	食品
简加工类	食品
去壳蚕豆	食品
速冻香菜	食品
劲霸柠檬汁瓶	食品
黄茶	食品
花椰菜	食品
熟猪口条	食品
靖县蜜饯	食品
大水桃洋葱	食品
孟津梨	食品
白梗芋	食品
香菇肉酱罐头	食品
慈埠镇	食品
橘子	食品
桔橙七号	食品
酸菜件	食品
豆荚类	食品
南宁肉丝瓜	食品
萝卜	食品
大龟甲万酱油瓶	食品
蒜香骨包	食品
辽宁骨髓浸膏瓶	食品
带皮花生	食品
小孩酥糖	食品
方糖	食品
赖葡萄	食品
临洮酥糖	食品
香炉瓜	食品
青蚕豆米	食品
凤凰山水蜜桃	食品
食用仙人掌	食品
荔蒿	食品
李锦记旧庄耗油瓶	食品
特级冬枣	食品
小刀鸭生	食品
黎蒿	食品
功能饮料	食品
韭菜根	食品
雀巢奶粉包	食品
什锦米饭罐头	食品
萝卜干	食品
圆杆苦菜	食品
西兰花	食品
肉松面包	食品
北京蜜饯果脯	食品
茶花鸡只	食品
香叶	食品
脆骨	食品
玉米棒水果	食品
无花边生菜	食品
其他生鲜水果	食品
苹果核	食品
速冻菠菜	食品
廉江红橙	食品
太和豆豉	食品
香蕉软糖	食品
带枝毛豆	食品
保鲜膜国产	食品
速冻青刀豆	食品
鲜肉水饺袋	食品
黄岩桔饼	食品
寿星桔蜜饯	食品
春香	食品
超级西红柿	食品
鸡蛋	食品
明心糖	食品
黑土豆	食品
塔花菜	食品
榴莲	食品
城隍庙五香豆	食品
震远同玫瑰酥糖	食品
猫爪子	食品
师傅添加剂包	食品
香麦菜	食品
水豆豉	食品
龙须糖	食品
黄金大饼	食品
酱油	食品
胡椒粉包	食品
澳柑	食品
越蔓橘	食品
肥肠	食品
小白菜	食品
甘露子	食品
四季宝花生酱瓶	食品
香槟	食品
名酒酒心巧克力	食品
脆松糖	食品
干豆	食品
新鲜竹笋	食品
广西三黄鸡	食品
仔姑只	食品
华曦牌黄皮鸡蛋	食品
小黄花菜	食品
兰州冬果梨	食品
软浆叶	食品
本地黄瓜	食品
娃娃菜	食品
黄心洋芋	食品
川红一号萝卜	食品
春卷皮袋	食品
人工菌	食品
毛桃	食品
草果	食品
蛇豆	食品
金橘	食品
中豌二号	食品
软尾生菜	食品
夏棠一号	食品
黄瓜	食品
冻鸡翅尖	食品
绿叶薄荷糖	食品
欧洲越橘	食品
食用菌	食品
软排骨	食品
红葱头	食品
百合	食品
腌制水产品	食品
刺瓜天章	食品
散装鲜百合	食品
兔肉	食品
调味香料	食品
牛饭盒	食品
白莲蓉	食品
蔬菜	食品
甘肃紫皮洋葱	食品
猪脑花	食品
青海大红番茄	食品
天堂蔬菜	食品
长青尖椒	食品
玫瑰香	食品
花旗参	食品
棠梨花瓶	食品
补钙	食品
白水苹果	食品
通三益秋梨膏	食品
来檬	食品
杨桃	食品
绿芹菜	食品
苦瓜	食品
始兴冬菇	食品
麦类	食品
香肠	食品
保卫尔牛肉汁瓶	食品
新藤菜	食品
乌饭果	食品
根甜菜	食品
奎叶把	食品
车厘子	食品
黑心乌	食品
其他酒类	食品
体力架饼干	食品
碧松	食品
其他罐头食品	食品
进口柠檬	食品
胡芦瓜	食品
金黄蜜枣	食品
前肘	食品
秋延迟	食品
新长发糖炒栗子	食品
腌菜	食品
莳萝	食品
荆芥	食品
藕节	食品
永城辣椒	食品
辣椒	食品
黄晶果	食品
十三香盒	食品
包浆豆腐小块	食品
香辣酥袋	食品
苹果	食品
鲜百合包	食品
咖啡	食品
象山腐竹	食品
锦珍老抽瓶	食品
白诗南	食品
松花饼干	食品
黑芥	食品
蜜桔	食品
道口烧鸡罐头	食品
洋葱	食品
日本豆腐条	食品
醪糟罐头	食品
毛豆米	食品
金钩蛋卷	食品
肥田萝卜	食品
水晶掌	食品
香芋色香油瓶	食品
鲜芦笋	食品
大鸡腿芥兰	食品
胡桃	食品
山西老陈醋瓶	食品
芜菁	食品
磨盘柿子	食品
红小蔷薇把	食品
水晶花把	食品
百合花	食品
大红袍荸荠	食品
西芹	食品
其他肉制品	食品
绿苹果	食品
欧楂	食品
豆制品	食品
豆角	食品
新东阳素食面筋	食品
榴梿	食品
甜脆包谷棒	食品
鱼肚	食品
牛奶朱古力	食品
洋菠菜	食品
麦维素饼干	食品
京秀葡萄	食品
苍溪猕猴桃	食品
酸笋	食品
膨化食品	食品
山黄皮系列糖果	食品
李锦记海鲜酱瓶	食品
尖把梨	食品
野芥兰	食品
鄂猕猴桃二号	食品
上海蜜饯	食品
延缓衰老	食品
山楂	食品
南美梨	食品
凤尾鱼罐头	食品
大元西	食品
玫瑰花朵	食品
罗莎生菜	食品
小青瓜	食品
双灯牌糖果	食品
白菜苔	食品
芥饼	食品
仔排	食品
蜜利葡萄	食品
罗汉菜	食品
小金桔	食品
菠萝蜜	食品
白羽葡萄	食品
老陈醋瓶	食品
血皮菜	食品
生态小茄子	食品
云腿罐头	食品
小姬菇	食品
鸡腿菇	食品
磨盘柿	食品
防腐剂	食品
雪梨	食品
减肥话梅	食品
雪兰牛奶件	食品
玉米粒	食品
豌豆米	食品
带皮五花肉	食品
马王菜	食品
杏仁	食品
巧克力	食品
食品添加剂	食品
新鲜蔬菜	食品
金奖白兰地瓶	食品
富春大根	食品
五叶齐	食品
高墨葡萄	食品
柯子岭早芥蓝	食品
酱腌菜	食品
蜜桂花生糖	食品
罗汉笋包	食品
甜杂三号	食品
刺梨	食品
净肠头去油	食品
骨髓肝酱罐头	食品
红叶生菜	食品
其他米面类	食品
白水蜜杏	食品
苏稽米花糖	食品
软儿梨	食品
尖青椒	食品
黑大头	食品
彩色花椰菜	食品
香酥米糖	食品
酸豇豆	食品
豆腐皮鲜	食品
黑香芒果	食品
草芽尖	食品
泰国荔枝	食品
猪肚	食品
白酒	食品
速冻毛豆	食品
折叶	食品
猪肺个	食品
江津黄胡萝卜	食品
酶制剂	食品
土公鸡	食品
白凤鸡	食品
散装腌菜	食品
山阴梨	食品
佳粉十六号	食品
本地芥兰	食品
小刀烤鸭只	食品
坚果壳	食品
改善记忆	食品
树番茄	食品
去皮南瓜	食品
进口木瓜	食品
丁香	食品
晚白柚	食品
夏果袋	食品
湘莲罐头	食品
粉皮冬瓜	食品
七甸卤腐小罐	食品
腊肉	食品
五花肉磨	食品
辣椒面	食品
喜年来食品	食品
干秋白辣椒	食品
带皮蚕豆	食品
清白早黄瓜	食品
去骨鸭掌皮包	食品
百子菜	食品
净豆尖	食品
芦荟	食品
香瓜	食品
根菜类	食品
台湾椪柑	食品
红豆米	食品
勿忘我把	食品
平安果	食品
鳝鱼	食品
茄子榨	食品
家乐松肉粉包	食品
米良一号	食品
黑美人西瓜	食品
泡红小米辣	食品
菠杂十五号	食品
芦笋	食品
鸡血	食品
广东腊肉	食品
花生油	食品
糖桂花	食品
国光苹果	食品
牛建子	食品
天鹰椒	食品
红醋栗	食品
荸荠扁洋葱	食品
肥城桃	食品
潜山东风胡萝卜	食品
可可栗子糖	食品
油菜	食品
武汉软糖	食品
麦胚饼干	食品
红豆	食品
多味果	食品
疏轮大肉姜	食品
灰蛋个	食品
上海饼干	食品
水晶楂糕	食品
进口白味盐瓶	食品
牛展	食品
小冻菌	食品
鹅掌	食品
棉花糖和桔片冻糖	食品
红色包心菜	食品
小菠菜	食品
火腿	食品
千宝菜	食品
卤牛肉	食品
栗羊羹	食品
熟白云豆	食品
兴隆红果	食品
蛇皮果	食品
芷江藕心香糖	食品
玉米棒	食品
包谷酸辣子	食品
荔枝	食品
鸡冠花	食品
莼菜	食品
